products_id,products_model,products_price,products_quantity,products_weight,products_status,products_name,products_description,products_seo_url,products_head_title_tag,products_head_desc_tag,products_head_keywords_tag,categories_name,products_image,products_image_sm_1,products_image_sm_2,products_image_sm_3,products_image_sm_4,products_image_sm_5,products_image_sm_6,color,gemstone_name,grade,cut,shape,clarity_grade,luster,hardness,treatment,origin,size,approx_weight,clarity,metal_material,metal_weight,ring_size,carat_range,size_range,gold_color,watch_brand,watch_model,watch_gender,Unnamed: 42
3925,BD06162006009,499.0000,21,0.01,1,6 Cts twt. Black Diamond Lot size 3-5 mm,"Diamond lots at below wholesale prices from Alpha Imports. These all time popular lots are widely used by jewelers, designers, eBay sellers and hobbyists. Available in various size configurations. Please check the table below for more details about this lot.",,6 Cts twt. Black Diamond Lot size size 3-5 mm,6 Cts twt. Black Diamond Lot size size 3-5 mm,"6 Carats, (5-20 Pointers), Round, Black Diamonds",Diamond Deals and Steals,https://pub-f1751cc6619d4c769aceeaffe6043848.r2.dev/products/1786396470604-b8d64e1a3e19dbf691873ec7928542aedf49fe9817d0e48d2fa22d8277ee9991.gif,https://pub-f1751cc6619d4c769aceeaffe6043848.r2.dev/products/1786396470604-b8d64e1a3e19dbf691873ec7928542aedf49fe9817d0e48d2fa22d8277ee9991.gif,,,,,,Black,Black Diamond,AAA,Very Good,Round,,Very Nice,10,Treated,Africa,,6 ct.,Opaque,,,,,3-5 mm,,,,,
3928,BD06162006012,301.0000,18,0.01,1,4 Cts twt. Black Diamond Lot size 4-5 mm,"Diamond lots at below wholesale prices from Alpha Imports. These all time popular lots are widely used by jewelers, designers, eBay sellers and hobbyists. Available in various size configurations. Please check the table below for more details about this lot.",,4 Cts twt. Black Diamond Lot size 4-5 mm,4 Cts twt. Black Diamond Lot size 4-5 mm,"4 Carats, (10-25 Pointers), Round, Black Diamonds",Diamond Deals and Steals,https://pub-f1751cc6619d4c769aceeaffe6043848.r2.dev/products/1786396470604-b8d64e1a3e19dbf691873ec7928542aedf49fe9817d0e48d2fa22d8277ee9991.gif,https://pub-f1751cc6619d4c769aceeaffe6043848.r2.dev/products/1786396470604-b8d64e1a3e19dbf691873ec7928542aedf49fe9817d0e48d2fa22d8277ee9991.gif,,,,,,Black,Black Diamond,AAA,Very Good,Round,,Very Nice,10,Treated,Africa,,4 ct.,Opaque,,,,,4-5 mm,,,,,
3932,BD06162006016,701.0000,100,0.01,1,10 Cts twt. Black Diamond Lot size 6.6-9.4 mm (1.0 - 3.0 cts),"Diamond lots at below wholesale prices from Alpha Imports. These all time popular lots are widely used by jewelers, designers, eBay sellers and hobbyists. Available in various size configurations. Please check the table below for more details about this lot.",,10 Cts twt. Black Diamond Lot size 6.6-9.4 mm (1.0 - 3.0 cts),10 Cts twt. Black Diamond Lot size 6.6-9.4 mm (1.0 - 3.0 cts),"10 Carats, (1-3 Carats), Round, Black Diamonds",Diamond Deals and Steals,https://pub-f1751cc6619d4c769aceeaffe6043848.r2.dev/products/1786396470604-b8d64e1a3e19dbf691873ec7928542aedf49fe9817d0e48d2fa22d8277ee9991.gif,https://pub-f1751cc6619d4c769aceeaffe6043848.r2.dev/products/1786396470604-b8d64e1a3e19dbf691873ec7928542aedf49fe9817d0e48d2fa22d8277ee9991.gif,,,,,,Black,Black Diamond,AA,Very Good,Round,,Fine,10,Treated,Africa,,10 ct.,Opaque,,,,1.0-3 ct.,6.6-9.4 mm,,,,,
6374,CDR901,149.0000,87,0.01,1,0.50 Carats Black Diamond Ring in 14k Gold,This is a genuine black diamond ring in 14K Gold with approximately a 1/2 carat black diamond. The hottest look in jewelry Black Diamonds get their deep beauty from a special irradiation process. New trend!!,,0.50 Carats Black Diamond Ring in 14k Gold,0.50 Carats Black Diamond Ring in 14k Gold,"0.5, Carats, Black, Diamond, Ring, in, 14k, White, Gold",Engagement Solitaire Rings,https://pub-f1751cc6619d4c769aceeaffe6043848.r2.dev/products/1786396476698-b7d64c28e3a35463c1750368dd0cb08274e481b6c23f0dcf12f5e90fbc757c61.jpg,https://pub-f1751cc6619d4c769aceeaffe6043848.r2.dev/products/1786396476698-b7d64c28e3a35463c1750368dd0cb08274e481b6c23f0dcf12f5e90fbc757c61.jpg,https://pub-f1751cc6619d4c769aceeaffe6043848.r2.dev/products/1786396477767-3320ccefb6983fdf4e3a8d47bd2f81412e5c31ee984b06cbb252b6b8573e5f6e.jpg,,,,,Black,Diamond,,Brilliant,Round,,,,Irradiated,Africa,,0.50 ct.,Opaque,14K White or Yellow Gold,2 Grams,,,,,,,,
6375,CDR902,174.9900,91,0.01,1,0.75 Carats Black Diamond Ring in 14k Gold,This is a genuine black diamond ring in 14K Gold with approximately a 3/4 carat black diamond. The hottest look in jewelry Black Diamonds get their deep beauty from a special irradiation process. New trend!!,,0.75 Carats Black Diamond Ring in 14k Gold,0.75 Carats Black Diamond Ring in 14k Gold,"0.75, Carats, Black, Diamond, Ring, in, 14k, White, Gold",Engagement Solitaire Rings,https://pub-f1751cc6619d4c769aceeaffe6043848.r2.dev/products/1786396477767-3320ccefb6983fdf4e3a8d47bd2f81412e5c31ee984b06cbb252b6b8573e5f6e.jpg,https://pub-f1751cc6619d4c769aceeaffe6043848.r2.dev/products/1786396477767-3320ccefb6983fdf4e3a8d47bd2f81412e5c31ee984b06cbb252b6b8573e5f6e.jpg,https://pub-f1751cc6619d4c769aceeaffe6043848.r2.dev/products/1786396476698-b7d64c28e3a35463c1750368dd0cb08274e481b6c23f0dcf12f5e90fbc757c61.jpg,,,,,Black,Diamond,,Brilliant,Round,Opaque,,,Irradiated,Africa,6 mm,0.75 ct.,Opaque,14K White or Yellow Gold,2 Grams,,,,,,,,
6376,CDR903,199.0000,49,0.01,1,1 Carat Black Diamond Ring in 14k Gold,This is a genuine black diamond ring in 14K White Gold with approximately a one carat black diamond. The hottest look in jewelry Black Diamonds get their deep beauty from a special irradiation process. New trend!!,,1 Carats Diamond Ring in 14k White Gold,1 Carats Diamond Ring in 14k White Gold,"1, Carats, Black, Diamond, Ring, in, 14k, White, Gold",Engagement Solitaire Rings,https://pub-f1751cc6619d4c769aceeaffe6043848.r2.dev/products/1786396476698-b7d64c28e3a35463c1750368dd0cb08274e481b6c23f0dcf12f5e90fbc757c61.jpg,https://pub-f1751cc6619d4c769aceeaffe6043848.r2.dev/products/1786396476698-b7d64c28e3a35463c1750368dd0cb08274e481b6c23f0dcf12f5e90fbc757c61.jpg,https://pub-f1751cc6619d4c769aceeaffe6043848.r2.dev/products/1786396477767-3320ccefb6983fdf4e3a8d47bd2f81412e5c31ee984b06cbb252b6b8573e5f6e.jpg,,,,,Black,Diamond,,Brilliant,Round,Opaque,,,Irradiated,Africa,6.5 mm,1 ct.,Opaque,14K White or Yellow Gold,2 Grams,,,,,,,,
6377,CDR904,249.0000,83,0.01,1,1.50 Carat Black Diamond Ring in 14k Gold,This is a genuine black diamond ring in 14K dualtone gold with approximately a one and half carat black diamond. The hottest look in jewelry Black Diamonds get their deep beauty from a special irradiation process. New trend!!,,1.50 Carat Black Diamond Ring in 14k Gold,1.50 Carat Black Diamond Ring in 14k Gold,"1.50, Carat, Black, Diamond, Ring, in, 14k, Gold",Engagement Solitaire Rings,https://pub-f1751cc6619d4c769aceeaffe6043848.r2.dev/products/1786396477767-3320ccefb6983fdf4e3a8d47bd2f81412e5c31ee984b06cbb252b6b8573e5f6e.jpg,https://pub-f1751cc6619d4c769aceeaffe6043848.r2.dev/products/1786396477767-3320ccefb6983fdf4e3a8d47bd2f81412e5c31ee984b06cbb252b6b8573e5f6e.jpg,https://pub-f1751cc6619d4c769aceeaffe6043848.r2.dev/products/1786396476698-b7d64c28e3a35463c1750368dd0cb08274e481b6c23f0dcf12f5e90fbc757c61.jpg,,,,,Black,Diamond,,Brilliant,Round,Opaque,,,Irradiated,Africa,7.5 mm,1.50 ct.,Opaque,14K White or Yellow Gold,2 Grams,,,,,,,,
6378,CDR905,299.0000,5,0.01,1,2 Carat Black Diamond Ring in 14k Gold,This is a genuine black diamond ring in 14K gold with approximately a two carats black diamond. The hottest look in jewelry Black Diamonds get their deep beauty from a special irradiation process. New trend!!,,2 Carat Black Diamond Ring in 14k Gold,2 Carat Black Diamond Ring in 14k Gold,"2, Carat, Black, Diamond, Ring, in, 14k, Gold",Engagement Solitaire Rings,https://pub-f1751cc6619d4c769aceeaffe6043848.r2.dev/products/1786396476698-b7d64c28e3a35463c1750368dd0cb08274e481b6c23f0dcf12f5e90fbc757c61.jpg,https://pub-f1751cc6619d4c769aceeaffe6043848.r2.dev/products/1786396476698-b7d64c28e3a35463c1750368dd0cb08274e481b6c23f0dcf12f5e90fbc757c61.jpg,https://pub-f1751cc6619d4c769aceeaffe6043848.r2.dev/products/1786396477767-3320ccefb6983fdf4e3a8d47bd2f81412e5c31ee984b06cbb252b6b8573e5f6e.jpg,,,,,Black,Diamond,,Brilliant,Round,Opaque,,,Irradiated,Africa,8 mm,2 ct.,Opaque,14K White or Yellow Gold,2 Grams,,,,,,,,
6379,CDR906,324.9900,86,0.01,1,2.50 Carat Black Diamond Ring in 14k Gold,This is a genuine black diamond ring in 14K gold with approximately a two and half carats black diamond. The hottest look in jewelry Black Diamonds get their deep beauty from a special irradiation process. New trend!!,,2.50 Carat Black Diamond Ring in 14k Gold,2.50 Carat Black Diamond Ring in 14k Gold,"2.50, Carat, Black, Diamond, Ring, in, 14k, Gold",Engagement Solitaire Rings,https://pub-f1751cc6619d4c769aceeaffe6043848.r2.dev/products/1786396477767-3320ccefb6983fdf4e3a8d47bd2f81412e5c31ee984b06cbb252b6b8573e5f6e.jpg,https://pub-f1751cc6619d4c769aceeaffe6043848.r2.dev/products/1786396477767-3320ccefb6983fdf4e3a8d47bd2f81412e5c31ee984b06cbb252b6b8573e5f6e.jpg,https://pub-f1751cc6619d4c769aceeaffe6043848.r2.dev/products/1786396476698-b7d64c28e3a35463c1750368dd0cb08274e481b6c23f0dcf12f5e90fbc757c61.jpg,,,,,Black,Diamond,,Brilliant,Round,,,,Irradiated,Africa,9 mm,2.50 ct.,Opaque,14K White or Yellow Gold,2 Grams,,,,,,,,
6380,BDE101,149.0000,54,0.01,1,0.50 Cts Black Diamond Stud Earrings in 14k White or Yellow Gold,Large round black diamonds are the focal points of these simple yet dramatically elegant stud earrings. The dark luminous diamonds are beautifully complemented by graceful yellow gold settings.,,0.50 Carats Black Diamond Earrings in 14k White or Yellow Gold,0.50 Carats Black Diamond Earrings in 14k White or Yellow Gold,"0.50, Carats, Black, Diamond, Earrings, in, 14k, Gold, White, Yellow",Diamond Stud Earrings,https://pub-f1751cc6619d4c769aceeaffe6043848.r2.dev/products/1786396479135-142624314ff6234c15d6193851281fcf8defe62624ca8d41f10afcdb060599ea.jpg,https://pub-f1751cc6619d4c769aceeaffe6043848.r2.dev/products/1786396479135-142624314ff6234c15d6193851281fcf8defe62624ca8d41f10afcdb060599ea.jpg,,https://pub-f1751cc6619d4c769aceeaffe6043848.r2.dev/products/1786396480478-5736d84072aab95a319577cf4d732e9a781910ea33ad7dcd6eaa28fb6b609738.jpg,https://pub-f1751cc6619d4c769aceeaffe6043848.r2.dev/products/1786396481917-f5095e3e91258a74d54996da1cd4e01cd3d5041e5b6d9be838e09d50889014a5.jpg,,,Black,Diamond,Opaque,Brilliant,Round,,,,Irradiated,Africa,4 mm,0.50 ct.,,14K White or Yellow Gold,0.6 Grams,,,,,,,,
6382,BDE102,199.0000,9,0.01,1,1 Ct Black Diamond Stud Earrings in 14k White or Yellow Gold,Large round black diamonds are the focal points of these simple yet dramatically elegant stud earrings. The dark luminous diamonds are beautifully complemented by graceful yellow gold settings.,,1 Carat Black Diamond Earrings in 14k White or Yellow Gold,1 Carat Black Diamond Earrings in 14k White or Yellow Gold,"1, Carat, Black, Diamond, Earrings, in, 14k, Gold, White, Yellow",Diamond Stud Earrings,https://pub-f1751cc6619d4c769aceeaffe6043848.r2.dev/products/1786396480478-5736d84072aab95a319577cf4d732e9a781910ea33ad7dcd6eaa28fb6b609738.jpg,https://pub-f1751cc6619d4c769aceeaffe6043848.r2.dev/products/1786396480478-5736d84072aab95a319577cf4d732e9a781910ea33ad7dcd6eaa28fb6b609738.jpg,https://pub-f1751cc6619d4c769aceeaffe6043848.r2.dev/products/1786396481917-f5095e3e91258a74d54996da1cd4e01cd3d5041e5b6d9be838e09d50889014a5.jpg,https://pub-f1751cc6619d4c769aceeaffe6043848.r2.dev/products/1786396479135-142624314ff6234c15d6193851281fcf8defe62624ca8d41f10afcdb060599ea.jpg,,,,Black,Diamond,Opaque,Brilliant,Round,,,,Irradiated,Africa,5 mm,1 ct.,,14K White or Yellow Gold,1 Grams,,,,,,,,
6384,BDE103,299.0000,14,0.01,1,2 Cts Black Diamond Stud Earrings in 14k Gold,Large round black diamonds are the focal points of these simple yet dramatically elegant stud earrings. The dark luminous diamonds are beautifully complemented by graceful yellow gold settings.,,2 Carats Black Diamond Earrings in 14k Gold,2 Carats Black Diamond Earrings in 14k Gold,"2, Carats, Black, White, Diamond, Earrings, in, 14k, Gold",Diamond Stud Earrings,https://pub-f1751cc6619d4c769aceeaffe6043848.r2.dev/products/1786396479135-142624314ff6234c15d6193851281fcf8defe62624ca8d41f10afcdb060599ea.jpg,https://pub-f1751cc6619d4c769aceeaffe6043848.r2.dev/products/1786396479135-142624314ff6234c15d6193851281fcf8defe62624ca8d41f10afcdb060599ea.jpg,,https://pub-f1751cc6619d4c769aceeaffe6043848.r2.dev/products/1786396480478-5736d84072aab95a319577cf4d732e9a781910ea33ad7dcd6eaa28fb6b609738.jpg,https://pub-f1751cc6619d4c769aceeaffe6043848.r2.dev/products/1786396481917-f5095e3e91258a74d54996da1cd4e01cd3d5041e5b6d9be838e09d50889014a5.jpg,,,Black,Diamond,Opaque,Brilliant,Round,,,,Irradiated,Africa,6.5 mm,2 ct.,,14K Yellow Gold,1.5 Grams,,,,,,,,
6589,BLD8012006009,71.0000,100,0.01,1,1 Cts twt. Black Diamond Lot size 3.0-5.0 mm (0.10 - 0.50 cts),"Diamond lots at below wholesale prices from Alpha Imports. These all time popular lots are widely used by jewelers, designers, eBay sellers and hobbyists. Available in various size configurations. Please check the table below for more details about this lot.",,1 Cts twt. Black Diamond Lot size 3.0-5.0 mm (0.10 - 0.50 cts),1 Cts twt. Black Diamond Lot size 3.0-5.0 mm (0.10 - 0.50 cts),"Black Diamonds, Lot, 1 cts, in, size 3.5 mm",Diamond Deals and Steals,https://pub-f1751cc6619d4c769aceeaffe6043848.r2.dev/products/1786396483492-020f9cf216558cacf73a2d0e5dd5f0d0958d4ee89c6663e02ae565581310880e.jpg,https://pub-f1751cc6619d4c769aceeaffe6043848.r2.dev/products/1786396483492-020f9cf216558cacf73a2d0e5dd5f0d0958d4ee89c6663e02ae565581310880e.jpg,,,,,,Black,Black Diamond,AAA,Faceted,Round,,Very Nice,10,Heat Treated,Africa,,1 ct.,Opaque,,,,0.10-0.50 ct.,3-5 mm,,,,,
6604,BLD8012006024,899.0000,8,0.01,1,10 Cts twt. Black Diamond Lot size (1.00 - 1.75 cts),"Diamond lots at below wholesale prices from Alpha Imports. These all time popular lots are widely used by jewelers, designers, eBay sellers and hobbyists. Available in various size configurations. Please check the table below for more details about this lot.",,10 Cts twt. Black Diamond Lot size (1.00 - 1.75 cts),10 Cts twt. Black Diamond Lot size (1.00 - 1.75 cts),"Black Diamonds, Lot, 10 cts, in, size, 1.00 - 1.75 cts ct",Diamond Deals and Steals,https://pub-f1751cc6619d4c769aceeaffe6043848.r2.dev/products/1786396483492-020f9cf216558cacf73a2d0e5dd5f0d0958d4ee89c6663e02ae565581310880e.jpg,https://pub-f1751cc6619d4c769aceeaffe6043848.r2.dev/products/1786396483492-020f9cf216558cacf73a2d0e5dd5f0d0958d4ee89c6663e02ae565581310880e.jpg,,,,,,Black,Black Diamond,A,Very Good,Round,,Nice,10,Heat Treated,Africa,,10 ct.,Opaque,,,,1-1.75 ct.,,,,,,
6605,BLD8012006025,71.0000,42,0.01,1,1 Cts twt. Black Diamond Lot size 4.5-5.5 mm,"Diamond lots at below wholesale prices from Alpha Imports. These all time popular lots are widely used by jewelers, designers, eBay sellers and hobbyists. Available in various size configurations. Please check the table below for more details about this lot.",,1 Cts twt. Black Diamond Lot size 4.5-5.5 mm,1 Cts twt. Black Diamond Lot size 4.5-5.5 mm,"Black Diamonds, Lot, 1 ct, in, size, 4.5-5.5 mm app",Diamond Deals and Steals,https://pub-f1751cc6619d4c769aceeaffe6043848.r2.dev/products/1786396470604-b8d64e1a3e19dbf691873ec7928542aedf49fe9817d0e48d2fa22d8277ee9991.gif,https://pub-f1751cc6619d4c769aceeaffe6043848.r2.dev/products/1786396470604-b8d64e1a3e19dbf691873ec7928542aedf49fe9817d0e48d2fa22d8277ee9991.gif,,,,,,Black,Black Diamond,AAA,Very Good,Round,,Very Nice,10,Heat Treated,Africa,,1 ct.,Opaque,,,,,4.5-5.5 mm,,,,,
6607,BLD8012006027,701.0000,15,0.01,1,10 Cts twt. Black Diamond Lot size (0.75 - 1.25 cts),"Diamond lots at below wholesale prices from Alpha Imports. These all time popular lots are widely used by jewelers, designers, eBay sellers and hobbyists. Available in various size configurations. Please check the table below for more details about this lot.",,10 Cts twt. Black Diamond Lot size (0.75 - 1.25 cts),10 Cts twt. Black Diamond Lot size (0.75 - 1.25 cts),"Black Diamonds, Lot, 10 cts, in, size, 0.75 - 1.25 cts",Diamond Deals and Steals,https://pub-f1751cc6619d4c769aceeaffe6043848.r2.dev/products/1786396470604-b8d64e1a3e19dbf691873ec7928542aedf49fe9817d0e48d2fa22d8277ee9991.gif,https://pub-f1751cc6619d4c769aceeaffe6043848.r2.dev/products/1786396470604-b8d64e1a3e19dbf691873ec7928542aedf49fe9817d0e48d2fa22d8277ee9991.gif,,,,,,Black,Black Diamond,AAA,Very Good,Round,,Very Nice,10,Heat Treated,Africa,,10 ct.,Opaque,,,,0.75-1.25 ct.,,,,,,
6610,BLD8012006030,899.0000,22,0.01,1,10 Cts twt. Black Diamond Lot size 7.0-8.0 mm (1.50-2.50  cts),"Diamond lots at below wholesale prices from Alpha Imports. These all time popular lots are widely used by jewelers, designers, eBay sellers and hobbyists. Available in various size configurations. Please check the table below for more details about this lot.",,10 Cts twt. Black Diamond Lot size 7.0-8.0 mm (1.50-2.50 cts),10 Cts twt. Black Diamond Lot size 7.0-8.0 mm (1.50-2.50 cts),"Black Diamonds, Lot, 10 cts, in, size, 7-8, mm, 1.50-2.50 cts",Diamond Deals and Steals,https://pub-f1751cc6619d4c769aceeaffe6043848.r2.dev/products/1786396483492-020f9cf216558cacf73a2d0e5dd5f0d0958d4ee89c6663e02ae565581310880e.jpg,https://pub-f1751cc6619d4c769aceeaffe6043848.r2.dev/products/1786396483492-020f9cf216558cacf73a2d0e5dd5f0d0958d4ee89c6663e02ae565581310880e.jpg,,,,,,Black,Black Diamond,AAA,Very Good,Round,,Very Nice,10,Heat Treated,Africa,,10 ct.,Opaque,,,,1.50-2.50 ct.,7-8 mm,,,,,
6613,BLD8012006033,1001.0000,14,0.01,1,10 Cts twt. Black Diamond Lot size 8.0-10.0 mm (2.00 - 4.00 cts),"Diamond lots at below wholesale prices from Alpha Imports. These all time popular lots are widely used by jewelers, designers, eBay sellers and hobbyists. Available in various size configurations. Please check the table below for more details about this lot.",,10 Cts twt. Black Diamond Lot size 8.0-10.0 mm (2.00 - 4.00 cts),10 Cts twt. Black Diamond Lot size 8.0-10.0 mm (2.00 - 4.00 cts),"Black, Diamonds, Lot, 10, cts, in, size, 8-10, mm, 2-4, cts",Diamond Deals and Steals,https://pub-f1751cc6619d4c769aceeaffe6043848.r2.dev/products/1786396483492-020f9cf216558cacf73a2d0e5dd5f0d0958d4ee89c6663e02ae565581310880e.jpg,https://pub-f1751cc6619d4c769aceeaffe6043848.r2.dev/products/1786396483492-020f9cf216558cacf73a2d0e5dd5f0d0958d4ee89c6663e02ae565581310880e.jpg,,,,,,Black,Black Diamond,AA,Very Good,Round,,Very Nice,10,Heat Treated,Africa,,10 ct.,Opaque,,,,2-4 ct.,8-10 mm,,,,,
6615,BLD8012006035,99.0000,7,0.01,1,1.50 Ct Twt Black Diamond Lot size 4-6 mm (0.25 - 0.75 ct),"Diamond lots at below wholesale prices from Alpha Imports. These all time popular lots are widely used by jewelers, designers, eBay sellers and hobbyists. Available in various size configurations. Please check the table below for more details about this lot.",,1.50 Ct Twt Black Diamond Lot size 4-6 mm (0.25 - 0.75 ct),1.50 Ct Twt Black Diamond Lot size 4-6 mm (0.25 - 0.75 ct),"Black Diamonds, Lot, 1.5 cts, in, size, 4-6 mm",Diamond Deals and Steals,https://pub-f1751cc6619d4c769aceeaffe6043848.r2.dev/products/1786396483492-020f9cf216558cacf73a2d0e5dd5f0d0958d4ee89c6663e02ae565581310880e.jpg,https://pub-f1751cc6619d4c769aceeaffe6043848.r2.dev/products/1786396483492-020f9cf216558cacf73a2d0e5dd5f0d0958d4ee89c6663e02ae565581310880e.jpg,,,,,,Black,Black Diamond,AAA,Very Good,Round,,Very Nice,10,Treated,Africa,,1.50 ct.,Opaque,,,,0.25-0.75 ct.,4-6 mm,,,,,
6637,BLD8012006057,100.0000,78,0.01,1,1 Cts twt. Black Diamond Lot size 4-4.5 mm (0.30-0.40 cts),"Diamond lots at below wholesale prices from Alpha Imports. These all time popular lots are widely used by jewelers, designers, eBay sellers and hobbyists. Available in various size configurations. Please check the table below for more details about this lot.",,1 Cts twt. Black Diamond Lot size 4-4.5 mm (0.30-0.40 cts),1 Cts twt. Black Diamond Lot size 4-4.5 mm (0.30-0.40 cts),"Black Diamonds, Lot, 1 cts, in, size, 4-4.5 mm",Diamond Deals and Steals,https://pub-f1751cc6619d4c769aceeaffe6043848.r2.dev/products/1786396483492-020f9cf216558cacf73a2d0e5dd5f0d0958d4ee89c6663e02ae565581310880e.jpg,https://pub-f1751cc6619d4c769aceeaffe6043848.r2.dev/products/1786396483492-020f9cf216558cacf73a2d0e5dd5f0d0958d4ee89c6663e02ae565581310880e.jpg,,,,,,Black,Black Diamond,AAA,Very Good,Round,,Very Nice,10,Heat Treated,Africa,4-4.5 mm,1 ct.,Opaque,,,,,,,,,,
6719,SC08040601,4.9900,69,0.01,1,Silk cords 16 Inches Long without clasps in (4 Colors),"Silk Cords in Shocking Light Pink , Black, Williamsburg Blue, and Antique Gold<br />16 Inches Long without clasps. <strong>(50 Pcs per color)</strong>",,Silk cords 16 Inches Long without clasps in (4 Colors),Silk cords 16 Inches Long without clasps in (4 Colors),"Silk, cords, 16, Inches, Long., 42, Colors, clasps",Silk Cord Necklace,https://pub-f1751cc6619d4c769aceeaffe6043848.r2.dev/products/1786396512002-7c334eaf8cf0eebf3b01bda4c0ec562fbec4d0bcdad1070000def4b6700bb6fc.jpg,https://pub-f1751cc6619d4c769aceeaffe6043848.r2.dev/products/1786396512002-7c334eaf8cf0eebf3b01bda4c0ec562fbec4d0bcdad1070000def4b6700bb6fc.jpg,,,,,,Mixed,Silk Cord,,,,,,,,,,,,,,,,,,,,,
7308,DIA21,799.0000,19,0.01,1,8 Cts twt. Black Diamond Lot size 6.6-11.2 mm (1.0-5.0 cts),"Diamond lots at below wholesale prices from Alpha Imports. These all time popular lots are widely used by jewelers, designers, eBay sellers and hobbyists. Available in various size configurations. Please check the table below for more details about this lot.",,8 Cts twt. Black Diamond Lot size 6.6-11.2 mm (1.0 - 5.0 cts),8 Cts twt. Black Diamond Lot size 6.6-11.2 mm (1.0 - 5.0 cts),"8 Carats, Black, Round, Diamond, Opaque, clarity, 1-5 carats, (lot)",Diamond Deals and Steals,https://pub-f1751cc6619d4c769aceeaffe6043848.r2.dev/products/1786396483492-020f9cf216558cacf73a2d0e5dd5f0d0958d4ee89c6663e02ae565581310880e.jpg,https://pub-f1751cc6619d4c769aceeaffe6043848.r2.dev/products/1786396483492-020f9cf216558cacf73a2d0e5dd5f0d0958d4ee89c6663e02ae565581310880e.jpg,,,,,,Black,Black Diamond,Commercial,Very Good,Round,,Nice,10,Irradiated,Africa,,8 ct.,Opaque,,,,1.0-5 ct.,6.6-11.2 mm,,,,,
7520,DIA022206399,999.0000,9,0.01,1,10 Cts twt. Black Diamond Lot size 4-5 mm (0.20-0.30 cts),"Diamond lots at below wholesale prices from Alpha Imports. These all time popular lots are widely used by jewelers, designers, eBay sellers and hobbyists. Available in various size configurations. Please check the table below for more details about this lot.",,10 Cts twt. Black Diamond Lot size 4-5 mm (0.20-0.30 cts),10 Cts twt. Black Diamond Lot size 4-5 mm (0.20-0.30 cts),"10 Carats, Black, Round, Diamond, Opaque, clarity, 0.20-0.30 pointers, (lot)",Diamond Deals and Steals,https://pub-f1751cc6619d4c769aceeaffe6043848.r2.dev/products/1786396514232-e4bff242988d72624a78c105a40b92be56a6df5f785179cb2598272ddd1a976f.jpg,https://pub-f1751cc6619d4c769aceeaffe6043848.r2.dev/products/1786396514232-e4bff242988d72624a78c105a40b92be56a6df5f785179cb2598272ddd1a976f.jpg,,,,,,Black,Black Diamond,A,Very Good,Round,,Nice,10,Irradiated,Africa,,10 ct.,Opaque,,,,0.20-0.30 ct.,4-5 mm,,,,,
15077,CDR90125,129.0000,85,0.01,1,0.25 Carats Black Diamond Ring in 14k  Gold,This is a genuine black diamond ring in 14K White Gold with approximately a 1/2 carat black diamond. The hottest look in jewelry Black Diamonds get their deep beauty from a special irradiation process. New trend!!,,0.25 Carats Diamond Ring in 14k Gold,0.25 Carats Diamond Ring in 14k Gold,"0.25 Carats, Black, Diamond, Ring, 14k  Gold",Engagement Solitaire Rings,https://pub-f1751cc6619d4c769aceeaffe6043848.r2.dev/products/1786396477767-3320ccefb6983fdf4e3a8d47bd2f81412e5c31ee984b06cbb252b6b8573e5f6e.jpg,https://pub-f1751cc6619d4c769aceeaffe6043848.r2.dev/products/1786396477767-3320ccefb6983fdf4e3a8d47bd2f81412e5c31ee984b06cbb252b6b8573e5f6e.jpg,,,,,,Black,Diamond,,Brilliant,Round,Opaque,,,Irradiated,Africa,4 mm,0.25 ct.,,14K White or Yellow Gold,2 Grams,,,,,,,,
15080,DSDIA30,101.0000,43,0.01,1,2.40 Carats Black Round Diamond Commercial Grade,Originated from the mines in Africa fair luster 2.40 Carats Commercial Grade Black Round Opaque Diamond,,2.40 Carats Black Round Diamond Commercial Grade,2.40 Carats Black Round Diamond Commercial Grade,"2.4 Carats Black Round Diamond, Black Round Diamond, black diamond",Black Diamonds,https://pub-f1751cc6619d4c769aceeaffe6043848.r2.dev/products/1786396516012-33de54cd471769639aec56ae850c7ef1808d9d57ad6b8a618142908e8a2b27dc.jpg,https://pub-f1751cc6619d4c769aceeaffe6043848.r2.dev/products/1786396516012-33de54cd471769639aec56ae850c7ef1808d9d57ad6b8a618142908e8a2b27dc.jpg,,,,,,Black,Diamond,Commercial,Brilliant,Round,Opaque,Nice,10,Irradiated,Africa,,2.40 ct.,,,,,,,,,,,
16077,DS11606002,150.0000,60,0.01,1,2 Carats Black Diamond (7 mm) Commercial Grade,Originated from the mines in Africa Opaque clarity Commercial Grade Black Round Diamond in size: 7 mm (2.0 ct.),,2 Carats Black Diamond (7 mm) Commercial Grade,2 Carats Black Diamond (7 mm) Commercial Grade,"2 Carats, 7 mm, Rare, Black, Diamond",Black Diamonds,https://pub-f1751cc6619d4c769aceeaffe6043848.r2.dev/products/1786396516012-33de54cd471769639aec56ae850c7ef1808d9d57ad6b8a618142908e8a2b27dc.jpg,https://pub-f1751cc6619d4c769aceeaffe6043848.r2.dev/products/1786396516012-33de54cd471769639aec56ae850c7ef1808d9d57ad6b8a618142908e8a2b27dc.jpg,,,,,,Black,Black Diamond,Commercial,Very Good,Round,,Fair,10,,Africa,7 mm,2 ct.,Opaque,,,,,,,,,,
16150,DS120106001,24.9900,34,0.01,1,0.25 Carat Round Black Diamond,Originated from the mines in Africa Nice luster 0.25 Carats Black Round Opaque Diamond .,,0.25 Carat Round Black Diamond,0.25 Carat Round Black Diamond,"0.25, Carat, Round, Black, Diamond",Black Diamonds,https://pub-f1751cc6619d4c769aceeaffe6043848.r2.dev/products/1786396516012-33de54cd471769639aec56ae850c7ef1808d9d57ad6b8a618142908e8a2b27dc.jpg,https://pub-f1751cc6619d4c769aceeaffe6043848.r2.dev/products/1786396516012-33de54cd471769639aec56ae850c7ef1808d9d57ad6b8a618142908e8a2b27dc.jpg,,,,,,Black,Diamond,AB,Brilliant,Round,Opaque,Nice,10,Irradiated,Africa,4 mm,0.25 ct.,,,,,,,,,,,
18156,BLADL02140701,150.0000,87,0.01,1,2 Ct twt Black Diamond Lot size 4 - 4.5 mm,"Diamond lots at below wholesale prices from Alpha Imports. These all time popular lots are widely used by jewelers, designers, eBay sellers and hobbyists. Available in various size configurations. Please check the table below for more details about this lot.",,2 Cts twt. Black Diamond Lot size 4-4.5  mm,2 Cts twt. Black Diamond Lot size 4-4.5  mm,"2 Carats, (10-25 pointers), Round, Black Diamonds",Diamond Deals and Steals,https://pub-f1751cc6619d4c769aceeaffe6043848.r2.dev/products/1786396483492-020f9cf216558cacf73a2d0e5dd5f0d0958d4ee89c6663e02ae565581310880e.jpg,https://pub-f1751cc6619d4c769aceeaffe6043848.r2.dev/products/1786396483492-020f9cf216558cacf73a2d0e5dd5f0d0958d4ee89c6663e02ae565581310880e.jpg,,,,,,Black,Black Diamond,AA,Very Good,Round,,Very Nice,10,Treated,,,2 ct.,Opaque,,,,,4 - 4.5  mm,,,,,
18184,BD19020701,500.0000,41,0.01,1,2.50 Carats Black Diamond,Originated from the mines in Africa Nice Luster Opaque clarity Brilliant cut Round shape Black Diamond. Large black diamonds usually have some surface flaws. These flaws are small and negligible.,,2.50 Carats Black Diamond,2.50 Carats Black Diamond,"2.50, Carats, Black, Diamond",Black Diamonds,https://pub-f1751cc6619d4c769aceeaffe6043848.r2.dev/products/1786396517817-4f5abe8d7df57fa84d12bd6d1f8ab292b080d6832a6300c844ad8b5807ce7927.gif,https://pub-f1751cc6619d4c769aceeaffe6043848.r2.dev/products/1786396517817-4f5abe8d7df57fa84d12bd6d1f8ab292b080d6832a6300c844ad8b5807ce7927.gif,,,,,,Black,Diamond,,,Round,Opaque,,10,Irradiated,Africa,,2.50 ct.,,,,,,,,,,,
18314,ONY220207001,37.5000,10,0.01,1,30x15 mm Checker Board Long Cushion Black Onyx in Opaque Grade,Originated from the mines in Brazil Nice Luster 25 Carats Opaque Grade Black Checker Board Onyx In size: 30x15 mm.,,30x15 mm Checker Board Long Cushion Black Onyx in Opaque Grade,30x15 mm Checker Board Long Cushion Black Onyx in Opaque Grade,"30x15, mm, Checker, Board, Long, Cushion, Black, Onyx, in, Opaque, Grade",Onyx,https://pub-f1751cc6619d4c769aceeaffe6043848.r2.dev/products/1786396519389-9d1e37180f29cd59f09a4bafcc7a4febf6d47c5985c407327719b6de47537b0f.jpg,https://pub-f1751cc6619d4c769aceeaffe6043848.r2.dev/products/1786396519389-9d1e37180f29cd59f09a4bafcc7a4febf6d47c5985c407327719b6de47537b0f.jpg,,,,,,Black,Onyx,Opaque,Checker Board,Long Cushion,Opaque,Nice,7,Treated,Brasil,30x15 mm,25 ct.,,,,,,,,,,,
18315,ONY220207002,20.2500,17,0.01,1,22x12 mm Checker Board Long Cushion Black Onyx in Opaque Grade,Originated from the mines in Brazil Nice Luster 13.5 Carats Opaque Grade Black Checker Board Onyx In size: 22x12 mm.,,22x12 mm Checker Board Long Cushion Black Onyx in Opaque Grade,22x12 mm Checker Board Long Cushion Black Onyx in Opaque Grade,"22x12, mm, Checker, Board, Long, Cushion, Black, Onyx, in, Opaque, Grade",Onyx,https://pub-f1751cc6619d4c769aceeaffe6043848.r2.dev/products/1786396519389-9d1e37180f29cd59f09a4bafcc7a4febf6d47c5985c407327719b6de47537b0f.jpg,https://pub-f1751cc6619d4c769aceeaffe6043848.r2.dev/products/1786396519389-9d1e37180f29cd59f09a4bafcc7a4febf6d47c5985c407327719b6de47537b0f.jpg,,,,,,Black,Onyx,Opaque,Checker Board,Long Cushion,Opaque,Nice,7,Treated,Brasil,22x12 mm,13.5 ct.,,,,,,,,,,,
18320,ONY220207007,25.5000,64,0.01,1,30x15 mm Checker Board Long Cushion Black Onyx in Opaque Grade,Originated from the mines in Brazil Nice Luster 17 Carats Opaque Grade Black Checker Board Onyx In size: 30x15 mm.,,30x15 mm Checker Board Long Cushion Black Onyx in Opaque Grade,30x15 mm Checker Board Long Cushion Black Onyx in Opaque Grade,"30x15, mm, Checker, Board, Long, Cushion, Black, Onyx, in, Opaque, Grade",Onyx,https://pub-f1751cc6619d4c769aceeaffe6043848.r2.dev/products/1786396521295-38b4f14c917c7161fdb6143286356c242411213ac119947a06f03644a83d08e0.jpg,https://pub-f1751cc6619d4c769aceeaffe6043848.r2.dev/products/1786396521295-38b4f14c917c7161fdb6143286356c242411213ac119947a06f03644a83d08e0.jpg,,,,,,Black,Onyx,Opaque,Checker Board,Long Cushion,Opaque,Nice,7,Treated,Brasil,30x15 mm,17 ct.,,,,,,,,,,,
18321,ONY220207008,12.7500,43,0.01,1,22x12 mm Checker Board Long Cushion Black Onyx in Opaque Grade,Originated from the mines in Brazil Nice Luster 8.5 Carats Opaque Grade Black Checker Board Onyx In size: 22x12 mm.,,22x12 mm Checker Board Long Cushion Black Onyx in Opaque Grade,22x12 mm Checker Board Long Cushion Black Onyx in Opaque Grade,"22x12, mm, Checker, Board, Long, Cushion, Black, Onyx, in, Opaque, Grade",Onyx,https://pub-f1751cc6619d4c769aceeaffe6043848.r2.dev/products/1786396521295-38b4f14c917c7161fdb6143286356c242411213ac119947a06f03644a83d08e0.jpg,https://pub-f1751cc6619d4c769aceeaffe6043848.r2.dev/products/1786396521295-38b4f14c917c7161fdb6143286356c242411213ac119947a06f03644a83d08e0.jpg,,,,,,Black,Onyx,Opaque,Checker Board,Long Cushion,Opaque,Nice,7,Treated,Brasil,22x12 mm,8.5 ct.,,,,,,,,,,,
18322,ONY220207009,9.0000,2,0.01,1,18x10 mm Checker Board Long Cushion Black Onyx in Opaque Grade,Originated from the mines in Brazil Nice Luster 6 Carats Opaque Grade Black Checker Board Onyx In size: 18x10 mm.,,18x10 mm Checker Board Long Cushion Black Onyx in Opaque Grade,18x10 mm Checker Board Long Cushion Black Onyx in Opaque Grade,"18x10, mm, Checker, Board, Long, Cushion, Black, Onyx, in, Opaque, Grade",Onyx,https://pub-f1751cc6619d4c769aceeaffe6043848.r2.dev/products/1786396521295-38b4f14c917c7161fdb6143286356c242411213ac119947a06f03644a83d08e0.jpg,https://pub-f1751cc6619d4c769aceeaffe6043848.r2.dev/products/1786396521295-38b4f14c917c7161fdb6143286356c242411213ac119947a06f03644a83d08e0.jpg,,,,,,Black,Onyx,Opaque,Checker Board,Long Cushion,Opaque,Nice,7,Treated,Brasil,18x10 mm,6 ct.,,,,,,,,,,,
18323,ONY220207010,138.0000,1,0.01,1,92 Cts. Carvings Oval Black Onyx in Opaque Grade,Originated from the mines in Brazil Nice Luster 92 Carats Opaque Grade Black Carvings Onyx In size: 50x40 mm.,,50x40 mm Carvings Oval Black Onyx in Opaque Grade,50x40 mm Carvings Oval Black Onyx in Opaque Grade,"50x40, mm, Carvings, Oval, Black, Onyx, in, Opaque, Grade",Fancy Carved Gemstones,https://pub-f1751cc6619d4c769aceeaffe6043848.r2.dev/products/1786396522764-ff32d16d7127df7c38a0a2c23bfc0950eed9f7268be490e87fcdccfbd29cf142.jpg,https://pub-f1751cc6619d4c769aceeaffe6043848.r2.dev/products/1786396522764-ff32d16d7127df7c38a0a2c23bfc0950eed9f7268be490e87fcdccfbd29cf142.jpg,,,,,,Black,Onyx,Opaque,Carved,Oval,Opaque,Nice,7,Treated,Brasil,50x40 mm,92 ct.,,,,,,,,,,,
18324,ONY220207011,112.5000,4,0.01,1,40x30 mm Carvings Oval Black Onyx in Opaque Grade,Originated from the mines in Brazil Nice Luster Opaque Grade Black Carvings Onyx In size: 40x30 mm.,,40x30 mm Carvings Oval Black Onyx in Opaque Grade,40x30 mm Carvings Oval Black Onyx in Opaque Grade,"40x30, mm, Carvings, Oval, Black, Onyx, in, Opaque, Grade",Fancy Carved Gemstones,https://pub-f1751cc6619d4c769aceeaffe6043848.r2.dev/products/1786396522764-ff32d16d7127df7c38a0a2c23bfc0950eed9f7268be490e87fcdccfbd29cf142.jpg,https://pub-f1751cc6619d4c769aceeaffe6043848.r2.dev/products/1786396522764-ff32d16d7127df7c38a0a2c23bfc0950eed9f7268be490e87fcdccfbd29cf142.jpg,,,,,,Black,Onyx,Opaque,Carved,Oval,Opaque,Nice,7,Treated,Brasil,40x30 mm,,,,,,,,,,,,
18325,ONY220207012,93.1500,19,0.01,1,45x24 mm Carvings Oval Black Onyx in Opaque Grade,Originated from the mines in Brazil Nice Luster 62.1 Carats Opaque Grade Black Carvings Onyx In size: 45x24 mm.,,45x24 mm Carvings Oval Black Onyx in Opaque Grade,45x24 mm Carvings Oval Black Onyx in Opaque Grade,"45x24, mm, Carvings, Oval, Black, Onyx, in, Opaque, Grade",Fancy Carved Gemstones,https://pub-f1751cc6619d4c769aceeaffe6043848.r2.dev/products/1786396522764-ff32d16d7127df7c38a0a2c23bfc0950eed9f7268be490e87fcdccfbd29cf142.jpg,https://pub-f1751cc6619d4c769aceeaffe6043848.r2.dev/products/1786396522764-ff32d16d7127df7c38a0a2c23bfc0950eed9f7268be490e87fcdccfbd29cf142.jpg,,,,,,Black,Onyx,Opaque,Carved,Oval,Opaque,Nice,7,Treated,Brasil,45x24 mm,62.1 ct.,,,,,,,,,,,
18326,ONY220207013,52.5000,9,0.01,1,33x20 mm Carvings Oval Black Onyx in Opaque Grade,Originated from the mines in Brazil Nice Luster 35 Carats Opaque Grade Black Carvings Onyx In size: 33x20 mm.,,33x20 mm Carvings Oval Black Onyx in Opaque Grade,33x20 mm Carvings Oval Black Onyx in Opaque Grade,"33x20, mm, Carvings, Oval, Black, Onyx, in, Opaque, Grade",Fancy Carved Gemstones,https://pub-f1751cc6619d4c769aceeaffe6043848.r2.dev/products/1786396522764-ff32d16d7127df7c38a0a2c23bfc0950eed9f7268be490e87fcdccfbd29cf142.jpg,https://pub-f1751cc6619d4c769aceeaffe6043848.r2.dev/products/1786396522764-ff32d16d7127df7c38a0a2c23bfc0950eed9f7268be490e87fcdccfbd29cf142.jpg,,,,,,Black,Onyx,Opaque,Carved,Oval,Opaque,Nice,7,Treated,Brasil,33x20 mm,35 ct.,,,,,,,,,,,
18327,ONY220207014,39.0000,15,0.01,1,30x21 mm Carvings Oval Black Onyx in Opaque Grade,Originated from the mines in Brazil Nice Luster 26 Carats Opaque Grade Black Carvings Onyx In size: 30x21 mm.,,30x21 mm Carvings Oval Black Onyx in Opaque Grade,30x21 mm Carvings Oval Black Onyx in Opaque Grade,"30x21, mm, Carvings, Oval, Black, Onyx, in, Opaque, Grade",Fancy Carved Gemstones,https://pub-f1751cc6619d4c769aceeaffe6043848.r2.dev/products/1786396522764-ff32d16d7127df7c38a0a2c23bfc0950eed9f7268be490e87fcdccfbd29cf142.jpg,https://pub-f1751cc6619d4c769aceeaffe6043848.r2.dev/products/1786396522764-ff32d16d7127df7c38a0a2c23bfc0950eed9f7268be490e87fcdccfbd29cf142.jpg,,,,,,Black,Onyx,Opaque,Carved,Oval,Opaque,Nice,7,Treated,Brasil,30x21 mm,26 ct.,,,,,,,,,,,
18328,ONY220207015,36.0000,25,0.01,1,26x18 mm Carvings Oval Black Onyx in Opaque Grade,Originated from the mines in Brazil Nice Luster 24 Carats Opaque Grade Black Carvings Onyx In size: 26x18 mm.,,26x18 mm Carvings Oval Black Onyx in Opaque Grade,26x18 mm Carvings Oval Black Onyx in Opaque Grade,"26x18, mm, Carvings, Oval, Black, Onyx, in, Opaque, Grade",Fancy Carved Gemstones,https://pub-f1751cc6619d4c769aceeaffe6043848.r2.dev/products/1786396522764-ff32d16d7127df7c38a0a2c23bfc0950eed9f7268be490e87fcdccfbd29cf142.jpg,https://pub-f1751cc6619d4c769aceeaffe6043848.r2.dev/products/1786396522764-ff32d16d7127df7c38a0a2c23bfc0950eed9f7268be490e87fcdccfbd29cf142.jpg,,,,,,Black,Onyx,Opaque,Carved,Oval,Opaque,Nice,7,Treated,Brasil,26x18 mm,24 ct.,,,,,,,,,,,
18329,ONY220207016,19.5000,184,0.01,1,20x13 mm Carvings Oval Black Onyx in Opaque Grade,Originated from the mines in Brazil Nice Luster 13 Carats Opaque Grade Black Carvings Onyx In size: 20x13 mm.,,20x13 mm Carvings Oval Black Onyx in Opaque Grade,20x13 mm Carvings Oval Black Onyx in Opaque Grade,"20x13, mm, Carvings, Oval, Black, Onyx, in, Opaque, Grade",Fancy Carved Gemstones,https://pub-f1751cc6619d4c769aceeaffe6043848.r2.dev/products/1786396522764-ff32d16d7127df7c38a0a2c23bfc0950eed9f7268be490e87fcdccfbd29cf142.jpg,https://pub-f1751cc6619d4c769aceeaffe6043848.r2.dev/products/1786396522764-ff32d16d7127df7c38a0a2c23bfc0950eed9f7268be490e87fcdccfbd29cf142.jpg,,,,,,Black,Onyx,Opaque,Carved,Oval,Opaque,Nice,7,Treated,Brasil,20x13 mm,13 ct.,,,,,,,,,,,
18330,ONY220207017,12.0000,19,0.01,1,16x12 mm Carvings Oval Black Onyx in Opaque Grade,Originated from the mines in Brazil Nice Luster 8 Carats Opaque Grade Black Carvings Onyx In size: 16x12 mm.,,16x12 mm Carvings Oval Black Onyx in Opaque Grade,16x12 mm Carvings Oval Black Onyx in Opaque Grade,"16x12, mm, Carvings, Oval, Black, Onyx, in, Opaque, Grade",Fancy Carved Gemstones,https://pub-f1751cc6619d4c769aceeaffe6043848.r2.dev/products/1786396522764-ff32d16d7127df7c38a0a2c23bfc0950eed9f7268be490e87fcdccfbd29cf142.jpg,https://pub-f1751cc6619d4c769aceeaffe6043848.r2.dev/products/1786396522764-ff32d16d7127df7c38a0a2c23bfc0950eed9f7268be490e87fcdccfbd29cf142.jpg,,,,,,Black,Onyx,Opaque,Carved,Oval,Opaque,Nice,7,Treated,Brasil,16x12 mm,8 ct.,,,,,,,,,,,
18331,ONY220207018,15.7500,39,0.01,1,14 mm Carvings Round Black Onyx in Opaque Grade,Originated from the mines in Brazil Nice Luster 10.5 Carats Opaque Grade Black Carvings Onyx In size: 14 mm.,,14 mm Carvings Round Black Onyx in Opaque Grade,14 mm Carvings Round Black Onyx in Opaque Grade,"14, mm, Carvings, Round, Black, Onyx, in, Opaque, Grade",Fancy Carved Gemstones,https://pub-f1751cc6619d4c769aceeaffe6043848.r2.dev/products/1786396524433-6f930bc6548b2ac4bca59b0be43341872553fcbae61e9e2c70f36134f81a6aa5.jpg,https://pub-f1751cc6619d4c769aceeaffe6043848.r2.dev/products/1786396524433-6f930bc6548b2ac4bca59b0be43341872553fcbae61e9e2c70f36134f81a6aa5.jpg,,,,,,Black,Onyx,Opaque,Carved,Round,Opaque,Nice,7,Treated,Brasil,14 mm,10.5 ct.,,,,,,,,,,,
18337,ONY220207024,9.0000,495,0.01,1,10 mm Faceted Round Bead Black Onyx in Opaque Grade,Originated from the mines in Brazil Nice Luster 6 Carats Opaque Grade Black Faceted Onyx In size: 10 mm.,,10 mm Faceted Round Bead Black Onyx in Opaque Grade,10 mm Faceted Round Bead Black Onyx in Opaque Grade,"10, mm, Faceted, Round, Bead, Black, Onyx, in, Opaque, Grade",Onyx,https://pub-f1751cc6619d4c769aceeaffe6043848.r2.dev/products/1786396526106-966d4bfcdd40109f20fc4e86feda59f8ac27ea3a2a01c6b42ff6bb416df09010.jpg,https://pub-f1751cc6619d4c769aceeaffe6043848.r2.dev/products/1786396526106-966d4bfcdd40109f20fc4e86feda59f8ac27ea3a2a01c6b42ff6bb416df09010.jpg,,,,,,Black,Onyx,Opaque,Faceted,Round Bead,Opaque,Nice,7,Treated,Brasil,10 mm,6 ct.,,,,,,,,,,,
18338,ONY220207025,4.5000,495,0.01,1,8 mm Faceted Round Bead Black Onyx in Opaque Grade,Originated from the mines in Brazil Nice Luster 3 Carats Opaque Grade Black Faceted Onyx In size: 8 mm. For more detail about this gemstone bead please check the table below.,,8 mm Faceted Round Bead Black Onyx in Opaque Grade,8 mm Faceted Round Bead Black Onyx in Opaque Grade,"8, mm, Faceted, Round, Bead, Black, Onyx, in, Opaque, Grade",Onyx,https://pub-f1751cc6619d4c769aceeaffe6043848.r2.dev/products/1786396526106-966d4bfcdd40109f20fc4e86feda59f8ac27ea3a2a01c6b42ff6bb416df09010.jpg,https://pub-f1751cc6619d4c769aceeaffe6043848.r2.dev/products/1786396526106-966d4bfcdd40109f20fc4e86feda59f8ac27ea3a2a01c6b42ff6bb416df09010.jpg,,,,,,Black,Onyx,Opaque,Faceted,Round Bead,Opaque,Nice,7,Treated,Brasil,8 mm,3 ct.,,,,,,,,,,,
18339,ONY220207026,2.2500,334,0.01,1,6 mm Faceted Round Bead Black Onyx in Opaque Grade,Originated from the mines in Brazil Nice Luster 1.5 Carats Opaque Grade Black Faceted Onyx In size: 6 mm.,,6 mm Faceted Round Bead Black Onyx in Opaque Grade,6 mm Faceted Round Bead Black Onyx in Opaque Grade,"6, mm, Faceted, Round, Bead, Black, Onyx, in, Opaque, Grade",Onyx,https://pub-f1751cc6619d4c769aceeaffe6043848.r2.dev/products/1786396526106-966d4bfcdd40109f20fc4e86feda59f8ac27ea3a2a01c6b42ff6bb416df09010.jpg,https://pub-f1751cc6619d4c769aceeaffe6043848.r2.dev/products/1786396526106-966d4bfcdd40109f20fc4e86feda59f8ac27ea3a2a01c6b42ff6bb416df09010.jpg,,,,,,Black,Onyx,Opaque,Faceted,Round Bead,Opaque,Nice,7,Treated,Brasil,6 mm,1.5 ct.,,,,,,,,,,,
18340,ONY220207027,0.7500,184,0.01,1,4 mm Faceted Round Bead Black Onyx in Opaque Grade,Originated from the mines in Brazil Nice Luster 0.5 Carats Opaque Grade Black Faceted Onyx In size: 4 mm.,,4 mm Faceted Round Bead Black Onyx in Opaque Grade,4 mm Faceted Round Bead Black Onyx in Opaque Grade,"4, mm, Faceted, Round, Bead, Black, Onyx, in, Opaque, Grade",Onyx,https://pub-f1751cc6619d4c769aceeaffe6043848.r2.dev/products/1786396526106-966d4bfcdd40109f20fc4e86feda59f8ac27ea3a2a01c6b42ff6bb416df09010.jpg,https://pub-f1751cc6619d4c769aceeaffe6043848.r2.dev/products/1786396526106-966d4bfcdd40109f20fc4e86feda59f8ac27ea3a2a01c6b42ff6bb416df09010.jpg,,,,,,Black,Onyx,Opaque,Faceted,Round Bead,Opaque,Nice,7,Treated,Brasil,4 mm,0.5 ct.,,,,,,,,,,,
18341,ONY220207028,45.0000,19,0.01,1,30x22 mm Checker Board Oval Black Onyx in Opaque Grade,Originated from the mines in Brazil Nice Luster 30 Carats Opaque Grade Black Checker Board Onyx In size: 30x22 mm.,,30x22 mm Checker Board Oval Black Onyx in Opaque Grade,30x22 mm Checker Board Oval Black Onyx in Opaque Grade,"30x22, mm, Checker, Board, Oval, Black, Onyx, in, Opaque, Grade",Onyx,https://pub-f1751cc6619d4c769aceeaffe6043848.r2.dev/products/1786396527832-e75f444977af7c942db23e7fc1732ea8a9174440c5175f94ad9dbbab775d7349.jpg,https://pub-f1751cc6619d4c769aceeaffe6043848.r2.dev/products/1786396527832-e75f444977af7c942db23e7fc1732ea8a9174440c5175f94ad9dbbab775d7349.jpg,,,,,,Black,Onyx,Opaque,Checker Board,Oval,Opaque,Nice,7,Treated,Brasil,30x22 mm,30 ct.,,,,,,,,,,,
18342,ONY220207029,36.0000,4,0.01,1,24x20 mm Checker Board Oval Black Onyx in Opaque Grade,Originated from the mines in Brazil Nice Luster 24 Carats Opaque Grade Black Checker Board Onyx In size: 24x20 mm.,,24x20 mm Checker Board Oval Black Onyx in Opaque Grade,24x20 mm Checker Board Oval Black Onyx in Opaque Grade,"24x20, mm, Checker, Board, Oval, Black, Onyx, in, Opaque, Grade",Onyx,https://pub-f1751cc6619d4c769aceeaffe6043848.r2.dev/products/1786396527832-e75f444977af7c942db23e7fc1732ea8a9174440c5175f94ad9dbbab775d7349.jpg,https://pub-f1751cc6619d4c769aceeaffe6043848.r2.dev/products/1786396527832-e75f444977af7c942db23e7fc1732ea8a9174440c5175f94ad9dbbab775d7349.jpg,,,,,,Black,Onyx,Opaque,Checker Board,Oval,Opaque,Nice,7,Treated,Brasil,24x20 mm,24 ct.,,,,,,,,,,,
18343,ONY220207030,27.0000,10,0.01,1,20x15 mm Checker Board Oval Black Onyx in Opaque Grade,Originated from the mines in Brazil Nice Luster 18 Carats Opaque Grade Black Checker Board Onyx In size: 20x15 mm.,,20x15 mm Checker Board Oval Black Onyx in Opaque Grade,20x15 mm Checker Board Oval Black Onyx in Opaque Grade,"20x15, mm, Checker, Board, Oval, Black, Onyx, in, Opaque, Grade",Onyx,https://pub-f1751cc6619d4c769aceeaffe6043848.r2.dev/products/1786396527832-e75f444977af7c942db23e7fc1732ea8a9174440c5175f94ad9dbbab775d7349.jpg,https://pub-f1751cc6619d4c769aceeaffe6043848.r2.dev/products/1786396527832-e75f444977af7c942db23e7fc1732ea8a9174440c5175f94ad9dbbab775d7349.jpg,,,,,,Black,Onyx,Opaque,Checker Board,Oval,Opaque,Nice,7,Treated,Brasil,20x15 mm,18 ct.,,,,,,,,,,,
18344,ONY220207031,22.5000,6,0.01,1,18x13 mm Checker Board Oval Black Onyx in Opaque Grade,Originated from the mines in Brazil Nice Luster 15 Carats Opaque Grade Black Checker Board Onyx In size: 18x13 mm.,,18x13 mm Checker Board Oval Black Onyx in Opaque Grade,18x13 mm Checker Board Oval Black Onyx in Opaque Grade,"18x13, mm, Checker, Board, Oval, Black, Onyx, in, Opaque, Grade",Onyx,https://pub-f1751cc6619d4c769aceeaffe6043848.r2.dev/products/1786396527832-e75f444977af7c942db23e7fc1732ea8a9174440c5175f94ad9dbbab775d7349.jpg,https://pub-f1751cc6619d4c769aceeaffe6043848.r2.dev/products/1786396527832-e75f444977af7c942db23e7fc1732ea8a9174440c5175f94ad9dbbab775d7349.jpg,,,,,,Black,Onyx,Opaque,Checker Board,Oval,Opaque,Nice,7,Treated,Brasil,18x13 mm,15 ct.,,,,,,,,,,,
18347,ONY220207034,17.2500,7,0.01,1,14 mm Cabochon Round Black Onyx in Opaque Grade,Originated from the mines in Brazil Nice Luster 11.5 Carats Opaque Grade Black Cabochon Onyx In size: 14 mm.,,14 mm Cabochon Round Black Onyx in Opaque Grade,14 mm Cabochon Round Black Onyx in Opaque Grade,"14, mm, Cabochon, Round, Black, Onyx, in, Opaque, Grade",Onyx,https://pub-f1751cc6619d4c769aceeaffe6043848.r2.dev/products/1786396529488-b98d930a66b53281f32612ded25fe95689dce924d8702dbf205af668bf22bdee.jpg,https://pub-f1751cc6619d4c769aceeaffe6043848.r2.dev/products/1786396529488-b98d930a66b53281f32612ded25fe95689dce924d8702dbf205af668bf22bdee.jpg,,,,,,Black,Onyx,Opaque,Cabochon,Round,Opaque,Nice,7,Treated,Brasil,14 mm,11.5 ct.,,,,,,,,,,,
18348,ONY220207035,9.0000,9,0.01,1,12 mm Cabochon Round Black Onyx in Opaque Grade,Originated from the mines in Brazil Nice Luster 6 Carats Opaque Grade Black Cabochon Onyx In size: 12 mm.,,12 mm Cabochon Round Black Onyx in Opaque Grade,12 mm Cabochon Round Black Onyx in Opaque Grade,"12, mm, Cabochon, Round, Black, Onyx, in, Opaque, Grade",Onyx,https://pub-f1751cc6619d4c769aceeaffe6043848.r2.dev/products/1786396529488-b98d930a66b53281f32612ded25fe95689dce924d8702dbf205af668bf22bdee.jpg,https://pub-f1751cc6619d4c769aceeaffe6043848.r2.dev/products/1786396529488-b98d930a66b53281f32612ded25fe95689dce924d8702dbf205af668bf22bdee.jpg,,,,,,Black,Onyx,Opaque,Cabochon,Round,Opaque,Nice,7,Treated,Brasil,12 mm,6 ct.,,,,,,,,,,,
18349,ONY220207036,5.6250,7,0.01,1,10 mm Cabochon Round Black Onyx in Opaque Grade,Originated from the mines in Brazil Nice Luster 3.75 Carats Opaque Grade Black Cabochon Onyx In size: 10 mm.,,10 mm Cabochon Round Black Onyx in Opaque Grade,10 mm Cabochon Round Black Onyx in Opaque Grade,"10, mm, Cabochon, Round, Black, Onyx, in, Opaque, Grade",Onyx,https://pub-f1751cc6619d4c769aceeaffe6043848.r2.dev/products/1786396529488-b98d930a66b53281f32612ded25fe95689dce924d8702dbf205af668bf22bdee.jpg,https://pub-f1751cc6619d4c769aceeaffe6043848.r2.dev/products/1786396529488-b98d930a66b53281f32612ded25fe95689dce924d8702dbf205af668bf22bdee.jpg,,,,,,Black,Onyx,Opaque,Cabochon,Round,Opaque,Nice,7,Treated,Brasil,10 mm,3.75 ct.,,,,,,,,,,,
18352,ONY220207039,1.5000,0,0.01,1,6 mm Cabochon Round Black Onyx in Opaque Grade,Originated from the mines in Brazil Nice Luster 1 Carats Opaque Grade Black Cabochon Onyx In size: 6 mm.,,6 mm Cabochon Round Black Onyx in Opaque Grade,6 mm Cabochon Round Black Onyx in Opaque Grade,"6, mm, Cabochon, Round, Black, Onyx, in, Opaque, Grade",Onyx,https://pub-f1751cc6619d4c769aceeaffe6043848.r2.dev/products/1786396529488-b98d930a66b53281f32612ded25fe95689dce924d8702dbf205af668bf22bdee.jpg,https://pub-f1751cc6619d4c769aceeaffe6043848.r2.dev/products/1786396529488-b98d930a66b53281f32612ded25fe95689dce924d8702dbf205af668bf22bdee.jpg,,,,,,Black,Onyx,Opaque,Cabochon,Round,Opaque,Nice,7,Treated,Brasil,6 mm,1 ct.,,,,,,,,,,,
18354,ONY220207041,0.5250,3,0.01,1,4 mm Cabochon Round Black Onyx in Opaque Grade,Originated from the mines in Brazil Nice Luster 0.35 Carats Opaque Grade Black Cabochon Onyx In size: 4 mm.,,4 mm Cabochon Round Black Onyx in Opaque Grade,4 mm Cabochon Round Black Onyx in Opaque Grade,"4, mm, Cabochon, Round, Black, Onyx, in, Opaque, Grade",Onyx,https://pub-f1751cc6619d4c769aceeaffe6043848.r2.dev/products/1786396529488-b98d930a66b53281f32612ded25fe95689dce924d8702dbf205af668bf22bdee.jpg,https://pub-f1751cc6619d4c769aceeaffe6043848.r2.dev/products/1786396529488-b98d930a66b53281f32612ded25fe95689dce924d8702dbf205af668bf22bdee.jpg,,,,,,Black,Onyx,Opaque,Cabochon,Round,Opaque,Nice,7,Treated,Brasil,4 mm,0.35 ct.,,,,,,,,,,,
18355,ONY220207042,0.3750,80,0.01,1,3 mm Cabochon Round Black Onyx in Opaque Grade,Originated from the mines in Brazil Nice Luster 0.25 Carats Opaque Grade Black Cabochon Onyx In size: 3 mm.,,3 mm Cabochon Round Black Onyx in Opaque Grade,3 mm Cabochon Round Black Onyx in Opaque Grade,"3, mm, Cabochon, Round, Black, Onyx, in, Opaque, Grade",Onyx,https://pub-f1751cc6619d4c769aceeaffe6043848.r2.dev/products/1786396529488-b98d930a66b53281f32612ded25fe95689dce924d8702dbf205af668bf22bdee.jpg,https://pub-f1751cc6619d4c769aceeaffe6043848.r2.dev/products/1786396529488-b98d930a66b53281f32612ded25fe95689dce924d8702dbf205af668bf22bdee.jpg,,,,,,Black,Onyx,Opaque,Cabochon,Round,Opaque,Nice,7,Treated,Brasil,3 mm,0.25 ct.,,,,,,,,,,,
18357,ONY220207044,103.5000,2,0.01,1,45x30 mm Cabochon Flat Oval Black Onyx in Opaque Grade,Originated from the mines in Brazil Nice Luster 69 Carats Opaque Grade Black Cabochon Onyx In size: 45x30 mm.,,45x30 mm Cabochon Flat Oval Black Onyx in Opaque Grade,45x30 mm Cabochon Flat Oval Black Onyx in Opaque Grade,"45x30, mm, Cabochon, Flat, Oval, Black, Onyx, in, Opaque, Grade",Onyx,https://pub-f1751cc6619d4c769aceeaffe6043848.r2.dev/products/1786396531247-2d57c1a4fc30b75475ce016243be194768ac14cb7c0fd8bf83becd1cb3e3a511.jpg,https://pub-f1751cc6619d4c769aceeaffe6043848.r2.dev/products/1786396531247-2d57c1a4fc30b75475ce016243be194768ac14cb7c0fd8bf83becd1cb3e3a511.jpg,,,,,,Black,Onyx,Opaque,Cabochon,Flat Oval,Opaque,Nice,7,Treated,Brasil,45x30 mm,69 ct.,,,,,,,,,,,
18358,ONY220207045,90.0000,1,0.01,1,45x24 mm Cabochon Flat Oval Black Onyx in Opaque Grade,Originated from the mines in Brazil Nice Luster 60 Carats Opaque Grade Black Cabochon Onyx In size: 45x24 mm.,,45x24 mm Cabochon Flat Oval Black Onyx in Opaque Grade,45x24 mm Cabochon Flat Oval Black Onyx in Opaque Grade,"45x24, mm, Cabochon, Flat, Oval, Black, Onyx, in, Opaque, Grade",Onyx,https://pub-f1751cc6619d4c769aceeaffe6043848.r2.dev/products/1786396531247-2d57c1a4fc30b75475ce016243be194768ac14cb7c0fd8bf83becd1cb3e3a511.jpg,https://pub-f1751cc6619d4c769aceeaffe6043848.r2.dev/products/1786396531247-2d57c1a4fc30b75475ce016243be194768ac14cb7c0fd8bf83becd1cb3e3a511.jpg,,,,,,Black,Onyx,Opaque,Cabochon,Flat Oval,Opaque,Nice,7,Treated,Brasil,45x24 mm,60 ct.,,,,,,,,,,,
18359,ONY220207046,25.5000,2,0.01,1,30x22 mm Cabochon Flat Oval Black Onyx in Opaque Grade,Originated from the mines in Brazil Nice Luster 17 Carats Opaque Grade Black Cabochon Onyx In size: 30x22 mm.,,30x22 mm Cabochon Flat Oval Black Onyx in Opaque Grade,30x22 mm Cabochon Flat Oval Black Onyx in Opaque Grade,"30x22, mm, Cabochon, Flat, Oval, Black, Onyx, in, Opaque, Grade",Onyx,https://pub-f1751cc6619d4c769aceeaffe6043848.r2.dev/products/1786396531247-2d57c1a4fc30b75475ce016243be194768ac14cb7c0fd8bf83becd1cb3e3a511.jpg,https://pub-f1751cc6619d4c769aceeaffe6043848.r2.dev/products/1786396531247-2d57c1a4fc30b75475ce016243be194768ac14cb7c0fd8bf83becd1cb3e3a511.jpg,,,,,,Black,Onyx,Opaque,Cabochon,Flat Oval,Opaque,Nice,7,Treated,Brasil,30x22 mm,17 ct.,,,,,,,,,,,
18360,ONY220207047,5.2500,10,0.01,1,18x9 mm Cabochon Flat Oval Black Onyx in Opaque Grade,Originated from the mines in Brazil Nice Luster 3.5 Carats Opaque Grade Black Cabochon Onyx In size: 18x9 mm.,,18x9 mm Cabochon Flat Oval Black Onyx in Opaque Grade,18x9 mm Cabochon Flat Oval Black Onyx in Opaque Grade,"18x9, mm, Cabochon, Flat, Oval, Black, Onyx, in, Opaque, Grade",Onyx,https://pub-f1751cc6619d4c769aceeaffe6043848.r2.dev/products/1786396531247-2d57c1a4fc30b75475ce016243be194768ac14cb7c0fd8bf83becd1cb3e3a511.jpg,https://pub-f1751cc6619d4c769aceeaffe6043848.r2.dev/products/1786396531247-2d57c1a4fc30b75475ce016243be194768ac14cb7c0fd8bf83becd1cb3e3a511.jpg,,,,,,Black,Onyx,Opaque,Cabochon,Flat Oval,Opaque,Nice,7,Treated,Brasil,18x9 mm,3.5 ct.,,,,,,,,,,,
18361,ONY220207048,8.2500,2,0.01,1,18x13 mm Cabochon Flat Oval Black Onyx in Opaque Grade,Originated from the mines in Brazil Nice Luster 5.5 Carats Opaque Grade Black Cabochon Onyx In size: 18x13 mm.,,18x13 mm Cabochon Flat Oval Black Onyx in Opaque Grade,18x13 mm Cabochon Flat Oval Black Onyx in Opaque Grade,"18x13, mm, Cabochon, Flat, Oval, Black, Onyx, in, Opaque, Grade",Onyx,https://pub-f1751cc6619d4c769aceeaffe6043848.r2.dev/products/1786396531247-2d57c1a4fc30b75475ce016243be194768ac14cb7c0fd8bf83becd1cb3e3a511.jpg,https://pub-f1751cc6619d4c769aceeaffe6043848.r2.dev/products/1786396531247-2d57c1a4fc30b75475ce016243be194768ac14cb7c0fd8bf83becd1cb3e3a511.jpg,,,,,,Black,Onyx,Opaque,Cabochon,Flat Oval,Opaque,Nice,7,Treated,Brasil,18x13 mm,5.5 ct.,,,,,,,,,,,
18362,ONY220207049,7.5000,2,0.01,1,16x14 mm Cabochon Flat Oval Black Onyx in Opaque Grade,Originated from the mines in Brazil Nice Luster 5 Carats Opaque Grade Black Cabochon Onyx In size: 16x14 mm.,,16x14 mm Cabochon Flat Oval Black Onyx in Opaque Grade,16x14 mm Cabochon Flat Oval Black Onyx in Opaque Grade,"16x14, mm, Cabochon, Flat, Oval, Black, Onyx, in, Opaque, Grade",Onyx,https://pub-f1751cc6619d4c769aceeaffe6043848.r2.dev/products/1786396531247-2d57c1a4fc30b75475ce016243be194768ac14cb7c0fd8bf83becd1cb3e3a511.jpg,https://pub-f1751cc6619d4c769aceeaffe6043848.r2.dev/products/1786396531247-2d57c1a4fc30b75475ce016243be194768ac14cb7c0fd8bf83becd1cb3e3a511.jpg,,,,,,Black,Onyx,Opaque,Cabochon,Flat Oval,Opaque,Nice,7,Treated,Brasil,16x14 mm,5 ct.,,,,,,,,,,,
18363,ONY220207050,5.6250,5,0.01,1,18x13 mm Cabochon Flat Oval Black Onyx in Opaque Grade,Originated from the mines in Brazil Nice Luster 3.75 Carats Opaque Grade Black Cabochon Onyx In size: 18x13 mm.,,18x13 mm Cabochon Flat Oval Black Onyx in Opaque Grade,18x13 mm Cabochon Flat Oval Black Onyx in Opaque Grade,"18x13, mm, Cabochon, Flat, Oval, Black, Onyx, in, Opaque, Grade",Onyx,https://pub-f1751cc6619d4c769aceeaffe6043848.r2.dev/products/1786396531247-2d57c1a4fc30b75475ce016243be194768ac14cb7c0fd8bf83becd1cb3e3a511.jpg,https://pub-f1751cc6619d4c769aceeaffe6043848.r2.dev/products/1786396531247-2d57c1a4fc30b75475ce016243be194768ac14cb7c0fd8bf83becd1cb3e3a511.jpg,,,,,,Black,Onyx,Opaque,Cabochon,Flat Oval,Opaque,Nice,7,Treated,Brasil,18x13 mm,3.75 ct.,,,,,,,,,,,
18364,ONY220207051,3.7500,2,0.01,1,14x10 mm Cabochon Flat Oval Black Onyx in Opaque Grade,Originated from the mines in Brazil Nice Luster 2.5 Carats Opaque Grade Black Cabochon Onyx In size: 14x10 mm.,,14x10 mm Cabochon Flat Oval Black Onyx in Opaque Grade,14x10 mm Cabochon Flat Oval Black Onyx in Opaque Grade,"14x10, mm, Cabochon, Flat, Oval, Black, Onyx, in, Opaque, Grade",Onyx,https://pub-f1751cc6619d4c769aceeaffe6043848.r2.dev/products/1786396531247-2d57c1a4fc30b75475ce016243be194768ac14cb7c0fd8bf83becd1cb3e3a511.jpg,https://pub-f1751cc6619d4c769aceeaffe6043848.r2.dev/products/1786396531247-2d57c1a4fc30b75475ce016243be194768ac14cb7c0fd8bf83becd1cb3e3a511.jpg,,,,,,Black,Onyx,Opaque,Cabochon,Flat Oval,Opaque,Nice,7,Treated,Brasil,14x10 mm,2.5 ct.,,,,,,,,,,,
18365,ONY220207052,3.0000,4,0.01,1,12x10 mm Cabochon Flat Oval Black Onyx in Opaque Grade,Originated from the mines in Brazil Nice Luster 2 Carats Opaque Grade Black Cabochon Onyx In size: 12x10 mm.,,12x10 mm Cabochon Flat Oval Black Onyx in Opaque Grade,12x10 mm Cabochon Flat Oval Black Onyx in Opaque Grade,"12x10, mm, Cabochon, Flat, Oval, Black, Onyx, in, Opaque, Grade",Onyx,https://pub-f1751cc6619d4c769aceeaffe6043848.r2.dev/products/1786396531247-2d57c1a4fc30b75475ce016243be194768ac14cb7c0fd8bf83becd1cb3e3a511.jpg,https://pub-f1751cc6619d4c769aceeaffe6043848.r2.dev/products/1786396531247-2d57c1a4fc30b75475ce016243be194768ac14cb7c0fd8bf83becd1cb3e3a511.jpg,,,,,,Black,Onyx,Opaque,Cabochon,Flat Oval,Opaque,Nice,7,Treated,Brasil,12x10 mm,2 ct.,,,,,,,,,,,
18366,ONY220207053,22.5000,82,0.01,1,20 mm Checker Board Cushion Black Onyx in Opaque Grade,Originated from the mines in Brazil Nice Luster 15 Carats Opaque Grade Black Checker Board Onyx In size: 20 mm.,,20 mm Checker Board Cushion Black Onyx in Opaque Grade,20 mm Checker Board Cushion Black Onyx in Opaque Grade,"20, mm, Checker, Board, Cushion, Black, Onyx, in, Opaque, Grade",Onyx,https://pub-f1751cc6619d4c769aceeaffe6043848.r2.dev/products/1786396533514-dbd9aa88c7eb640b73bad3529f065f1878b9673f5a349e2245c4d15228145e4b.jpg,https://pub-f1751cc6619d4c769aceeaffe6043848.r2.dev/products/1786396533514-dbd9aa88c7eb640b73bad3529f065f1878b9673f5a349e2245c4d15228145e4b.jpg,,,,,,Black,Onyx,Opaque,Checker Board,Cushion,Opaque,Nice,7,Treated,Brasil,20 mm,15 ct.,,,,,,,,,,,
18367,ONY220207054,12.7500,65,0.01,1,16 mm Checker Board Cushion Black Onyx in Opaque Grade,Originated from the mines in Brazil Nice Luster 8.5 Carats Opaque Grade Black Checker Board Onyx In size: 16 mm.,,16 mm Checker Board Cushion Black Onyx in Opaque Grade,16 mm Checker Board Cushion Black Onyx in Opaque Grade,"16, mm, Checker, Board, Cushion, Black, Onyx, in, Opaque, Grade",Onyx,https://pub-f1751cc6619d4c769aceeaffe6043848.r2.dev/products/1786396533514-dbd9aa88c7eb640b73bad3529f065f1878b9673f5a349e2245c4d15228145e4b.jpg,https://pub-f1751cc6619d4c769aceeaffe6043848.r2.dev/products/1786396533514-dbd9aa88c7eb640b73bad3529f065f1878b9673f5a349e2245c4d15228145e4b.jpg,,,,,,Black,Onyx,Opaque,Checker Board,Cushion,Opaque,Nice,7,Treated,Brasil,16 mm,8.5 ct.,,,,,,,,,,,
18371,ONY220207058,4.5000,19,0.01,1,11 mm Checker Board Cushion Black Onyx in Opaque Grade,Originated from the mines in Brazil Nice Luster 3 Carats Opaque Grade Black Checker Board Onyx In size: 11 mm.,,11 mm Checker Board Cushion Black Onyx in Opaque Grade,11 mm Checker Board Cushion Black Onyx in Opaque Grade,"11, mm, Checker, Board, Cushion, Black, Onyx, in, Opaque, Grade",Onyx,https://pub-f1751cc6619d4c769aceeaffe6043848.r2.dev/products/1786396533514-dbd9aa88c7eb640b73bad3529f065f1878b9673f5a349e2245c4d15228145e4b.jpg,https://pub-f1751cc6619d4c769aceeaffe6043848.r2.dev/products/1786396533514-dbd9aa88c7eb640b73bad3529f065f1878b9673f5a349e2245c4d15228145e4b.jpg,,,,,,Black,Onyx,Opaque,Checker Board,Cushion,Opaque,Nice,7,Treated,Brasil,11 mm,3 ct.,,,,,,,,,,,
18372,ONY220207059,1.8750,428,0.01,1,7 mm Checker Board Cushion Black Onyx in Opaque Grade,Originated from the mines in Brazil Nice Luster 1.25 Carats Opaque Grade Black Checker Board Onyx In size: 7 mm.,,7 mm Checker Board Cushion Black Onyx in Opaque Grade,7 mm Checker Board Cushion Black Onyx in Opaque Grade,"7, mm, Checker, Board, Cushion, Black, Onyx, in, Opaque, Grade",Onyx,https://pub-f1751cc6619d4c769aceeaffe6043848.r2.dev/products/1786396533514-dbd9aa88c7eb640b73bad3529f065f1878b9673f5a349e2245c4d15228145e4b.jpg,https://pub-f1751cc6619d4c769aceeaffe6043848.r2.dev/products/1786396533514-dbd9aa88c7eb640b73bad3529f065f1878b9673f5a349e2245c4d15228145e4b.jpg,,,,,,Black,Onyx,Opaque,Checker Board,Cushion,Opaque,Nice,7,Treated,Brasil,7 mm,1.25 ct.,,,,,,,,,,,
18380,ONY220207067,6.7500,35,0.01,1,10 mm Checker Board Round Black Onyx in Opaque Grade,Originated from the mines in Brazil Nice Luster 4.5 Carats Opaque Grade Black Checker Board Onyx In size: 10 mm.,,10 mm Checker Board Round Black Onyx in Opaque Grade,10 mm Checker Board Round Black Onyx in Opaque Grade,"10, mm, Checker, Board, Round, Black, Onyx, in, Opaque, Grade",Onyx,https://pub-f1751cc6619d4c769aceeaffe6043848.r2.dev/products/1786396535222-626b7fa276c1be79ac5da8ad3e2623cbff89688b34bd2e52b661d8337c4489de.jpg,https://pub-f1751cc6619d4c769aceeaffe6043848.r2.dev/products/1786396535222-626b7fa276c1be79ac5da8ad3e2623cbff89688b34bd2e52b661d8337c4489de.jpg,,,,,,Black,Onyx,Opaque,Checker Board,Round,Opaque,Nice,7,Treated,Brasil,10 mm,4.5 ct.,,,,,,,,,,,
18392,ONY220207079,45.0000,7,0.01,1,24x20 mm Cabochon Oval Black Onyx in Opaque Grade,Originated from the mines in Brazil Nice Luster 30 Carats Opaque Grade Black Cabochon Onyx In size: 24x20 mm.,,24x20 mm Cabochon Oval Black Onyx in Opaque Grade,24x20 mm Cabochon Oval Black Onyx in Opaque Grade,"24x20, mm, Cabochon, Oval, Black, Onyx, in, Opaque, Grade",Onyx,https://pub-f1751cc6619d4c769aceeaffe6043848.r2.dev/products/1786396537022-5e0edd6ebbc46e73f20d8f44d5c4f1e367f273d34249b47581967bb3bb22c39a.jpg,https://pub-f1751cc6619d4c769aceeaffe6043848.r2.dev/products/1786396537022-5e0edd6ebbc46e73f20d8f44d5c4f1e367f273d34249b47581967bb3bb22c39a.jpg,,,,,,Black,Onyx,Opaque,Cabochon,Oval,Opaque,Nice,7,Treated,Brasil,24x20 mm,30 ct.,,,,,,,,,,,
18394,ONY220207081,16.5000,18,0.01,1,18x13 mm Cabochon Oval Black Onyx in Opaque Grade,Originated from the mines in Brazil Nice Luster 11 Carats Opaque Grade Black Cabochon Onyx In size: 18x13 mm.,,18x13 mm Cabochon Oval Black Onyx in Opaque Grade,18x13 mm Cabochon Oval Black Onyx in Opaque Grade,"18x13, mm, Cabochon, Oval, Black, Onyx, in, Opaque, Grade",Onyx,https://pub-f1751cc6619d4c769aceeaffe6043848.r2.dev/products/1786396537022-5e0edd6ebbc46e73f20d8f44d5c4f1e367f273d34249b47581967bb3bb22c39a.jpg,https://pub-f1751cc6619d4c769aceeaffe6043848.r2.dev/products/1786396537022-5e0edd6ebbc46e73f20d8f44d5c4f1e367f273d34249b47581967bb3bb22c39a.jpg,,,,,,Black,Onyx,Opaque,Cabochon,Oval,Opaque,Nice,7,Treated,Brasil,18x13 mm,11 ct.,,,,,,,,,,,
18395,ONY220207082,12.0000,15,0.01,1,16x12 mm Cabochon Oval Black Onyx in Opaque Grade,Originated from the mines in Brazil Nice Luster 8 Carats Opaque Grade Black Cabochon Onyx In size: 16x12 mm.,,16x12 mm Cabochon Oval Black Onyx in Opaque Grade,16x12 mm Cabochon Oval Black Onyx in Opaque Grade,"16x12, mm, Cabochon, Oval, Black, Onyx, in, Opaque, Grade",Onyx,https://pub-f1751cc6619d4c769aceeaffe6043848.r2.dev/products/1786396537022-5e0edd6ebbc46e73f20d8f44d5c4f1e367f273d34249b47581967bb3bb22c39a.jpg,https://pub-f1751cc6619d4c769aceeaffe6043848.r2.dev/products/1786396537022-5e0edd6ebbc46e73f20d8f44d5c4f1e367f273d34249b47581967bb3bb22c39a.jpg,,,,,,Black,Onyx,Opaque,Cabochon,Oval,Opaque,Nice,7,Treated,Brasil,16x12 mm,8 ct.,,,,,,,,,,,
18396,ONY220207083,9.7500,94,0.01,1,14x10 mm Cabochon Oval Black Onyx in Opaque Grade,Originated from the mines in Brazil Nice Luster 6.5 Carats Opaque Grade Black Cabochon Onyx In size: 14x10 mm.,,14x10 mm Cabochon Oval Black Onyx in Opaque Grade,14x10 mm Cabochon Oval Black Onyx in Opaque Grade,"14x10, mm, Cabochon, Oval, Black, Onyx, in, Opaque, Grade",Onyx,https://pub-f1751cc6619d4c769aceeaffe6043848.r2.dev/products/1786396537022-5e0edd6ebbc46e73f20d8f44d5c4f1e367f273d34249b47581967bb3bb22c39a.jpg,https://pub-f1751cc6619d4c769aceeaffe6043848.r2.dev/products/1786396537022-5e0edd6ebbc46e73f20d8f44d5c4f1e367f273d34249b47581967bb3bb22c39a.jpg,,,,,,Black,Onyx,Opaque,Cabochon,Oval,Opaque,Nice,7,Treated,Brasil,14x10 mm,6.5 ct.,,,,,,,,,,,
18397,ONY220207084,7.5000,3,0.01,1,12x10 mm Cabochon Oval Black Onyx in Opaque Grade,Originated from the mines in Brazil Nice Luster 5 Carats Opaque Grade Black Cabochon Onyx In size: 12x10 mm.,,12x10 mm Cabochon Oval Black Onyx in Opaque Grade,12x10 mm Cabochon Oval Black Onyx in Opaque Grade,"12x10, mm, Cabochon, Oval, Black, Onyx, in, Opaque, Grade",Onyx,https://pub-f1751cc6619d4c769aceeaffe6043848.r2.dev/products/1786396537022-5e0edd6ebbc46e73f20d8f44d5c4f1e367f273d34249b47581967bb3bb22c39a.jpg,https://pub-f1751cc6619d4c769aceeaffe6043848.r2.dev/products/1786396537022-5e0edd6ebbc46e73f20d8f44d5c4f1e367f273d34249b47581967bb3bb22c39a.jpg,,,,,,Black,Onyx,Opaque,Cabochon,Oval,Opaque,Nice,7,Treated,Brasil,12x10 mm,5 ct.,,,,,,,,,,,
18398,ONY220207085,4.5000,3,0.01,1,10x8 mm Cabochon Oval Black Onyx in Opaque Grade,Originated from the mines in Brazil Nice Luster 3 Carats Opaque Grade Black Cabochon Onyx In size: 10x8 mm.,,10x8 mm Cabochon Oval Black Onyx in Opaque Grade,10x8 mm Cabochon Oval Black Onyx in Opaque Grade,"10x8, mm, Cabochon, Oval, Black, Onyx, in, Opaque, Grade",Onyx,https://pub-f1751cc6619d4c769aceeaffe6043848.r2.dev/products/1786396537022-5e0edd6ebbc46e73f20d8f44d5c4f1e367f273d34249b47581967bb3bb22c39a.jpg,https://pub-f1751cc6619d4c769aceeaffe6043848.r2.dev/products/1786396537022-5e0edd6ebbc46e73f20d8f44d5c4f1e367f273d34249b47581967bb3bb22c39a.jpg,,,,,,Black,Onyx,Opaque,Cabochon,Oval,Opaque,Nice,7,Treated,Brasil,10x8 mm,3 ct.,,,,,,,,,,,
18401,ONY220207088,0.7500,888,0.01,1,6x4 mm Cabochon Oval Black Onyx in Opaque Grade,Originated from the mines in Brazil Nice Luster 0.5 Carats Opaque Grade Black Cabochon Onyx In size: 6x4 mm.,,6x4 mm Cabochon Oval Black Onyx in Opaque Grade,6x4 mm Cabochon Oval Black Onyx in Opaque Grade,"6x4, mm, Cabochon, Oval, Black, Onyx, in, Opaque, Grade",Onyx,https://pub-f1751cc6619d4c769aceeaffe6043848.r2.dev/products/1786396537022-5e0edd6ebbc46e73f20d8f44d5c4f1e367f273d34249b47581967bb3bb22c39a.jpg,https://pub-f1751cc6619d4c769aceeaffe6043848.r2.dev/products/1786396537022-5e0edd6ebbc46e73f20d8f44d5c4f1e367f273d34249b47581967bb3bb22c39a.jpg,,,,,,Black,Onyx,Opaque,Cabochon,Oval,Opaque,Nice,7,Treated,Brasil,6x4 mm,0.5 ct.,,,,,,,,,,,
18402,ONY220207089,0.5250,935,0.01,1,5x3 mm Cabochon Oval Black Onyx in Opaque Grade,Originated from the mines in Brazil Nice Luster 0.35 Carats Opaque Grade Black Cabochon Onyx In size: 5x3 mm.,,5x3 mm Cabochon Oval Black Onyx in Opaque Grade,5x3 mm Cabochon Oval Black Onyx in Opaque Grade,"5x3, mm, Cabochon, Oval, Black, Onyx, in, Opaque, Grade",Onyx,https://pub-f1751cc6619d4c769aceeaffe6043848.r2.dev/products/1786396537022-5e0edd6ebbc46e73f20d8f44d5c4f1e367f273d34249b47581967bb3bb22c39a.jpg,https://pub-f1751cc6619d4c769aceeaffe6043848.r2.dev/products/1786396537022-5e0edd6ebbc46e73f20d8f44d5c4f1e367f273d34249b47581967bb3bb22c39a.jpg,,,,,,Black,Onyx,Opaque,Cabochon,Oval,Opaque,Nice,7,Treated,Brasil,5x3 mm,0.35 ct.,,,,,,,,,,,
18403,ONY220207090,5.2500,9,0.01,1,15x7 mm Cabochon Oval Black Onyx in Opaque Grade,Originated from the mines in Brazil Nice Luster 3.5 Carats Opaque Grade Black Cabochon Onyx In size: 15x7 mm.,,15x7 mm Cabochon Oval Black Onyx in Opaque Grade,15x7 mm Cabochon Oval Black Onyx in Opaque Grade,"15x7, mm, Cabochon, Oval, Black, Onyx, in, Opaque, Grade",Onyx,https://pub-f1751cc6619d4c769aceeaffe6043848.r2.dev/products/1786396537022-5e0edd6ebbc46e73f20d8f44d5c4f1e367f273d34249b47581967bb3bb22c39a.jpg,https://pub-f1751cc6619d4c769aceeaffe6043848.r2.dev/products/1786396537022-5e0edd6ebbc46e73f20d8f44d5c4f1e367f273d34249b47581967bb3bb22c39a.jpg,,,,,,Black,Onyx,Opaque,Cabochon,Oval,Opaque,Nice,7,Treated,Brasil,15x7 mm,3.5 ct.,,,,,,,,,,,
18404,ONY220207091,6.7500,6,0.01,1,18x9 Cabochon Oval Black Onyx in Opaque Grade,Originated from the mines in Brazil Nice Luster 4.5 Carats Opaque Grade Black Cabochon Onyx In size: 18x9.,,18x9 Cabochon Oval Black Onyx in Opaque Grade,18x9 Cabochon Oval Black Onyx in Opaque Grade,"18x9, Cabochon, Oval, Black, Onyx, in, Opaque, Grade",Onyx,https://pub-f1751cc6619d4c769aceeaffe6043848.r2.dev/products/1786396537022-5e0edd6ebbc46e73f20d8f44d5c4f1e367f273d34249b47581967bb3bb22c39a.jpg,https://pub-f1751cc6619d4c769aceeaffe6043848.r2.dev/products/1786396537022-5e0edd6ebbc46e73f20d8f44d5c4f1e367f273d34249b47581967bb3bb22c39a.jpg,,,,,,Black,Onyx,Opaque,Cabochon,Oval,Opaque,Nice,7,Treated,Brasil,18x9,4.5 ct.,,,,,,,,,,,
18405,ONY220207092,7.1250,30,0.01,1,10 mm Cabochon Bullet Black Onyx in Opaque Grade,Originated from the mines in Brazil Nice Luster 4.75 Carats Opaque Grade Black Cabochon Onyx In size: 10 mm.,,10 mm Cabochon Bullet Black Onyx in Opaque Grade,10 mm Cabochon Bullet Black Onyx in Opaque Grade,"10, mm, Cabochon, Bullet, Black, Onyx, in, Opaque, Grade",Onyx,https://pub-f1751cc6619d4c769aceeaffe6043848.r2.dev/products/1786396538908-7c574865ba58d90030d35671917b7f27d7d933f55410c643d10655921fe0d199.jpg,https://pub-f1751cc6619d4c769aceeaffe6043848.r2.dev/products/1786396538908-7c574865ba58d90030d35671917b7f27d7d933f55410c643d10655921fe0d199.jpg,,,,,,Black,Onyx,Opaque,Cabochon,Bullet,Opaque,Nice,7,Treated,Brasil,10 mm,4.75 ct.,,,,,,,,,,,
18408,ONY220207095,1.6500,16,0.01,1,6 mm Cabochon Bullet Black Onyx in Opaque Grade,Originated from the mines in Brazil Nice Luster 1.1 Carats Opaque Grade Black Cabochon Onyx In size: 6 mm.,,6 mm Cabochon Bullet Black Onyx in Opaque Grade,6 mm Cabochon Bullet Black Onyx in Opaque Grade,"6, mm, Cabochon, Bullet, Black, Onyx, in, Opaque, Grade",Onyx,https://pub-f1751cc6619d4c769aceeaffe6043848.r2.dev/products/1786396538908-7c574865ba58d90030d35671917b7f27d7d933f55410c643d10655921fe0d199.jpg,https://pub-f1751cc6619d4c769aceeaffe6043848.r2.dev/products/1786396538908-7c574865ba58d90030d35671917b7f27d7d933f55410c643d10655921fe0d199.jpg,,,,,,Black,Onyx,Opaque,Cabochon,Bullet,Opaque,Nice,7,Treated,Brasil,6 mm,1.1 ct.,,,,,,,,,,,
18413,ONY220207100,33.0000,9,0.01,1,15 mm Cabochon Round Bead Black Onyx in Opaque Grade,Originated from the mines in Brazil Nice Luster 22 Carats Opaque Grade Black Cabochon Onyx In size: 15 mm.,,15 mm Cabochon Round Bead Black Onyx in Opaque Grade,15 mm Cabochon Round Bead Black Onyx in Opaque Grade,"15, mm, Cabochon, Round, Bead, Black, Onyx, in, Opaque, Grade",Onyx,https://pub-f1751cc6619d4c769aceeaffe6043848.r2.dev/products/1786396540588-0128b41eda7e1aba6c255471e97fdb5a151f93e8e8ecfa03a3ea071cc0baca0d.jpg,https://pub-f1751cc6619d4c769aceeaffe6043848.r2.dev/products/1786396540588-0128b41eda7e1aba6c255471e97fdb5a151f93e8e8ecfa03a3ea071cc0baca0d.jpg,,,,,,Black,Onyx,Opaque,Cabochon,Round Bead,Opaque,Nice,7,Treated,Brasil,15 mm,22 ct.,,,,,,,,,,,
18414,ONY220207101,15.0000,40,0.01,1,12 mm Cabochon Round Bead Black Onyx in Opaque Grade,Originated from the mines in Brazil Nice Luster 10 Carats Opaque Grade Black Cabochon Onyx In size: 12 mm.,,12 mm Cabochon Round Bead Black Onyx in Opaque Grade,12 mm Cabochon Round Bead Black Onyx in Opaque Grade,"12, mm, Cabochon, Round, Bead, Black, Onyx, in, Opaque, Grade",Onyx,https://pub-f1751cc6619d4c769aceeaffe6043848.r2.dev/products/1786396540588-0128b41eda7e1aba6c255471e97fdb5a151f93e8e8ecfa03a3ea071cc0baca0d.jpg,https://pub-f1751cc6619d4c769aceeaffe6043848.r2.dev/products/1786396540588-0128b41eda7e1aba6c255471e97fdb5a151f93e8e8ecfa03a3ea071cc0baca0d.jpg,,,,,,Black,Onyx,Opaque,Cabochon,Round Bead,Opaque,Nice,7,Treated,Brasil,12 mm,10 ct.,,,,,,,,,,,
18415,ONY220207102,9.0000,10,0.01,1,10 mm Cabochon Round Bead Black Onyx in Opaque Grade,Originated from the mines in Brazil Nice Luster 6 Carats Opaque Grade Black Cabochon Onyx In size: 10 mm.,,10 mm Cabochon Round Bead Black Onyx in Opaque Grade,10 mm Cabochon Round Bead Black Onyx in Opaque Grade,"10, mm, Cabochon, Round, Bead, Black, Onyx, in, Opaque, Grade",Onyx,https://pub-f1751cc6619d4c769aceeaffe6043848.r2.dev/products/1786396540588-0128b41eda7e1aba6c255471e97fdb5a151f93e8e8ecfa03a3ea071cc0baca0d.jpg,https://pub-f1751cc6619d4c769aceeaffe6043848.r2.dev/products/1786396540588-0128b41eda7e1aba6c255471e97fdb5a151f93e8e8ecfa03a3ea071cc0baca0d.jpg,,,,,,Black,Onyx,Opaque,Cabochon,Round Bead,Opaque,Nice,7,Treated,Brasil,10 mm,6 ct.,,,,,,,,,,,
18416,ONY220207103,4.5000,1998,0.01,1,8 mm Cabochon Round Bead Black Onyx in Opaque Grade,Originated from the mines in Brazil Nice Luster 3 Carats Opaque Grade Black Cabochon Onyx In size: 8 mm.,,8 mm Cabochon Round Bead Black Onyx in Opaque Grade,8 mm Cabochon Round Bead Black Onyx in Opaque Grade,"8, mm, Cabochon, Round, Bead, Black, Onyx, in, Opaque, Grade",Onyx,https://pub-f1751cc6619d4c769aceeaffe6043848.r2.dev/products/1786396540588-0128b41eda7e1aba6c255471e97fdb5a151f93e8e8ecfa03a3ea071cc0baca0d.jpg,https://pub-f1751cc6619d4c769aceeaffe6043848.r2.dev/products/1786396540588-0128b41eda7e1aba6c255471e97fdb5a151f93e8e8ecfa03a3ea071cc0baca0d.jpg,,,,,,Black,Onyx,Opaque,Cabochon,Round Bead,Opaque,Nice,7,Treated,Brasil,8 mm,3 ct.,,,,,,,,,,,
18417,ONY220207104,2.2500,1963,0.01,1,6 mm Round Bead Black Onyx in Opaque Grade,Originated from the mines in Brazil Nice Luster 1.5 Carats Opaque Grade Black Onyx In size: 6 mm.,,6 mm Round Bead Black Onyx in Opaque Grade,6 mm Round Bead Black Onyx in Opaque Grade,"6, mm, Round, Bead, Black, Onyx, in, Opaque, Grade",Onyx,https://pub-f1751cc6619d4c769aceeaffe6043848.r2.dev/products/1786396540588-0128b41eda7e1aba6c255471e97fdb5a151f93e8e8ecfa03a3ea071cc0baca0d.jpg,https://pub-f1751cc6619d4c769aceeaffe6043848.r2.dev/products/1786396540588-0128b41eda7e1aba6c255471e97fdb5a151f93e8e8ecfa03a3ea071cc0baca0d.jpg,,,,,,Black,Onyx,Opaque,,Round Bead,Opaque,Nice,7,Treated,Brasil,6 mm,1.5 ct.,,,,,,,,,,,
18418,ONY220207105,0.7500,50,0.01,1,4 mm Cabochon Round Bead Black Onyx in Opaque Grade,Originated from the mines in Brazil Nice Luster 0.5 Carats Opaque Grade Black Cabochon Onyx In size: 4 mm.,,4 mm Cabochon Round Bead Black Onyx in Opaque Grade,4 mm Cabochon Round Bead Black Onyx in Opaque Grade,"4, mm, Cabochon, Round, Bead, Black, Onyx, in, Opaque, Grade",Onyx,https://pub-f1751cc6619d4c769aceeaffe6043848.r2.dev/products/1786396540588-0128b41eda7e1aba6c255471e97fdb5a151f93e8e8ecfa03a3ea071cc0baca0d.jpg,https://pub-f1751cc6619d4c769aceeaffe6043848.r2.dev/products/1786396540588-0128b41eda7e1aba6c255471e97fdb5a151f93e8e8ecfa03a3ea071cc0baca0d.jpg,,,,,,Black,Onyx,Opaque,Cabochon,Round Bead,Opaque,Nice,7,Treated,Brasil,4 mm,0.5 ct.,,,,,,,,,,,
18419,ONY220207106,16.5000,10,0.01,1,20x14 mm Carvings Cushion Black Onyx in Opaque Grade,Originated from the mines in Brazil Nice Luster 11 Carats Opaque Grade Black Carvings Onyx In size: 20x14 mm.,,20x14 mm Carvings Cushion Black Onyx in Opaque Grade,20x14 mm Carvings Cushion Black Onyx in Opaque Grade,"20x14, mm, Carvings, Cushion, Black, Onyx, in, Opaque, Grade",Fancy Carved Gemstones,https://pub-f1751cc6619d4c769aceeaffe6043848.r2.dev/products/1786396542290-425bba34e935011f2dabad021fc153784326178f675d699647e8e8f7de28869c.jpg,https://pub-f1751cc6619d4c769aceeaffe6043848.r2.dev/products/1786396542290-425bba34e935011f2dabad021fc153784326178f675d699647e8e8f7de28869c.jpg,,,,,,Black,Onyx,Opaque,Carved,Long Cushion,Opaque,Nice,7,Treated,Brasil,20x14 mm,11 ct.,,,,,,,,,,,
18420,ONY220207107,15.0000,10,0.01,1,18x14 mm Carvings Cushion Black Onyx in Opaque Grade,Originated from the mines in Brazil Nice Luster 10 Carats Opaque Grade Black Carvings Onyx In size: 18x14 mm.,,18x14 mm Carvings Cushion Black Onyx in Opaque Grade,18x14 mm Carvings Cushion Black Onyx in Opaque Grade,"18x14, mm, Carvings, Cushion, Black, Onyx, in, Opaque, Grade",Fancy Carved Gemstones,https://pub-f1751cc6619d4c769aceeaffe6043848.r2.dev/products/1786396542290-425bba34e935011f2dabad021fc153784326178f675d699647e8e8f7de28869c.jpg,https://pub-f1751cc6619d4c769aceeaffe6043848.r2.dev/products/1786396542290-425bba34e935011f2dabad021fc153784326178f675d699647e8e8f7de28869c.jpg,,,,,,Black,Onyx,Opaque,Carved,Long Cushion,Opaque,Nice,7,Treated,Brasil,18x14 mm,10 ct.,,,,,,,,,,,
18421,ONY220207108,12.7500,20,0.01,1,16x14 mm Carvings Cushion Black Onyx in Opaque Grade,Originated from the mines in Brazil Nice Luster 8.50 Carats Opaque Grade Black Carvings Onyx In size: 16x14 mm.,,16x14 mm Carvings Cushion Black Onyx in Opaque Grade,16x14 mm Carvings Cushion Black Onyx in Opaque Grade,"16x14, mm, Carvings, Cushion, Black, Onyx, in, Opaque, Grade",Fancy Carved Gemstones,https://pub-f1751cc6619d4c769aceeaffe6043848.r2.dev/products/1786396542290-425bba34e935011f2dabad021fc153784326178f675d699647e8e8f7de28869c.jpg,https://pub-f1751cc6619d4c769aceeaffe6043848.r2.dev/products/1786396542290-425bba34e935011f2dabad021fc153784326178f675d699647e8e8f7de28869c.jpg,,,,,,Black,Onyx,Opaque,Carved,Long Cushion,Opaque,Nice,7,Treated,Brasil,16x14 mm,8.50 ct.,,,,,,,,,,,
18422,ONY220207109,2.6250,3,0.01,1,10x9 mm Carvings Cushion Black Onyx in Opaque Grade,Originated from the mines in Brazil Nice Luster 1.75 Carats Opaque Grade Black Carvings Onyx In size: 10x9 mm.,,10x9 mm Carvings Cushion Black Onyx in Opaque Grade,10x9 mm Carvings Cushion Black Onyx in Opaque Grade,"10x9, mm, Carvings, Cushion, Black, Onyx, in, Opaque, Grade",Fancy Carved Gemstones,https://pub-f1751cc6619d4c769aceeaffe6043848.r2.dev/products/1786396542290-425bba34e935011f2dabad021fc153784326178f675d699647e8e8f7de28869c.jpg,https://pub-f1751cc6619d4c769aceeaffe6043848.r2.dev/products/1786396542290-425bba34e935011f2dabad021fc153784326178f675d699647e8e8f7de28869c.jpg,,,,,,Black,Onyx,Opaque,Carved,Long Cushion,Opaque,Nice,7,Treated,Brasil,10x9 mm,1.75 ct.,,,,,,,,,,,
18423,ONY220207110,6.7500,10,0.01,1,10 mm Cabochon Cushion Black Onyx in Opaque Grade,Originated from the mines in Brazil Nice Luster 4.5 Carats Opaque Grade Black Cabochon Onyx In size: 10 mm.,,10 mm Cabochon Cushion Black Onyx in Opaque Grade,10 mm Cabochon Cushion Black Onyx in Opaque Grade,"10, mm, Cabochon, Cushion, Black, Onyx, in, Opaque, Grade",Onyx,https://pub-f1751cc6619d4c769aceeaffe6043848.r2.dev/products/1786396543926-a386aa3cf5ce791194afdb6999749fdb00a0ebeb99e886c19dde6d6d534e5fac.jpg,https://pub-f1751cc6619d4c769aceeaffe6043848.r2.dev/products/1786396543926-a386aa3cf5ce791194afdb6999749fdb00a0ebeb99e886c19dde6d6d534e5fac.jpg,,,,,,Black,Onyx,Opaque,Cabochon,Cushion,Opaque,Nice,7,Treated,Brasil,10 mm,4.5 ct.,,,,,,,,,,,
18425,ONY220207112,4.5000,0,0.01,1,10 mm Cabochon Cushion Black Onyx in Opaque Grade,Originated from the mines in Brazil Nice Luster 3 Carats Opaque Grade Black Cabochon Onyx In size: 10 mm.,,10 mm Cabochon Cushion Black Onyx in Opaque Grade,10 mm Cabochon Cushion Black Onyx in Opaque Grade,"10, mm, Cabochon, Cushion, Black, Onyx, in, Opaque, Grade",Onyx,https://pub-f1751cc6619d4c769aceeaffe6043848.r2.dev/products/1786396543926-a386aa3cf5ce791194afdb6999749fdb00a0ebeb99e886c19dde6d6d534e5fac.jpg,https://pub-f1751cc6619d4c769aceeaffe6043848.r2.dev/products/1786396543926-a386aa3cf5ce791194afdb6999749fdb00a0ebeb99e886c19dde6d6d534e5fac.jpg,,,,,,Black,Onyx,Opaque,Cabochon,Cushion,Opaque,Nice,7,Treated,Brasil,10 mm,3 ct.,,,,,,,,,,,
18426,ONY220207113,3.0000,40,0.01,1,9 mm Cabochon Cushion Black Onyx in Opaque Grade,Originated from the mines in Brazil Nice Luster 2 Carats Opaque Grade Black Cabochon Onyx In size: 9 mm.,,9 mm Cabochon Cushion Black Onyx in Opaque Grade,9 mm Cabochon Cushion Black Onyx in Opaque Grade,"9, mm, Cabochon, Cushion, Black, Onyx, in, Opaque, Grade",Onyx,https://pub-f1751cc6619d4c769aceeaffe6043848.r2.dev/products/1786396543926-a386aa3cf5ce791194afdb6999749fdb00a0ebeb99e886c19dde6d6d534e5fac.jpg,https://pub-f1751cc6619d4c769aceeaffe6043848.r2.dev/products/1786396543926-a386aa3cf5ce791194afdb6999749fdb00a0ebeb99e886c19dde6d6d534e5fac.jpg,,,,,,Black,Onyx,Opaque,Cabochon,Cushion,Opaque,Nice,7,Treated,Brasil,9 mm,2 ct.,,,,,,,,,,,
18427,ONY220207114,2.2500,46,0.01,1,8 mm Cabochon Cushion Black Onyx in Opaque Grade,Originated from the mines in Brazil Nice Luster 1.5 Carats Opaque Grade Black Cabochon Onyx In size: 8 mm.,,8 mm Cabochon Cushion Black Onyx in Opaque Grade,8 mm Cabochon Cushion Black Onyx in Opaque Grade,"8, mm, Cabochon, Cushion, Black, Onyx, in, Opaque, Grade",Onyx,https://pub-f1751cc6619d4c769aceeaffe6043848.r2.dev/products/1786396543926-a386aa3cf5ce791194afdb6999749fdb00a0ebeb99e886c19dde6d6d534e5fac.jpg,https://pub-f1751cc6619d4c769aceeaffe6043848.r2.dev/products/1786396543926-a386aa3cf5ce791194afdb6999749fdb00a0ebeb99e886c19dde6d6d534e5fac.jpg,,,,,,Black,Onyx,Opaque,Cabochon,Cushion,Opaque,Nice,7,Treated,Brasil,8 mm,1.5 ct.,,,,,,,,,,,
18428,ONY220207115,1.8000,3,0.01,1,7 mm Cabochon Cushion Black Onyx in Opaque Grade,Originated from the mines in Brazil Nice Luster 1.2 Carats Opaque Grade Black Cabochon Onyx In size: 7 mm.,,7 mm Cabochon Cushion Black Onyx in Opaque Grade,7 mm Cabochon Cushion Black Onyx in Opaque Grade,"7, mm, Cabochon, Cushion, Black, Onyx, in, Opaque, Grade",Onyx,https://pub-f1751cc6619d4c769aceeaffe6043848.r2.dev/products/1786396543926-a386aa3cf5ce791194afdb6999749fdb00a0ebeb99e886c19dde6d6d534e5fac.jpg,https://pub-f1751cc6619d4c769aceeaffe6043848.r2.dev/products/1786396543926-a386aa3cf5ce791194afdb6999749fdb00a0ebeb99e886c19dde6d6d534e5fac.jpg,,,,,,Black,Onyx,Opaque,Cabochon,Cushion,Opaque,Nice,7,Treated,Brasil,7 mm,1.2 ct.,,,,,,,,,,,
18430,ONY220207117,7.1250,0,0.01,1,10 mm Cabochon Sugar Loaf Black Onyx in Opaque Grade,Originated from the mines in Brazil Nice Luster 4.75 Carats Opaque Grade Black Cabochon Onyx In size: 10 mm.,,10 mm Cabochon Sugar Loaf Black Onyx in Opaque Grade,10 mm Cabochon Sugar Loaf Black Onyx in Opaque Grade,"10, mm, Cabochon, Sugar, Loaf, Black, Onyx, in, Opaque, Grade",Onyx,https://pub-f1751cc6619d4c769aceeaffe6043848.r2.dev/products/1786396543926-a386aa3cf5ce791194afdb6999749fdb00a0ebeb99e886c19dde6d6d534e5fac.jpg,https://pub-f1751cc6619d4c769aceeaffe6043848.r2.dev/products/1786396543926-a386aa3cf5ce791194afdb6999749fdb00a0ebeb99e886c19dde6d6d534e5fac.jpg,,,,,,Black,Onyx,Opaque,Cabochon,Sugar Loaf,Opaque,Nice,7,Treated,Brasil,10 mm,4.75 ct.,,,,,,,,,,,
18431,ONY220207118,4.5000,0,0.01,1,8 mm Cabochon Sugar Loaf Black Onyx in Opaque Grade,Originated from the mines in Brazil Nice Luster 3 Carats Opaque Grade Black Cabochon Onyx In size: 8 mm.,,8 mm Cabochon Sugar Loaf Black Onyx in Opaque Grade,8 mm Cabochon Sugar Loaf Black Onyx in Opaque Grade,"8, mm, Cabochon, Sugar, Loaf, Black, Onyx, in, Opaque, Grade",Onyx,https://pub-f1751cc6619d4c769aceeaffe6043848.r2.dev/products/1786396543926-a386aa3cf5ce791194afdb6999749fdb00a0ebeb99e886c19dde6d6d534e5fac.jpg,https://pub-f1751cc6619d4c769aceeaffe6043848.r2.dev/products/1786396543926-a386aa3cf5ce791194afdb6999749fdb00a0ebeb99e886c19dde6d6d534e5fac.jpg,,,,,,Black,Onyx,Opaque,Cabochon,Sugar Loaf,Opaque,Nice,7,Treated,Brasil,8 mm,3 ct.,,,,,,,,,,,
18432,ONY220207119,150.0000,2,0.01,1,50x40 mm Cabochon Oval Black Onyx in Opaque Grade,Originated from the mines in Brazil Nice Luster 100 Carats Opaque Grade Black Cabochon Onyx In size: 50x40 mm.,,50x40 mm Cabochon Oval Black Onyx in Opaque Grade,50x40 mm Cabochon Oval Black Onyx in Opaque Grade,"50x40, mm, Cabochon, Oval, Black, Onyx, in, Opaque, Grade",Onyx,https://pub-f1751cc6619d4c769aceeaffe6043848.r2.dev/products/1786396531247-2d57c1a4fc30b75475ce016243be194768ac14cb7c0fd8bf83becd1cb3e3a511.jpg,https://pub-f1751cc6619d4c769aceeaffe6043848.r2.dev/products/1786396531247-2d57c1a4fc30b75475ce016243be194768ac14cb7c0fd8bf83becd1cb3e3a511.jpg,,,,,,Black,Onyx,Opaque,Cabochon,Oval,Opaque,Nice,7,Treated,Brasil,50x40 mm,100 ct.,,,,,,,,,,,
18433,ONY220207120,112.5000,3,0.01,1,40x30 mm Cabochon Oval Black Onyx in Opaque Grade,Originated from the mines in Brazil Nice Luster 75 Carats Opaque Grade Black Cabochon Onyx In size: 40x30 mm.,,40x30 mm Cabochon Oval Black Onyx in Opaque Grade,40x30 mm Cabochon Oval Black Onyx in Opaque Grade,"40x30, mm, Cabochon, Oval, Black, Onyx, in, Opaque, Grade",Onyx,https://pub-f1751cc6619d4c769aceeaffe6043848.r2.dev/products/1786396531247-2d57c1a4fc30b75475ce016243be194768ac14cb7c0fd8bf83becd1cb3e3a511.jpg,https://pub-f1751cc6619d4c769aceeaffe6043848.r2.dev/products/1786396531247-2d57c1a4fc30b75475ce016243be194768ac14cb7c0fd8bf83becd1cb3e3a511.jpg,,,,,,Black,Onyx,Opaque,Cabochon,Oval,Opaque,Nice,7,Treated,Brasil,40x30 mm,75 ct.,,,,,,,,,,,
18434,ONY220207121,90.0000,2,0.01,1,45x24 mm Cabochon Oval Black Onyx in Opaque Grade,Originated from the mines in Brazil Nice Luster 60 Carats Opaque Grade Black Cabochon Onyx In size: 45x24 mm.,,45x24 mm Cabochon Oval Black Onyx in Opaque Grade,45x24 mm Cabochon Oval Black Onyx in Opaque Grade,"45x24, mm, Cabochon, Oval, Black, Onyx, in, Opaque, Grade",Onyx,https://pub-f1751cc6619d4c769aceeaffe6043848.r2.dev/products/1786396531247-2d57c1a4fc30b75475ce016243be194768ac14cb7c0fd8bf83becd1cb3e3a511.jpg,https://pub-f1751cc6619d4c769aceeaffe6043848.r2.dev/products/1786396531247-2d57c1a4fc30b75475ce016243be194768ac14cb7c0fd8bf83becd1cb3e3a511.jpg,,,,,,Black,Onyx,Opaque,Cabochon,Oval,Opaque,Nice,7,Treated,Brasil,45x24 mm,60 ct.,,,,,,,,,,,
18435,ONY220207122,14.2500,5,0.01,1,20x10 mm Cabochon Long Cushion Black Onyx in Opaque Grade,Originated from the mines in Brazil Nice Luster 9.5 Carats Opaque Grade Black Cabochon Onyx In size: 20x10 mm.,,20x10 mm Cabochon Long Cushion Black Onyx in Opaque Grade,20x10 mm Cabochon Long Cushion Black Onyx in Opaque Grade,"20x10, mm, Cabochon, Long, Cushion, Black, Onyx, in, Opaque, Grade",Onyx,https://pub-f1751cc6619d4c769aceeaffe6043848.r2.dev/products/1786396545604-89eb28caee5df5742c5b1ead06758f269cd4fcd44895e49d1a0e9ef0cd88a370.jpg,https://pub-f1751cc6619d4c769aceeaffe6043848.r2.dev/products/1786396545604-89eb28caee5df5742c5b1ead06758f269cd4fcd44895e49d1a0e9ef0cd88a370.jpg,,,,,,Black,Onyx,Opaque,Cabochon,Long Cushion,Opaque,Nice,7,Treated,Brasil,20x10 mm,9.5 ct.,,,,,,,,,,,
18436,ONY220207123,18.0000,100,0.01,1,18x16 mm Cabochon Long Cushion Black Onyx in Opaque Grade,Originated from the mines in Brazil Nice Luster 12 Carats Opaque Grade Black Cabochon Onyx In size: 18x16 mm.,,18x16 mm Cabochon Long Cushion Black Onyx in Opaque Grade,18x16 mm Cabochon Long Cushion Black Onyx in Opaque Grade,"18x16, mm, Cabochon, Long, Cushion, Black, Onyx, in, Opaque, Grade",Onyx,https://pub-f1751cc6619d4c769aceeaffe6043848.r2.dev/products/1786396548125-8ca4f1866d85f5a3dd97df51a471e8a05efe77d2a89844de8f18388b1c2d686e.jpg,https://pub-f1751cc6619d4c769aceeaffe6043848.r2.dev/products/1786396548125-8ca4f1866d85f5a3dd97df51a471e8a05efe77d2a89844de8f18388b1c2d686e.jpg,,,,,,Black,Onyx,Opaque,Cabochon,Long Cushion,Opaque,Nice,7,Treated,Brasil,18x16 mm,12 ct.,,,,,,,,,,,
18437,ONY220207124,11.2500,1,0.01,1,16x9 mm Cabochon Long Cushion Black Onyx in Opaque Grade,Originated from the mines in Brazil Nice Luster 7.5 Carats Opaque Grade Black Cabochon Onyx In size: 16x9 mm.,,16x9 mm Cabochon Long Cushion Black Onyx in Opaque Grade,16x9 mm Cabochon Long Cushion Black Onyx in Opaque Grade,"16x9, mm, Cabochon, Long, Cushion, Black, Onyx, in, Opaque, Grade",Onyx,https://pub-f1751cc6619d4c769aceeaffe6043848.r2.dev/products/1786396548125-8ca4f1866d85f5a3dd97df51a471e8a05efe77d2a89844de8f18388b1c2d686e.jpg,https://pub-f1751cc6619d4c769aceeaffe6043848.r2.dev/products/1786396548125-8ca4f1866d85f5a3dd97df51a471e8a05efe77d2a89844de8f18388b1c2d686e.jpg,,,,,,Black,Onyx,Opaque,Cabochon,Long Cushion,Opaque,Nice,7,Treated,Brasil,16x9 mm,7.5 ct.,,,,,,,,,,,
18438,ONY220207125,16.5000,0,0.01,1,16x14 mm Cabochon Long Cushion Black Onyx in Opaque Grade,Originated from the mines in Brazil Nice Luster 11 Carats Opaque Grade Black Cabochon Onyx In size: 16x14 mm.,,16x14 mm Cabochon Long Cushion Black Onyx in Opaque Grade,16x14 mm Cabochon Long Cushion Black Onyx in Opaque Grade,"16x14, mm, Cabochon, Long, Cushion, Black, Onyx, in, Opaque, Grade",Onyx,https://pub-f1751cc6619d4c769aceeaffe6043848.r2.dev/products/1786396548125-8ca4f1866d85f5a3dd97df51a471e8a05efe77d2a89844de8f18388b1c2d686e.jpg,https://pub-f1751cc6619d4c769aceeaffe6043848.r2.dev/products/1786396548125-8ca4f1866d85f5a3dd97df51a471e8a05efe77d2a89844de8f18388b1c2d686e.jpg,,,,,,Black,Onyx,Opaque,Cabochon,Long Cushion,Opaque,Nice,7,Treated,Brasil,16x14 mm,11 ct.,,,,,,,,,,,
18439,ONY220207126,11.6250,89,0.01,1,14x12 mm Cabochon Long Cushion Black Onyx in Opaque Grade,Originated from the mines in Brazil Nice Luster 7.75 Carats Opaque Grade Black Cabochon Onyx In size: 14x12 mm.,,14x12 mm Cabochon Long Cushion Black Onyx in Opaque Grade,14x12 mm Cabochon Long Cushion Black Onyx in Opaque Grade,"14x12, mm, Cabochon, Long, Cushion, Black, Onyx, in, Opaque, Grade",Onyx,https://pub-f1751cc6619d4c769aceeaffe6043848.r2.dev/products/1786396548125-8ca4f1866d85f5a3dd97df51a471e8a05efe77d2a89844de8f18388b1c2d686e.jpg,https://pub-f1751cc6619d4c769aceeaffe6043848.r2.dev/products/1786396548125-8ca4f1866d85f5a3dd97df51a471e8a05efe77d2a89844de8f18388b1c2d686e.jpg,,,,,,Black,Onyx,Opaque,Cabochon,Long Cushion,Opaque,Nice,7,Treated,Brasil,14x12 mm,7.75 ct.,,,,,,,,,,,
18440,ONY220207127,6.0000,197,0.01,1,12x10 mm Cabochon Long Cushion Black Onyx in Opaque Grade,Originated from the mines in Brazil Nice Luster 4 Carats Opaque Grade Black Cabochon Onyx In size: 12x10 mm.,,12x10 mm Cabochon Long Cushion Black Onyx in Opaque Grade,12x10 mm Cabochon Long Cushion Black Onyx in Opaque Grade,"12x10, mm, Cabochon, Long, Cushion, Black, Onyx, in, Opaque, Grade",Onyx,https://pub-f1751cc6619d4c769aceeaffe6043848.r2.dev/products/1786396548125-8ca4f1866d85f5a3dd97df51a471e8a05efe77d2a89844de8f18388b1c2d686e.jpg,https://pub-f1751cc6619d4c769aceeaffe6043848.r2.dev/products/1786396548125-8ca4f1866d85f5a3dd97df51a471e8a05efe77d2a89844de8f18388b1c2d686e.jpg,,,,,,Black,Onyx,Opaque,Cabochon,Long Cushion,Opaque,Nice,7,Treated,Brasil,12x10 mm,4 ct.,,,,,,,,,,,
18441,ONY220207128,3.0000,31,0.01,1,10x8 mm Cabochon Long Cushion Black Onyx in Opaque Grade,Originated from the mines in Brazil Nice Luster 2 Carats Opaque Grade Black Cabochon Onyx In size: 10x8 mm.,,10x8 mm Cabochon Long Cushion Black Onyx in Opaque Grade,10x8 mm Cabochon Long Cushion Black Onyx in Opaque Grade,"10x8, mm, Cabochon, Long, Cushion, Black, Onyx, in, Opaque, Grade",Onyx,https://pub-f1751cc6619d4c769aceeaffe6043848.r2.dev/products/1786396548125-8ca4f1866d85f5a3dd97df51a471e8a05efe77d2a89844de8f18388b1c2d686e.jpg,https://pub-f1751cc6619d4c769aceeaffe6043848.r2.dev/products/1786396548125-8ca4f1866d85f5a3dd97df51a471e8a05efe77d2a89844de8f18388b1c2d686e.jpg,,,,,,Black,Onyx,Opaque,Cabochon,Long Cushion,Opaque,Nice,7,Treated,Brasil,10x8 mm,2 ct.,,,,,,,,,,,
18443,ONY220207130,15.0000,6,0.01,1,14 mm Cabochon Round Briolette Black Onyx in Opaque Grade,Originated from the mines in Brazil Nice Luster 10 Carats Opaque Grade Black Cabochon Onyx In size: 14 mm.,,14 mm Cabochon Round Briolette Black Onyx in Opaque Grade,14 mm Cabochon Round Briolette Black Onyx in Opaque Grade,"14, mm, Cabochon, Round, Briolette, Black, Onyx, in, Opaque, Grade",Onyx,https://pub-f1751cc6619d4c769aceeaffe6043848.r2.dev/products/1786396550072-62da934d730b4fd4fd1a515db4aef79f993cd72dc49fd17dc1045a03c577707c.jpg,https://pub-f1751cc6619d4c769aceeaffe6043848.r2.dev/products/1786396550072-62da934d730b4fd4fd1a515db4aef79f993cd72dc49fd17dc1045a03c577707c.jpg,,,,,,Black,Onyx,Opaque,Cabochon,Round Briolette,Opaque,Nice,7,Treated,Brasil,14 mm,10 ct.,,,,,,,,,,,
18444,ONY220207131,8.2500,6,0.01,1,12 mm Cabochon Round Briolette Black Onyx in Opaque Grade,Originated from the mines in Brazil Nice Luster 5.5 Carats Opaque Grade Black Cabochon Onyx In size: 12 mm.,,12 mm Cabochon Round Briolette Black Onyx in Opaque Grade,12 mm Cabochon Round Briolette Black Onyx in Opaque Grade,"12, mm, Cabochon, Round, Briolette, Black, Onyx, in, Opaque, Grade",Onyx,https://pub-f1751cc6619d4c769aceeaffe6043848.r2.dev/products/1786396550072-62da934d730b4fd4fd1a515db4aef79f993cd72dc49fd17dc1045a03c577707c.jpg,https://pub-f1751cc6619d4c769aceeaffe6043848.r2.dev/products/1786396550072-62da934d730b4fd4fd1a515db4aef79f993cd72dc49fd17dc1045a03c577707c.jpg,,,,,,Black,Onyx,Opaque,Cabochon,Round Briolette,Opaque,Nice,7,Treated,Brasil,12 mm,5.5 ct.,,,,,,,,,,,
18445,ONY220207132,5.2500,6,0.01,1,10 mm Cabochon Round Black Onyx,Originated from the mines in Brazil Nice Luster 3.50 Carats 0Black Cabochon Onyx In size: 10 mm.,,10 mm Cabochon Round Black Onyx,10 mm Cabochon Round Black Onyx,"10, mm, Cabochon, Round, Black, Onyx",Onyx,https://pub-f1751cc6619d4c769aceeaffe6043848.r2.dev/products/1786396550072-62da934d730b4fd4fd1a515db4aef79f993cd72dc49fd17dc1045a03c577707c.jpg,https://pub-f1751cc6619d4c769aceeaffe6043848.r2.dev/products/1786396550072-62da934d730b4fd4fd1a515db4aef79f993cd72dc49fd17dc1045a03c577707c.jpg,,,,,,Black,Onyx,,Cabochon,Round,Opaque,Nice,7,Treated,Brasil,10 mm,3.50 ct.,,,,,,,,,,,
18446,ONY220207133,3.0000,8,0.01,1,8 mm Cabochon Round Briolette Black Onyx in Opaque Grade,Originated from the mines in Brazil Nice Luster 2 Carats Opaque Grade Black Cabochon Onyx In size: 8 mm.,,8 mm Cabochon Round Briolette Black Onyx in Opaque Grade,8 mm Cabochon Round Briolette Black Onyx in Opaque Grade,"8, mm, Cabochon, Round, Briolette, Black, Onyx, in, Opaque, Grade",Onyx,https://pub-f1751cc6619d4c769aceeaffe6043848.r2.dev/products/1786396550072-62da934d730b4fd4fd1a515db4aef79f993cd72dc49fd17dc1045a03c577707c.jpg,https://pub-f1751cc6619d4c769aceeaffe6043848.r2.dev/products/1786396550072-62da934d730b4fd4fd1a515db4aef79f993cd72dc49fd17dc1045a03c577707c.jpg,,,,,,Black,Onyx,Opaque,Cabochon,Round Briolette,Opaque,Nice,7,Treated,Brasil,8 mm,2 ct.,,,,,,,,,,,
18447,ONY220207134,9.0000,15,0.01,1,14x6 mm Cabochon Oval Bullet Black Onyx in Opaque Grade,Originated from the mines in Brazil Nice Luster 6 Carats Opaque Grade Black Cabochon Onyx In size: 14x6 mm.,,14x6 mm Cabochon Oval Bullet Black Onyx in Opaque Grade,14x6 mm Cabochon Oval Bullet Black Onyx in Opaque Grade,"14x6, mm, Cabochon, Oval, Bullet, Black, Onyx, in, Opaque, Grade",Onyx,https://pub-f1751cc6619d4c769aceeaffe6043848.r2.dev/products/1786396552079-0baca963f1e0479ae8b2547bd9497d0d1577d9a119fc81e55d1a1fb3061f2f0d.jpg,https://pub-f1751cc6619d4c769aceeaffe6043848.r2.dev/products/1786396552079-0baca963f1e0479ae8b2547bd9497d0d1577d9a119fc81e55d1a1fb3061f2f0d.jpg,,,,,,Black,Onyx,Opaque,Cabochon,Oval Bullet,Opaque,Nice,7,Treated,Brasil,14x6 mm,6 ct.,,,,,,,,,,,
18449,ONY220207136,7.5000,36,0.01,1,13x5 mm Cabochon Oval Bullet Black Onyx in Opaque Grade,Originated from the mines in Brazil Nice Luster 5 Carats Opaque Grade Black Cabochon Onyx In size: 13x5 mm.,,13x5 mm Cabochon Oval Bullet Black Onyx in Opaque Grade,13x5 mm Cabochon Oval Bullet Black Onyx in Opaque Grade,"13x5, mm, Cabochon, Oval, Bullet, Black, Onyx, in, Opaque, Grade",Onyx,https://pub-f1751cc6619d4c769aceeaffe6043848.r2.dev/products/1786396552079-0baca963f1e0479ae8b2547bd9497d0d1577d9a119fc81e55d1a1fb3061f2f0d.jpg,https://pub-f1751cc6619d4c769aceeaffe6043848.r2.dev/products/1786396552079-0baca963f1e0479ae8b2547bd9497d0d1577d9a119fc81e55d1a1fb3061f2f0d.jpg,,,,,,Black,Onyx,Opaque,Cabochon,Oval Bullet,Opaque,Nice,7,Treated,Brasil,13x5 mm,5 ct.,,,,,,,,,,,
18450,ONY220207137,6.0000,24,0.01,1,12x6 mm Cabochon Oval Bullet Black Onyx in Opaque Grade,Originated from the mines in Brazil Nice Luster 4 Carats Opaque Grade Black Cabochon Onyx In size: 12x6 mm.,,12x6 mm Cabochon Oval Bullet Black Onyx in Opaque Grade,12x6 mm Cabochon Oval Bullet Black Onyx in Opaque Grade,"12x6, mm, Cabochon, Oval, Bullet, Black, Onyx, in, Opaque, Grade",Onyx,https://pub-f1751cc6619d4c769aceeaffe6043848.r2.dev/products/1786396552079-0baca963f1e0479ae8b2547bd9497d0d1577d9a119fc81e55d1a1fb3061f2f0d.jpg,https://pub-f1751cc6619d4c769aceeaffe6043848.r2.dev/products/1786396552079-0baca963f1e0479ae8b2547bd9497d0d1577d9a119fc81e55d1a1fb3061f2f0d.jpg,,,,,,Black,Onyx,Opaque,Cabochon,Oval Bullet,Opaque,Nice,7,Treated,Brasil,12x6 mm,4 ct.,,,,,,,,,,,
18451,ONY220207138,5.2500,42,0.01,1,12x5 mm Cabochon Oval Bullet Black Onyx in Opaque Grade,Originated from the mines in Brazil Nice Luster 3.5 Carats Opaque Grade Black Cabochon Onyx In size: 12x5 mm.,,12x5 mm Cabochon Oval Bullet Black Onyx in Opaque Grade,12x5 mm Cabochon Oval Bullet Black Onyx in Opaque Grade,"12x5, mm, Cabochon, Oval, Bullet, Black, Onyx, in, Opaque, Grade",Onyx,https://pub-f1751cc6619d4c769aceeaffe6043848.r2.dev/products/1786396552079-0baca963f1e0479ae8b2547bd9497d0d1577d9a119fc81e55d1a1fb3061f2f0d.jpg,https://pub-f1751cc6619d4c769aceeaffe6043848.r2.dev/products/1786396552079-0baca963f1e0479ae8b2547bd9497d0d1577d9a119fc81e55d1a1fb3061f2f0d.jpg,,,,,,Black,Onyx,Opaque,Cabochon,Oval Bullet,Opaque,Nice,7,Treated,Brasil,12x5 mm,3.5 ct.,,,,,,,,,,,
18452,ONY220207139,4.5000,20,0.01,1,10x5 mm Cabochon Oval Bullet Black Onyx in Opaque Grade,Originated from the mines in Brazil Nice Luster 3 Carats Opaque Grade Black Cabochon Onyx In size: 10x5 mm.,,10x5 mm Cabochon Oval Bullet Black Onyx in Opaque Grade,10x5 mm Cabochon Oval Bullet Black Onyx in Opaque Grade,"10x5, mm, Cabochon, Oval, Bullet, Black, Onyx, in, Opaque, Grade",Onyx,https://pub-f1751cc6619d4c769aceeaffe6043848.r2.dev/products/1786396552079-0baca963f1e0479ae8b2547bd9497d0d1577d9a119fc81e55d1a1fb3061f2f0d.jpg,https://pub-f1751cc6619d4c769aceeaffe6043848.r2.dev/products/1786396552079-0baca963f1e0479ae8b2547bd9497d0d1577d9a119fc81e55d1a1fb3061f2f0d.jpg,,,,,,Black,Onyx,Opaque,Cabochon,Oval Bullet,Opaque,Nice,7,Treated,Brasil,10x5 mm,3 ct.,,,,,,,,,,,
18453,ONY220207140,3.0000,40,0.01,1,8x4 mm Cabochon Oval Bullet Black Onyx in Opaque Grade,Originated from the mines in Brazil Nice Luster 2 Carats Opaque Grade Black Cabochon Onyx In size: 8x4 mm.,,8x4 mm Cabochon Oval Bullet Black Onyx in Opaque Grade,8x4 mm Cabochon Oval Bullet Black Onyx in Opaque Grade,"8x4, mm, Cabochon, Oval, Bullet, Black, Onyx, in, Opaque, Grade",Onyx,https://pub-f1751cc6619d4c769aceeaffe6043848.r2.dev/products/1786396552079-0baca963f1e0479ae8b2547bd9497d0d1577d9a119fc81e55d1a1fb3061f2f0d.jpg,https://pub-f1751cc6619d4c769aceeaffe6043848.r2.dev/products/1786396552079-0baca963f1e0479ae8b2547bd9497d0d1577d9a119fc81e55d1a1fb3061f2f0d.jpg,,,,,,Black,Onyx,Opaque,Cabochon,Oval Bullet,Opaque,Nice,7,Treated,Brasil,8x4 mm,2 ct.,,,,,,,,,,,
18455,ONY220207142,0.7500,190,0.01,1,5x3 mm Cabochon Oval Bullet Black Onyx in Opaque Grade,Originated from the mines in Brazil Nice Luster 0.5 Carats Opaque Grade Black Cabochon Onyx In size: 5x3 mm.,,5x3 mm Cabochon Oval Bullet Black Onyx in Opaque Grade,5x3 mm Cabochon Oval Bullet Black Onyx in Opaque Grade,"5x3, mm, Cabochon, Oval, Bullet, Black, Onyx, in, Opaque, Grade",Onyx,https://pub-f1751cc6619d4c769aceeaffe6043848.r2.dev/products/1786396552079-0baca963f1e0479ae8b2547bd9497d0d1577d9a119fc81e55d1a1fb3061f2f0d.jpg,https://pub-f1751cc6619d4c769aceeaffe6043848.r2.dev/products/1786396552079-0baca963f1e0479ae8b2547bd9497d0d1577d9a119fc81e55d1a1fb3061f2f0d.jpg,,,,,,Black,Onyx,Opaque,Cabochon,Oval Bullet,Opaque,Nice,7,Treated,Brasil,5x3 mm,0.5 ct.,,,,,,,,,,,
18456,ONY220207143,21.0000,50,0.01,1,18x11 mm Faceted Drilled Drop Black Onyx in Opaque Grade,Originated from the mines in Brazil Nice Luster 14 Carats Opaque Grade Black Faceted Onyx In size: 18x11 mm.,,18x11 mm Faceted Drilled Drop Black Onyx in Opaque Grade,18x11 mm Faceted Drilled Drop Black Onyx in Opaque Grade,"18x11, mm, Faceted, Drilled, Drop, Black, Onyx, in, Opaque, Grade",Onyx,https://pub-f1751cc6619d4c769aceeaffe6043848.r2.dev/products/1786396553960-d13fd142b80acb88b3cc0ee24d8930ed56c10177a9cff074d0a1460ca053a1b7.jpg,https://pub-f1751cc6619d4c769aceeaffe6043848.r2.dev/products/1786396553960-d13fd142b80acb88b3cc0ee24d8930ed56c10177a9cff074d0a1460ca053a1b7.jpg,,,,,,Black,Onyx,Opaque,Faceted,Drilled Drop,Opaque,Nice,7,Treated,Brasil,18x11 mm,14 ct.,,,,,,,,,,,
18457,ONY220207144,12.7500,48,0.01,1,15x10 mm Faceted Drilled Drop Black Onyx in Opaque Grade,Originated from the mines in Brazil Nice Luster 8.5 Carats Opaque Grade Black Faceted Onyx In size: 15x10 mm.,,15x10 mm Faceted Drilled Drop Black Onyx in Opaque Grade,15x10 mm Faceted Drilled Drop Black Onyx in Opaque Grade,"15x10, mm, Faceted, Drilled, Drop, Black, Onyx, in, Opaque, Grade",Onyx,https://pub-f1751cc6619d4c769aceeaffe6043848.r2.dev/products/1786396553960-d13fd142b80acb88b3cc0ee24d8930ed56c10177a9cff074d0a1460ca053a1b7.jpg,https://pub-f1751cc6619d4c769aceeaffe6043848.r2.dev/products/1786396553960-d13fd142b80acb88b3cc0ee24d8930ed56c10177a9cff074d0a1460ca053a1b7.jpg,,,,,,Black,Onyx,Opaque,Faceted,Drilled Drop,Opaque,Nice,7,Treated,Brasil,15x10 mm,8.5 ct.,,,,,,,,,,,
18458,ONY220207145,11.2500,49,0.01,1,14x8 mm Faceted Drilled Drop Black Onyx in Opaque Grade,Originated from the mines in Brazil Nice Luster 7.5 Carats Opaque Grade Black Faceted Onyx In size: 14x8 mm.,,14x8 mm Faceted Drilled Drop Black Onyx in Opaque Grade,14x8 mm Faceted Drilled Drop Black Onyx in Opaque Grade,"14x8, mm, Faceted, Drilled, Drop, Black, Onyx, in, Opaque, Grade",Onyx,https://pub-f1751cc6619d4c769aceeaffe6043848.r2.dev/products/1786396553960-d13fd142b80acb88b3cc0ee24d8930ed56c10177a9cff074d0a1460ca053a1b7.jpg,https://pub-f1751cc6619d4c769aceeaffe6043848.r2.dev/products/1786396553960-d13fd142b80acb88b3cc0ee24d8930ed56c10177a9cff074d0a1460ca053a1b7.jpg,,,,,,Black,Onyx,Opaque,Faceted,Drilled Drop,Opaque,Nice,7,Treated,Brasil,14x8 mm,7.5 ct.,,,,,,,,,,,
18459,ONY220207146,24.0000,198,0.01,1,18x11 mm Faceted Drilled Drop Black Onyx in Opaque Grade,Originated from the mines in Brazil Nice Luster 16 Carats Opaque Grade Black Faceted Onyx In size: 18x11 mm. For more detail about this gemstone bead please check the table below.,,18x11 mm Faceted Drilled Drop Black Onyx in Opaque Grade,18x11 mm Faceted Drilled Drop Black Onyx in Opaque Grade,"18x11, mm, Faceted, Drilled, Drop, Black, Onyx, in, Opaque, Grade",Onyx,https://pub-f1751cc6619d4c769aceeaffe6043848.r2.dev/products/1786396555435-bed73b050e017a7b72552dd03b4f56d89585afbfc8002a3c81847e7c2ec22e81.jpg,https://pub-f1751cc6619d4c769aceeaffe6043848.r2.dev/products/1786396555435-bed73b050e017a7b72552dd03b4f56d89585afbfc8002a3c81847e7c2ec22e81.jpg,,,,,,Black,Onyx,Opaque,Faceted,Drilled Drop,Opaque,Nice,7,Treated,Brasil,18x11 mm,16 ct.,,,,,,,,,,,
18460,ONY220207147,30.0000,10,0.01,1,18x13 mm Faceted Drilled Drop Black Onyx in Opaque Grade,Originated from the mines in Brazil Nice Luster 20 Carats Opaque Grade Black Faceted Onyx In size: 18x13 mm.,,18x13 mm Faceted Drilled Drop Black Onyx in Opaque Grade,18x13 mm Faceted Drilled Drop Black Onyx in Opaque Grade,"18x13, mm, Faceted, Drilled, Drop, Black, Onyx, in, Opaque, Grade",Onyx,https://pub-f1751cc6619d4c769aceeaffe6043848.r2.dev/products/1786396555435-bed73b050e017a7b72552dd03b4f56d89585afbfc8002a3c81847e7c2ec22e81.jpg,https://pub-f1751cc6619d4c769aceeaffe6043848.r2.dev/products/1786396555435-bed73b050e017a7b72552dd03b4f56d89585afbfc8002a3c81847e7c2ec22e81.jpg,,,,,,Black,Onyx,Opaque,Faceted,Drilled Drop,Opaque,Nice,7,Treated,Brasil,18x13 mm,20 ct.,,,,,,,,,,,
18461,ONY220207148,52.5000,1,0.01,1,28x15 mm Faceted Drilled Drop Black Onyx in Opaque Grade,Originated from the mines in Brazil Nice Luster 35 Carats Opaque Grade Black Faceted Onyx In size: 28x15 mm.,,28x15 mm Faceted Drilled Drop Black Onyx in Opaque Grade,28x15 mm Faceted Drilled Drop Black Onyx in Opaque Grade,"28x15, mm, Faceted, Drilled, Drop, Black, Onyx, in, Opaque, Grade",Onyx,https://pub-f1751cc6619d4c769aceeaffe6043848.r2.dev/products/1786396555435-bed73b050e017a7b72552dd03b4f56d89585afbfc8002a3c81847e7c2ec22e81.jpg,https://pub-f1751cc6619d4c769aceeaffe6043848.r2.dev/products/1786396555435-bed73b050e017a7b72552dd03b4f56d89585afbfc8002a3c81847e7c2ec22e81.jpg,,,,,,Black,Onyx,Opaque,Faceted,Drilled Drop,Opaque,Nice,7,Treated,Brasil,28x15 mm,35 ct.,,,,,,,,,,,
18462,ONY220207149,24.0000,200,0.01,1,15x11 mm Faceted Drilled Drop Black Onyx in Opaque Grade,Originated from the mines in Brazil Nice Luster 16 Carats Opaque Grade Black Faceted Onyx In size: 15x11 mm.,,15x11 mm Faceted Drilled Drop Black Onyx in Opaque Grade,15x11 mm Faceted Drilled Drop Black Onyx in Opaque Grade,"15x11, mm, Faceted, Drilled, Drop, Black, Onyx, in, Opaque, Grade",Onyx,https://pub-f1751cc6619d4c769aceeaffe6043848.r2.dev/products/1786396555435-bed73b050e017a7b72552dd03b4f56d89585afbfc8002a3c81847e7c2ec22e81.jpg,https://pub-f1751cc6619d4c769aceeaffe6043848.r2.dev/products/1786396555435-bed73b050e017a7b72552dd03b4f56d89585afbfc8002a3c81847e7c2ec22e81.jpg,,,,,,Black,Onyx,Opaque,Faceted,Drilled Drop,Opaque,Nice,7,Treated,Brasil,15x11 mm,16 ct.,,,,,,,,,,,
18463,ONY220207150,9.7500,198,0.01,1,15x8 mm Faceted Drilled Drop Black Onyx in Opaque Grade,Originated from the mines in Brazil Nice Luster 6.5 Carats Opaque Grade Black Faceted Onyx In size: 15x8 mm.,,15x8 mm Faceted Drilled Drop Black Onyx in Opaque Grade,15x8 mm Faceted Drilled Drop Black Onyx in Opaque Grade,"15x8, mm, Faceted, Drilled, Drop, Black, Onyx, in, Opaque, Grade",Onyx,https://pub-f1751cc6619d4c769aceeaffe6043848.r2.dev/products/1786396555435-bed73b050e017a7b72552dd03b4f56d89585afbfc8002a3c81847e7c2ec22e81.jpg,https://pub-f1751cc6619d4c769aceeaffe6043848.r2.dev/products/1786396555435-bed73b050e017a7b72552dd03b4f56d89585afbfc8002a3c81847e7c2ec22e81.jpg,,,,,,Black,Onyx,Opaque,Faceted,Drilled Drop,Opaque,Nice,7,Treated,Brasil,15x8 mm,6.5 ct.,,,,,,,,,,,
18464,ONY220207151,16.5000,200,0.01,1,15x10 mm Faceted Drilled Drop Black Onyx in Opaque Grade,Originated from the mines in Brazil Nice Luster 11 Carats Opaque Grade Black Faceted Onyx In size: 15x10 mm.,,15x10 mm Faceted Drilled Drop Black Onyx in Opaque Grade,15x10 mm Faceted Drilled Drop Black Onyx in Opaque Grade,"15x10, mm, Faceted, Drilled, Drop, Black, Onyx, in, Opaque, Grade",Onyx,https://pub-f1751cc6619d4c769aceeaffe6043848.r2.dev/products/1786396555435-bed73b050e017a7b72552dd03b4f56d89585afbfc8002a3c81847e7c2ec22e81.jpg,https://pub-f1751cc6619d4c769aceeaffe6043848.r2.dev/products/1786396555435-bed73b050e017a7b72552dd03b4f56d89585afbfc8002a3c81847e7c2ec22e81.jpg,,,,,,Black,Onyx,Opaque,Faceted,Drilled Drop,Opaque,Nice,7,Treated,Brasil,15x10 mm,11 ct.,,,,,,,,,,,
18465,ONY220207152,19.5000,38,0.01,1,14x11 mm Faceted Drilled Drop Black Onyx in Opaque Grade,Originated from the mines in Brazil Nice Luster 13 Carats Opaque Grade Black Faceted Onyx In size: 14x11 mm.,,14x11 mm Faceted Drilled Drop Black Onyx in Opaque Grade,14x11 mm Faceted Drilled Drop Black Onyx in Opaque Grade,"14x11, mm, Faceted, Drilled, Drop, Black, Onyx, in, Opaque, Grade",Onyx,https://pub-f1751cc6619d4c769aceeaffe6043848.r2.dev/products/1786396555435-bed73b050e017a7b72552dd03b4f56d89585afbfc8002a3c81847e7c2ec22e81.jpg,https://pub-f1751cc6619d4c769aceeaffe6043848.r2.dev/products/1786396555435-bed73b050e017a7b72552dd03b4f56d89585afbfc8002a3c81847e7c2ec22e81.jpg,,,,,,Black,Onyx,Opaque,Faceted,Drilled Drop,Opaque,Nice,7,Treated,Brasil,14x11 mm,13 ct.,,,,,,,,,,,
18466,ONY220207153,12.7500,100,0.01,1,13x10 mm Cabochon Drilled Drop Black Onyx in Opaque Grade,Originated from the mines in Brazil Nice Luster 8.5 Carats Opaque Grade Black Cabochon Onyx In size: 13x10 mm.,,13x10 mm Cabochon Drilled Drop Black Onyx in Opaque Grade,13x10 mm Cabochon Drilled Drop Black Onyx in Opaque Grade,"13x10, mm, Cabochon, Drilled, Drop, Black, Onyx, in, Opaque, Grade",Onyx,https://pub-f1751cc6619d4c769aceeaffe6043848.r2.dev/products/1786396557235-1e67af8f6ac2127e2c6b4dc9b2e53b693b53e9490e3288030118c3cb3839360c.jpg,https://pub-f1751cc6619d4c769aceeaffe6043848.r2.dev/products/1786396557235-1e67af8f6ac2127e2c6b4dc9b2e53b693b53e9490e3288030118c3cb3839360c.jpg,,,,,,Black,Onyx,Opaque,Cabochon,Drilled Drop,Opaque,Nice,7,Treated,Brasil,13x10 mm,8.5 ct.,,,,,,,,,,,
18470,ONY220207157,6.0000,8,0.01,1,14x12 mm Cabochon Donut Square Black Onyx in Opaque Grade,Originated from the mines in Brazil Nice Luster 4 Carats Opaque Grade Black Cabochon Onyx In size: 14x12 mm.,,14x12 mm Cabochon Donut Square Black Onyx in Opaque Grade,14x12 mm Cabochon Donut Square Black Onyx in Opaque Grade,"14x12, mm, Cabochon, Donut, Square, Black, Onyx, in, Opaque, Grade",Fancy Carved Gemstones,https://pub-f1751cc6619d4c769aceeaffe6043848.r2.dev/products/1786396559901-4eb79bbafc7cedeae32bbdcd127acfcbe6a8dc3603c590320efe56cceda579a3.jpg,https://pub-f1751cc6619d4c769aceeaffe6043848.r2.dev/products/1786396559901-4eb79bbafc7cedeae32bbdcd127acfcbe6a8dc3603c590320efe56cceda579a3.jpg,,,,,,Black,Onyx,Opaque,Cabochon,Donut Square,Opaque,Nice,7,Treated,Brasil,14x12 mm,4 ct.,,,,,,,,,,,
18471,ONY220207158,5.2500,6,0.01,1,14x10 mm Cabochon Donut Square Black Onyx in Opaque Grade,Originated from the mines in Brazil Nice Luster 3.50 Carats Opaque Grade Black Cabochon Onyx In size: 14x10 mm.,,14x10 mm Cabochon Donut Square Black Onyx in Opaque Grade,14x10 mm Cabochon Donut Square Black Onyx in Opaque Grade,"14x10, mm, Cabochon, Donut, Square, Black, Onyx, in, Opaque, Grade",Fancy Carved Gemstones,https://pub-f1751cc6619d4c769aceeaffe6043848.r2.dev/products/1786396559901-4eb79bbafc7cedeae32bbdcd127acfcbe6a8dc3603c590320efe56cceda579a3.jpg,https://pub-f1751cc6619d4c769aceeaffe6043848.r2.dev/products/1786396559901-4eb79bbafc7cedeae32bbdcd127acfcbe6a8dc3603c590320efe56cceda579a3.jpg,,,,,,Black,Onyx,Opaque,Cabochon,Donut Square,Opaque,Nice,7,Treated,Brasil,14x10 mm,3.50 ct.,,,,,,,,,,,
18472,ONY220207159,4.5000,0,0.01,1,12x10 mm Cabochon Donut Square Black Onyx in Opaque Grade,Originated from the mines in Brazil Nice Luster 3 Carats Opaque Grade Black Cabochon Onyx In size: 12x10 mm.,,12x10 mm Cabochon Donut Square Black Onyx in Opaque Grade,12x10 mm Cabochon Donut Square Black Onyx in Opaque Grade,"12x10, mm, Cabochon, Donut, Square, Black, Onyx, in, Opaque, Grade",Fancy Carved Gemstones,https://pub-f1751cc6619d4c769aceeaffe6043848.r2.dev/products/1786396559901-4eb79bbafc7cedeae32bbdcd127acfcbe6a8dc3603c590320efe56cceda579a3.jpg,https://pub-f1751cc6619d4c769aceeaffe6043848.r2.dev/products/1786396559901-4eb79bbafc7cedeae32bbdcd127acfcbe6a8dc3603c590320efe56cceda579a3.jpg,,,,,,Black,Onyx,Opaque,Cabochon,Donut Square,Opaque,Nice,7,Treated,Brasil,12x10 mm,3 ct.,,,,,,,,,,,
18473,ONY220207160,2.2500,1,0.01,1,10x8 mm Cabochon Donut Square Black Onyx in Opaque Grade,Originated from the mines in Brazil Nice Luster 1.50 Carats Opaque Grade Black Cabochon Onyx In size: 10x8 mm.,,10x8 mm Cabochon Donut Square Black Onyx in Opaque Grade,10x8 mm Cabochon Donut Square Black Onyx in Opaque Grade,"10x8, mm, Cabochon, Donut, Square, Black, Onyx, in, Opaque, Grade",Fancy Carved Gemstones,https://pub-f1751cc6619d4c769aceeaffe6043848.r2.dev/products/1786396559901-4eb79bbafc7cedeae32bbdcd127acfcbe6a8dc3603c590320efe56cceda579a3.jpg,https://pub-f1751cc6619d4c769aceeaffe6043848.r2.dev/products/1786396559901-4eb79bbafc7cedeae32bbdcd127acfcbe6a8dc3603c590320efe56cceda579a3.jpg,,,,,,Black,Onyx,Opaque,Cabochon,Donut Square,Opaque,Nice,7,Treated,Brasil,10x8 mm,1.50 ct.,,,,,,,,,,,
18474,ONY220207161,7.5000,1,0.01,1,15 mm Cabochon Donut Black Onyx in Opaque Grade,Originated from the mines in Brazil Nice Luster 5 Carats Opaque Grade Black Cabochon Onyx In size: 15 mm.,,15 mm Cabochon Donut Black Onyx in Opaque Grade,15 mm Cabochon Donut Black Onyx in Opaque Grade,"15, mm, Cabochon, Donut, Black, Onyx, in, Opaque, Grade",Fancy Carved Gemstones,https://pub-f1751cc6619d4c769aceeaffe6043848.r2.dev/products/1786396561599-e48617c0e92bb7f79599b6ca8095d48010fe76d3885a49fba841fb9a14db129d.jpg,https://pub-f1751cc6619d4c769aceeaffe6043848.r2.dev/products/1786396561599-e48617c0e92bb7f79599b6ca8095d48010fe76d3885a49fba841fb9a14db129d.jpg,,,,,,Black,Onyx,Opaque,Cabochon,Donut,Opaque,Nice,7,Treated,Brasil,15 mm,5 ct.,,,,,,,,,,,
18477,ONY220207164,0.3000,850,0.01,1,4 mm Cabochon Donut Black Onyx in Opaque Grade,Originated from the mines in Brazil Nice Luster 0.2 Carats Opaque Grade Black Cabochon Onyx In size: 4 mm.,,4 mm Cabochon Donut Black Onyx in Opaque Grade,4 mm Cabochon Donut Black Onyx in Opaque Grade,"4, mm, Cabochon, Donut, Black, Onyx, in, Opaque, Grade",Fancy Carved Gemstones,https://pub-f1751cc6619d4c769aceeaffe6043848.r2.dev/products/1786396561599-e48617c0e92bb7f79599b6ca8095d48010fe76d3885a49fba841fb9a14db129d.jpg,https://pub-f1751cc6619d4c769aceeaffe6043848.r2.dev/products/1786396561599-e48617c0e92bb7f79599b6ca8095d48010fe76d3885a49fba841fb9a14db129d.jpg,,,,,,Black,Onyx,Opaque,Cabochon,Donut,Opaque,Nice,7,Treated,Brasil,4 mm,0.20 ct.,,,,,,,,,,,
18478,ONY220207165,17.2500,1,0.01,1,25 mm Cabochon Donut Black Onyx in Opaque Grade,Originated from the mines in Brazil Nice Luster 11.5 Carats Opaque Grade Black Cabochon Onyx In size: 25 mm.,,25 mm Cabochon Donut Black Onyx in Opaque Grade,25 mm Cabochon Donut Black Onyx in Opaque Grade,"25, mm, Cabochon, Donut, Black, Onyx, in, Opaque, Grade",Fancy Carved Gemstones,https://pub-f1751cc6619d4c769aceeaffe6043848.r2.dev/products/1786396561599-e48617c0e92bb7f79599b6ca8095d48010fe76d3885a49fba841fb9a14db129d.jpg,https://pub-f1751cc6619d4c769aceeaffe6043848.r2.dev/products/1786396561599-e48617c0e92bb7f79599b6ca8095d48010fe76d3885a49fba841fb9a14db129d.jpg,,,,,,Black,Onyx,Opaque,Cabochon,Donut,Opaque,Nice,7,Treated,Brasil,25 mm,11.5 ct.,,,,,,,,,,,
18480,ONY220207167,102.0000,2,0.01,1,34x24 mm Cabochon Drop Black Onyx in Opaque Grade,Originated from the mines in Brazil Nice Luster 68 Carats Opaque Grade Black Cabochon Onyx In size: 34x24 mm.,,34x24 mm Cabochon Drop Black Onyx in Opaque Grade,34x24 mm Cabochon Drop Black Onyx in Opaque Grade,"34x24, mm, Cabochon, Drop, Black, Onyx, in, Opaque, Grade",Onyx,https://pub-f1751cc6619d4c769aceeaffe6043848.r2.dev/products/1786396563383-43d7821d4c0d427264e19c096a3e2c4951b05aec05de12d40c332bdee449eccb.jpg,https://pub-f1751cc6619d4c769aceeaffe6043848.r2.dev/products/1786396563383-43d7821d4c0d427264e19c096a3e2c4951b05aec05de12d40c332bdee449eccb.jpg,,,,,,Black,Onyx,Opaque,Cabochon,Drop,Opaque,Nice,7,Treated,Brasil,34x24 mm,68 ct.,,,,,,,,,,,
18481,ONY220207168,45.0000,20,0.01,1,22 mm Carvings Fancy Square Black Onyx in Opaque Grade,Originated from the mines in Brazil Nice Luster 30 Carats Opaque Grade Black Carvings Onyx In size: 22 mm.,,22 mm Carvings Fancy Square Black Onyx in Opaque Grade,22 mm Carvings Fancy Square Black Onyx in Opaque Grade,"22, mm, Carvings, Fancy, Square, Black, Onyx, in, Opaque, Grade",Fancy Carved Gemstones,https://pub-f1751cc6619d4c769aceeaffe6043848.r2.dev/products/1786396565328-158c01d452d5641c8fe7a0b5559d99931df5a5924b44195a281117f749d2a807.jpg,https://pub-f1751cc6619d4c769aceeaffe6043848.r2.dev/products/1786396565328-158c01d452d5641c8fe7a0b5559d99931df5a5924b44195a281117f749d2a807.jpg,,,,,,Black,Onyx,Opaque,Carved,Fancy Square,Opaque,Nice,7,Treated,Brasil,22 mm,30 ct.,,,,,,,,,,,
18482,ONY220207169,7.5000,9970,0.01,1,13 mm Carvings Fancy Square Black Onyx in Opaque Grade,Originated from the mines in Brazil Nice Luster 5 Carats Opaque Grade Black Carvings Onyx In size: 13 mm.,,13 mm Carvings Fancy Square Black Onyx in Opaque Grade,13 mm Carvings Fancy Square Black Onyx in Opaque Grade,"13, mm, Carvings, Fancy, Square, Black, Onyx, in, Opaque, Grade",Fancy Carved Gemstones,https://pub-f1751cc6619d4c769aceeaffe6043848.r2.dev/products/1786396565328-158c01d452d5641c8fe7a0b5559d99931df5a5924b44195a281117f749d2a807.jpg,https://pub-f1751cc6619d4c769aceeaffe6043848.r2.dev/products/1786396565328-158c01d452d5641c8fe7a0b5559d99931df5a5924b44195a281117f749d2a807.jpg,,,,,,Black,Onyx,Opaque,Carved,Fancy Square,Opaque,Nice,7,Treated,Brasil,13 mm,5 ct.,,,,,,,,,,,
18483,ONY220207170,4.5000,9987,0.01,1,11 mm Carvings Fancy Square Black Onyx in Opaque Grade,Originated from the mines in Brazil Nice Luster 3 Carats Opaque Grade Black Carvings Onyx In size: 11 mm.,,11 mm Carvings Fancy Square Black Onyx in Opaque Grade,11 mm Carvings Fancy Square Black Onyx in Opaque Grade,"11, mm, Carvings, Fancy, Square, Black, Onyx, in, Opaque, Grade",Fancy Carved Gemstones,https://pub-f1751cc6619d4c769aceeaffe6043848.r2.dev/products/1786396565328-158c01d452d5641c8fe7a0b5559d99931df5a5924b44195a281117f749d2a807.jpg,https://pub-f1751cc6619d4c769aceeaffe6043848.r2.dev/products/1786396565328-158c01d452d5641c8fe7a0b5559d99931df5a5924b44195a281117f749d2a807.jpg,,,,,,Black,Onyx,Opaque,Carved,Fancy Square,Opaque,Nice,7,Treated,Brasil,11 mm,3 ct.,,,,,,,,,,,
18484,ONY220207171,5.2500,9955,0.01,1,7 mm Carvings Fancy Square Black Onyx in Opaque Grade,Originated from the mines in Brazil Nice Luster 1.75 Carats Opaque Grade Black Carvings Onyx In size: 7 mm.,,7 mm Carvings Fancy Square Black Onyx in Opaque Grade,7 mm Carvings Fancy Square Black Onyx in Opaque Grade,"7, mm, Carvings, Fancy, Square, Black, Onyx, in, Opaque, Grade",Fancy Carved Gemstones,https://pub-f1751cc6619d4c769aceeaffe6043848.r2.dev/products/1786396565328-158c01d452d5641c8fe7a0b5559d99931df5a5924b44195a281117f749d2a807.jpg,https://pub-f1751cc6619d4c769aceeaffe6043848.r2.dev/products/1786396565328-158c01d452d5641c8fe7a0b5559d99931df5a5924b44195a281117f749d2a807.jpg,,,,,,Black,Onyx,Opaque,Carved,Fancy Square,Opaque,Nice,7,Treated,Brasil,7 mm,1.75 ct.,,,,,,,,,,,
18485,ONY220207172,0.7500,140,0.01,1,5 mm Carvings Fancy Square Black Onyx in Opaque Grade,Originated from the mines in Brazil Nice Luster 0.5 Carats Opaque Grade Black Carvings Onyx In size: 5 mm.,,5 mm Carvings Fancy Square Black Onyx in Opaque Grade,5 mm Carvings Fancy Square Black Onyx in Opaque Grade,"5, mm, Carvings, Fancy, Square, Black, Onyx, in, Opaque, Grade",Fancy Carved Gemstones,https://pub-f1751cc6619d4c769aceeaffe6043848.r2.dev/products/1786396565328-158c01d452d5641c8fe7a0b5559d99931df5a5924b44195a281117f749d2a807.jpg,https://pub-f1751cc6619d4c769aceeaffe6043848.r2.dev/products/1786396565328-158c01d452d5641c8fe7a0b5559d99931df5a5924b44195a281117f749d2a807.jpg,,,,,,Black,Onyx,Opaque,Carved,Fancy Square,Opaque,Nice,7,Treated,Brasil,5 mm,0.5 ct.,,,,,,,,,,,
19072,BD031607001,49.9900,189,0.01,1,1 Ct Black Diamond Opaque clarity Commercial For Recutting,"Diamonds at below wholesale prices from Alpha Imports. This diamond may have visible surface flaws like scratches, nicks and chipped. Good for re-cutting only.",,1 Carats Black Round Diamond Opaque clarity Commercial,1 Carats Black Round Diamond Opaque clarity Commercial,"1 Carats, Black, Round, Diamond, Opaque, clarity, Commercial",Black Diamonds,https://pub-f1751cc6619d4c769aceeaffe6043848.r2.dev/products/1786396516012-33de54cd471769639aec56ae850c7ef1808d9d57ad6b8a618142908e8a2b27dc.jpg,https://pub-f1751cc6619d4c769aceeaffe6043848.r2.dev/products/1786396516012-33de54cd471769639aec56ae850c7ef1808d9d57ad6b8a618142908e8a2b27dc.jpg,,,,,,Black,Black Diamond,Commercial,Good,Round,,Nice,10,Irradiated,,6 mm,1 ct.,Opaque,,,,,,,,,,
19283,GDR03290734,670.4000,2,0.01,1,2.06 Carats Black Diamond Ring in 14 k White Gold,Simple sophisticated crafted in lustrous 14k white gold the Black diamond as center stone exudes warmth and tradition,,2.06 Carats Black Diamond Ring in 14 k White Gold,2.06 Carats Black Diamond Ring in 14 k White Gold,"2.06, Carats, Black, Diamond, Ring, in, 14, k, White, Gold",Color Diamond Rings,https://pub-f1751cc6619d4c769aceeaffe6043848.r2.dev/products/1786396566963-c968f7d78c13258e12a0b6c98ca320ab5a81905eb6d85d45aea88b94b340e943.jpg,https://pub-f1751cc6619d4c769aceeaffe6043848.r2.dev/products/1786396566963-c968f7d78c13258e12a0b6c98ca320ab5a81905eb6d85d45aea88b94b340e943.jpg,,,,,,Black,Black Diamond,,,Octagon,,,,,,7.5x6 mm,1.25 ct.,,14K White Gold,9.17 Grams,7,,,,,,,
19290,BD03040701,460.0000,5,0.01,1,2.30 Carats Round Black Diamond,Originated from the mines in Africa Fair luster 2.30 Carats Black Round Opaque Diamond,,2.30 Carats Round Black Diamond,2.30 Carats Round Black Diamond,"2.30, Carats, Black, Round, Diamond",Black Diamonds,https://pub-f1751cc6619d4c769aceeaffe6043848.r2.dev/products/1786396516012-33de54cd471769639aec56ae850c7ef1808d9d57ad6b8a618142908e8a2b27dc.jpg,https://pub-f1751cc6619d4c769aceeaffe6043848.r2.dev/products/1786396516012-33de54cd471769639aec56ae850c7ef1808d9d57ad6b8a618142908e8a2b27dc.jpg,,,,,,Black,Diamond,A,,Round,Opaque,,10,Irradiated,Africa,,2.30 ct.,,,,,,,,,,,
19807,BD04182007,51.0000,62,0.01,1,1.80 Carats Round Black Diamond Commercial Grade,"Originated from the mines in Africa Fair luster 1.80 Carats Round Black Diamond in commercial grade.Large commercial black diamonds usually have some surface flaws. These flaws can be scratch, nicks or chips.",,1.80 Carats Round Black  Diamond Commercial Grade,1.80 Carats Round Black  Diamond Commercial Grade,"1.80 Carats, Black, Round, Diamond, Commercial, Grade",Black Diamonds,https://pub-f1751cc6619d4c769aceeaffe6043848.r2.dev/products/1786396516012-33de54cd471769639aec56ae850c7ef1808d9d57ad6b8a618142908e8a2b27dc.jpg,https://pub-f1751cc6619d4c769aceeaffe6043848.r2.dev/products/1786396516012-33de54cd471769639aec56ae850c7ef1808d9d57ad6b8a618142908e8a2b27dc.jpg,,,,,,Black,Diamond,,,Round,Opaque,,10,,Africa,,1.80 ct.,,,,,,,,,,,
19892,GEM050407005,20.2500,18,0.01,1,17 x 8 mm Faceted Briolette Black Onyx,Originated from the mines in Brazil Nice Luster 6.75 Carats AAA Grade Faceted Black Onyx In size: 17 x 8 mm (Drilled on Top).,,17 x 8 mm Faceted Briolette Black Onyx,17 x 8 mm Faceted Briolette Black Onyx,"17, x, 8, mm, Faceted, Briolette, Black, Onyx",Briolettes,https://pub-f1751cc6619d4c769aceeaffe6043848.r2.dev/products/1786396568516-a04283ce5b43e6c2a47f81d996b1ce6dbe38781bef93a5501554a70dc62557df.jpg,https://pub-f1751cc6619d4c769aceeaffe6043848.r2.dev/products/1786396568516-a04283ce5b43e6c2a47f81d996b1ce6dbe38781bef93a5501554a70dc62557df.jpg,,,,,,Black,Black Onyx,AAA,Faceted,Briolette,,Nice,7,Treated,Brasil,17x8 mm,6.75 ct.,Opaque,,,,,,,,,,
20463,BD06060701,280.0000,13,0.01,1,1.40 Carats Black Round Diamond,Originated from the mines in Africa Nice luster 1.40 Carats Black Round Diamond.,,1.40 Carats Black Round Diamond,1.40 Carats Black Round Diamond,"1.40 carat, Carats, Black diamond, Round, Diamond, clarity",Black Diamonds,https://pub-f1751cc6619d4c769aceeaffe6043848.r2.dev/products/1786396516012-33de54cd471769639aec56ae850c7ef1808d9d57ad6b8a618142908e8a2b27dc.jpg,https://pub-f1751cc6619d4c769aceeaffe6043848.r2.dev/products/1786396516012-33de54cd471769639aec56ae850c7ef1808d9d57ad6b8a618142908e8a2b27dc.jpg,,,,,,Black,Black Diamond,,,Round,,,10,Irradiated,,,1.40 ct.,Opaque,,,,,,,,,,
20523,REC062120071,234.0000,198,0.01,1,1.0 ct. twt Black Diamond ring and Stud Earrings in 14K Gold,A beautiful matched set of black diamond ring and pair of stud earrings. 1 carat total weight of black diamonds set in 14 k gold available in white or yellow gold. A great value gift for any occasion.,,1.0 ct. twt Black Diamond ring and Earrings in 14K Gold,1.0 ct. twt Black Diamond ring and Earrings in 14K Gold,"ring earring combo, 1 Carats, Black Diamond Earrings, 14K Gold",Engagement Solitaire Rings,https://pub-f1751cc6619d4c769aceeaffe6043848.r2.dev/products/1786396570141-f9267b804e8a7c4c2334d8c20d24e0f41b26fedeec8f88502e07cbc6e8358879.gif,https://pub-f1751cc6619d4c769aceeaffe6043848.r2.dev/products/1786396570141-f9267b804e8a7c4c2334d8c20d24e0f41b26fedeec8f88502e07cbc6e8358879.gif,,,,,,Black,Diamond,,Brilliant,Round,,,,Color Treated,Africa,,1 ct.,Opaque,14K White or Yellow Gold,,,,,,,,,
20961,BD0730200701,60.0000,44,0.01,1,0.60 Carats (5 mm) Black Round Diamond AAA,Originated from the mines in Africa Nice luster 0.60 Carats Black Round AAA Diamond size : 5 mm.,,0.60 Carats (5 mm) Black Round Diamond AAA,0.60 Carats (5 mm) Black Round Diamond AAA,"0.60 Black diamond, Round black Diamond, aaa black diamond",Black Diamonds,https://pub-f1751cc6619d4c769aceeaffe6043848.r2.dev/products/1786396516012-33de54cd471769639aec56ae850c7ef1808d9d57ad6b8a618142908e8a2b27dc.jpg,https://pub-f1751cc6619d4c769aceeaffe6043848.r2.dev/products/1786396516012-33de54cd471769639aec56ae850c7ef1808d9d57ad6b8a618142908e8a2b27dc.jpg,,,,,,Black,Black Diamond,AAA,Brilliant,Round,,Fair,10,Irradiated,Africa,5 mm,0.60 ct.,Opaque,,,,,,,,,,
21081,TSR091107147,258.0000,23,0.01,1,Three Stone Ring- 0.35 Carat Twt. Diamond Ring in 14K Gold,Delicately designed and crafted in 14k gold sparkles with cool white diamond as the center stone and round black diamond on each side add an air of distinction.,,Three Stone Ring- 0.35 Carat Twt. Diamond Ring in 14K Gold,Three Stone Ring- 0.35 Carat Twt. Diamond Ring in 14K Gold,"three stone, three stone ring, three stone diamond ring, 3 stone ring",Three Stone Diamond Rings,https://pub-f1751cc6619d4c769aceeaffe6043848.r2.dev/products/1786396571532-654a301c964655d7b1535f6df97c57a42eb65a4f553a578fd152d0a2c7eb8ca1.jpg,https://pub-f1751cc6619d4c769aceeaffe6043848.r2.dev/products/1786396571532-654a301c964655d7b1535f6df97c57a42eb65a4f553a578fd152d0a2c7eb8ca1.jpg,,,,,,Black,Diamond,,Very Good,,,,,Treated,,,0.15 ct.,,14K White or Yellow Gold,2 Grams,,,,,,,,
21082,TSR091107150,299.0000,18,0.01,1,Three Stone Ring- 0.50 Carat Twt. Diamond Ring in 14K Gold,Delicately designed and crafted in 14k gold sparkles with cool white diamond as the center stone and round black diamond on each side add an air of distinction.,,Three Stone Ring- 0.50 Carat Twt. Diamond Ring in 14K Gold,Three Stone Ring- 0.50 Carat Twt. Diamond Ring in 14K Gold,"three stone, three stone ring, three stone diamond ring, 3 stone ring",Three Stone Diamond Rings,https://pub-f1751cc6619d4c769aceeaffe6043848.r2.dev/products/1786396571532-654a301c964655d7b1535f6df97c57a42eb65a4f553a578fd152d0a2c7eb8ca1.jpg,https://pub-f1751cc6619d4c769aceeaffe6043848.r2.dev/products/1786396571532-654a301c964655d7b1535f6df97c57a42eb65a4f553a578fd152d0a2c7eb8ca1.jpg,,,,,,Black,Diamond,,Very Good,,,,,Treated,,,0.25 ct.,,14K White or Yellow Gold,2 Grams,,,,,,,,
21083,TSR091107153,660.0000,23,0.01,1,Three Stone Ring- 1 Carat Twt. Diamond Ring in 14K Gold,Delicately designed and crafted in 14k gold sparkles with cool white diamond as the center stone and round black diamond on each side add an air of distinction.,,Three Stone Ring- 1 Carat Twt. Diamond Ring in 14K Gold,,"three stone, three stone ring, three stone diamond ring, 3 stone ring",Three Stone Diamond Rings,https://pub-f1751cc6619d4c769aceeaffe6043848.r2.dev/products/1786396571532-654a301c964655d7b1535f6df97c57a42eb65a4f553a578fd152d0a2c7eb8ca1.jpg,https://pub-f1751cc6619d4c769aceeaffe6043848.r2.dev/products/1786396571532-654a301c964655d7b1535f6df97c57a42eb65a4f553a578fd152d0a2c7eb8ca1.jpg,,,,,,Black,Diamond,,Very Good,,,,,Treated,,,0.50 ct.,,14K White or Yellow Gold,2 Grams,,,,,,,,
21084,TSR091107156,1440.0000,24,0.01,1,Three Stone Ring- 2 Carats Twt. Diamond Ring in 14K Gold,Delicately designed and crafted in 14k gold sparkles with cool&nbsp;black diamond as the center stone and round&nbsp; white diamond on each side add an air of distinction.,,Three Stone Ring- 2 Carats Twt. Diamond Ring in 14K Gold,Three Stone Ring- 2 Carats Twt. Diamond Ring in 14K Gold,"three stone, three stone ring, three stone diamond ring, 3 stone ring",Three Stone Diamond Rings,https://pub-f1751cc6619d4c769aceeaffe6043848.r2.dev/products/1786396571532-654a301c964655d7b1535f6df97c57a42eb65a4f553a578fd152d0a2c7eb8ca1.jpg,https://pub-f1751cc6619d4c769aceeaffe6043848.r2.dev/products/1786396571532-654a301c964655d7b1535f6df97c57a42eb65a4f553a578fd152d0a2c7eb8ca1.jpg,,,,,,Black,Diamond,,Very Good,,,,,Treated,,,1 ct.,,14K White or Yellow Gold,2 Grams,,,,,,,,
21085,TSR091107159,312.0000,25,0.01,1,Three Stone Ring- 0.35 Carat Twt. Diamond Ring in 14K Gold,Yet another great combination Gracefully designed in 14k gold the graceful black diamond solitaire flanked by a round diamond on each side just looks adorable. Perfect wear for any occasion engagement or anniversary.,,Three Stone Ring- 0.35 Carat Twt. Diamond Ring in 14K Gold,Three Stone Ring- 0.35 Carat Twt. Diamond Ring in 14K Gold,"three stone, three stone ring, three stone diamond ring, 3 stone ring",Three Stone Diamond Rings,https://pub-f1751cc6619d4c769aceeaffe6043848.r2.dev/products/1786396573313-1980dd527ab1f898e07e311115ef1b51094926154d341d1a3b4869b6321ea4dd.jpg,https://pub-f1751cc6619d4c769aceeaffe6043848.r2.dev/products/1786396573313-1980dd527ab1f898e07e311115ef1b51094926154d341d1a3b4869b6321ea4dd.jpg,,,,,,White,Diamond,,Very Good,,,,,,,,0.15 ct.,,14K White or Yellow Gold,2 Grams,,,,,,,,
21086,TSR091107162,490.0000,25,0.01,1,Three Stone Ring- 0.50 Carat Twt. Diamond Ring in 14K Gold,Yet another great combination Gracefully designed in 14k gold the graceful black diamond solitaire flanked by a round diamond on each side just looks adorable. Perfect wear for any occasion engagement or anniversary.,,Three Stone Ring- 0.50 Carat Twt. Diamond Ring in 14K Gold,Three Stone Ring- 0.50 Carat Twt. Diamond Ring in 14K Gold,"three stone, three stone ring, three stone diamond ring, 3 stone ring",Three Stone Diamond Rings,https://pub-f1751cc6619d4c769aceeaffe6043848.r2.dev/products/1786396573313-1980dd527ab1f898e07e311115ef1b51094926154d341d1a3b4869b6321ea4dd.jpg,https://pub-f1751cc6619d4c769aceeaffe6043848.r2.dev/products/1786396573313-1980dd527ab1f898e07e311115ef1b51094926154d341d1a3b4869b6321ea4dd.jpg,,,,,,White,Diamond,,Very Good,,,,,,,,0.25 ct.,,14K White or Yellow Gold,2 Grams,,,,,,,,
21087,TSR091107165,980.0000,25,0.01,1,Three Stone Ring- 1 Carat Twt. Diamond Ring in 14K Gold,Yet another great combination Gracefully designed in 14k gold the graceful black diamond solitaire flanked by a round diamond on each side just looks adorable. Perfect wear for any occasion engagement or anniversary.,,Three Stone Ring- 1 Carat Twt. Diamond Ring in 14K Gold,Three Stone Ring- 1 Carat Twt. Diamond Ring in 14K Gold,"three stone, three stone ring, three stone diamond ring, 3 stone ring",Three Stone Diamond Rings,https://pub-f1751cc6619d4c769aceeaffe6043848.r2.dev/products/1786396573313-1980dd527ab1f898e07e311115ef1b51094926154d341d1a3b4869b6321ea4dd.jpg,https://pub-f1751cc6619d4c769aceeaffe6043848.r2.dev/products/1786396573313-1980dd527ab1f898e07e311115ef1b51094926154d341d1a3b4869b6321ea4dd.jpg,,,,,,White,Diamond,,Very Good,,,,,,,,0.50 ct.,,14K White or Yellow Gold,2 Grams,,,,,,,,
21115,TSR091107243,165.0000,14,0.01,1,Three Stone Ring- 0.35 Carat Diamond Ring in 14K Gold,"This is a gorgeous three stone black diamond ring. Very exquisite &amp; trendy designed in 14k gleaming white or yellow gold the trio of black diamonds in prong setting look very distinctive and stunning. The Three stone black diamond rings symbolize the past present and future. These three stone Black diamond rings, three stone engagement rings &amp; three stone anniversary rings are a fitting testimony to an everlasting commitment.",,Three Stone Ring- 0.35 Carat Diamond Ring in 14K Gold,Three Stone Ring- 0.35 Carat Diamond Ring in 14K Gold,"three stone, three stone ring, three stone diamond ring, 3 stone ring",Three Stone Diamond Rings,https://pub-f1751cc6619d4c769aceeaffe6043848.r2.dev/products/1786396575774-d4c0325ff7fd991890f35d79125c12938ea0ebc0466c30be2102a2f5cf402eb6.jpg,https://pub-f1751cc6619d4c769aceeaffe6043848.r2.dev/products/1786396575774-d4c0325ff7fd991890f35d79125c12938ea0ebc0466c30be2102a2f5cf402eb6.jpg,https://pub-f1751cc6619d4c769aceeaffe6043848.r2.dev/products/1786396577824-65d71c8205ba65df4f8f4bec2992b8491dc82dddb4041f2915100cb4b8d6c3f7.jpg,,,,,Black,Diamond,,Very Good,,,,,Color Treated,,,0.15 ct.,,14K White or Yellow Gold,2 Grams,,,,,,,,
21116,TSR091107244,210.0000,17,0.01,1,Three Stone Ring- 0.50 Carat Diamond Ring in 14K Gold,"This is a gorgeous three stone black diamond ring. Very exquisite &amp; trendy designed in 14k gleaming gold the trio of black diamonds in prong setting look very distinctive and stunning. The Three stone black diamond rings symbolize the past present and future. These three stone Black diamond rings, three stone engagement rings &amp; three stone anniversary rings are a fitting testimony to an everlasting commitment.",,Three Stone Ring- 0.50 Carat Diamond Ring in 14K Gold,Get the most value of Three Stone Ring- 0.50 Carat Diamond Ring in 14K Gold only from alpha imports NY Inc,"three stone, three stone ring, three stone diamond ring, 3 stone ring, ring in 14k gold",Three Stone Diamond Rings,https://pub-f1751cc6619d4c769aceeaffe6043848.r2.dev/products/1786396579191-31c341dfb0cec0fbe8794ba179f913b3968b17363cd21d415263e94d17922d9e.gif,https://pub-f1751cc6619d4c769aceeaffe6043848.r2.dev/products/1786396579191-31c341dfb0cec0fbe8794ba179f913b3968b17363cd21d415263e94d17922d9e.gif,,,,,,Black,Diamond,,Very Good,,,,,Color Treated,,,0.25 ct.,,14K White or Yellow Gold,2 Grams,,,,,,,,
21117,TSR091107245,240.0000,58,0.01,1,Three Stone Ring- 1 Carat Diamond Ring in 14K Gold,"This is a gorgeous three stone black diamond ring. Very exquisite &amp; trendy designed in 14k gleaming gold the trio of black diamonds in prong setting look very distinctive and stunning. The Three stone black diamond rings symbolize the past present and future. These three stone Black diamond rings, three stone engagement rings &amp; three stone anniversary rings are a fitting testimony to an everlasting commitment.",,Three Stone Ring- 1 Carat Diamond Ring in 14K Gold,Three Stone Ring- 1 Carat Diamond Ring in 14K Gold,"three stone, three stone ring, three stone diamond ring, 3 stone ring",Three Stone Diamond Rings,https://pub-f1751cc6619d4c769aceeaffe6043848.r2.dev/products/1786396579191-31c341dfb0cec0fbe8794ba179f913b3968b17363cd21d415263e94d17922d9e.gif,https://pub-f1751cc6619d4c769aceeaffe6043848.r2.dev/products/1786396579191-31c341dfb0cec0fbe8794ba179f913b3968b17363cd21d415263e94d17922d9e.gif,,,,,,Black,Diamond,,Very Good,,,,,Color Treated,,,0.50 ct.,, ,14K White or Yellow Gold,2 Grams,,,,,,,
21118,TSR091107246,360.0000,3,0.01,1,Three Stone Ring- 2 Carat Diamond Ring in 14K Gold,"This is a gorgeous three stone black diamond ring. Very exquisite &amp; trendy designed in 14k gleaming gold the trio of black diamonds in prong setting look very distinctive and stunning. The Three stone black diamond rings symbolize the past present and future. These three stone Black diamond rings, three stone engagement rings &amp; three stone anniversary rings are a fitting testimony to an everlasting commitment.",,Three Stone Ring- 2 Carat Diamond Ring in 14K Gold,Three Stone Ring- 2 Carat Diamond Ring in 14K Gold,"three stone, three stone ring, three stone diamond ring, 3 stone ring",Three Stone Diamond Rings,https://pub-f1751cc6619d4c769aceeaffe6043848.r2.dev/products/1786396577824-65d71c8205ba65df4f8f4bec2992b8491dc82dddb4041f2915100cb4b8d6c3f7.jpg,https://pub-f1751cc6619d4c769aceeaffe6043848.r2.dev/products/1786396577824-65d71c8205ba65df4f8f4bec2992b8491dc82dddb4041f2915100cb4b8d6c3f7.jpg,https://pub-f1751cc6619d4c769aceeaffe6043848.r2.dev/products/1786396575774-d4c0325ff7fd991890f35d79125c12938ea0ebc0466c30be2102a2f5cf402eb6.jpg,,,,,Black,Diamond,,Very Good,,,,,Color Treated,,,1 ct.,,14K White or Yellow Gold,2 Grams,,,,,,,,
21164,ONY09240701,248.7500,100,0.01,1,400 Cts twt. Cabochon Black Onyx Lot size (0.50-10 cts),Originated from the mines in Brazil Nice Luster Opaque Grade Black Cabochon Onyx Lot in size (0.50 - 10.0 ct.) 400 ct.,,400 Cts twt. Cabochon Black Onyx Lot size (0.50 - 10 cts),400 Cts twt. Cabochon Black Onyx Lot size (0.50 - 10 cts),"Black, Onyx, 400 Carats, Cabochon, Lot, 0.50-10 carats, Opaque, Grade, Mix, Lot",Semi Precious Deals And Steals,https://pub-f1751cc6619d4c769aceeaffe6043848.r2.dev/products/1786396537022-5e0edd6ebbc46e73f20d8f44d5c4f1e367f273d34249b47581967bb3bb22c39a.jpg,https://pub-f1751cc6619d4c769aceeaffe6043848.r2.dev/products/1786396537022-5e0edd6ebbc46e73f20d8f44d5c4f1e367f273d34249b47581967bb3bb22c39a.jpg,,,,,,Black,Onyx,Opaque,Cabochon,Mix,Opaque,Nice,7,Treated,Brazil,0.50-10 ct.,400 ct.,,,,,,,,,,,
21509,DIA10050735,3999.0000,2,0.01,1,178.5 ct. Mixed Fancy Black Diamond Lot 2-10 cts Commercial,"Diamond lots at below wholesale prices from Alpha Imports. These all time popular lots are widely used by jewelers, designers, eBay sellers and hobbyists. Available in various size configurations. Please check the table below for more details about this lot.",,178.5 ct. Mixed Fancy Black  Diamond Lot 2 - 10 cts,178.5 ct. Mixed Fancy Black  Diamond Lot 2 - 10 cts,"diamond lot, Fancy Black diamond lot, 178.5 diamond parcel, 2 - 10 cts diamond parcel,",Diamond Deals and Steals,https://pub-f1751cc6619d4c769aceeaffe6043848.r2.dev/products/1786396580833-738110528133263efc95b8c1703b9fa77df5d9d1b034832519747715de162e03.jpg,https://pub-f1751cc6619d4c769aceeaffe6043848.r2.dev/products/1786396580833-738110528133263efc95b8c1703b9fa77df5d9d1b034832519747715de162e03.jpg,,,,,,Black,Black Diamond,Commercial,Good,Mix,,,,Treated,,,178.50 ct.,,,,,,2-10 ct.,,,,,
21563,ONY09240702,100.0000,95,0.01,1,400 Cts twt. Cabochon Blackstar Cats Eye Lot size 1-5 cts,Originated from the mines in Brazil Opaque A Grade&nbsp;Blackstar Cats Eye Cabochon&nbsp;Lot in size (1.0 - 5.0 ct.) 400 ct.,,400 Cts twt. Cabochon Blackstar Cats Eye Lot size (1 - 5 cts),400 Cts twt. Cabochon Blackstar Cats Eye Lot size (1 - 5 cts),"Blackstar, cats, eye, 400 Carats, Cabochon, Lot, 1-5 carats, Opaque, Grade, Mix, Lot",Semi Precious Deals And Steals,https://pub-f1751cc6619d4c769aceeaffe6043848.r2.dev/products/1786396537022-5e0edd6ebbc46e73f20d8f44d5c4f1e367f273d34249b47581967bb3bb22c39a.jpg,https://pub-f1751cc6619d4c769aceeaffe6043848.r2.dev/products/1786396537022-5e0edd6ebbc46e73f20d8f44d5c4f1e367f273d34249b47581967bb3bb22c39a.jpg,,,,,,Black,Blackstar Cats Eye,A,Cabochon,Oval,,,6,,Sri Lanka,1-5 ct.,400 ct.,,,,,,,,,,,
21613,BD11020711,1000.0000,10,0.01,1,5 Carats Black Round Diamond AAA,Originated from the mines in Africa Nice luster 5 Carats Black Round Diamond. Large black diamonds usually have some surface flaws. These flaws are small and negligible.,,5 Carats Black Round Diamond,5 Carats Black Round Diamond,"5 Carat, Black diamond, Round black Diamond",Black Diamonds,https://pub-f1751cc6619d4c769aceeaffe6043848.r2.dev/products/1786396516012-33de54cd471769639aec56ae850c7ef1808d9d57ad6b8a618142908e8a2b27dc.jpg,https://pub-f1751cc6619d4c769aceeaffe6043848.r2.dev/products/1786396516012-33de54cd471769639aec56ae850c7ef1808d9d57ad6b8a618142908e8a2b27dc.jpg,,,,,,Black,Black Diamond,AAA,,Round,,,10,Irradiated,,,5 ct.,Opaque,,,,,,,,,,
21615,BD11020713,800.0000,6,0.01,1,4 Carats Black Round Diamond,Originated from the mines in Africa Nice luster 4 Carats Round Black Diamond. Large black diamonds usually have some surface flaws. These flaws are small and negligible.,,4 Carats Black Round Diamond,4 Carats Black Round Diamond,"4, Black diamond, Round black Diamond",Black Diamonds,https://pub-f1751cc6619d4c769aceeaffe6043848.r2.dev/products/1786396516012-33de54cd471769639aec56ae850c7ef1808d9d57ad6b8a618142908e8a2b27dc.jpg,https://pub-f1751cc6619d4c769aceeaffe6043848.r2.dev/products/1786396516012-33de54cd471769639aec56ae850c7ef1808d9d57ad6b8a618142908e8a2b27dc.jpg,,,,,,Black,Black Diamond,,,Round,,,10,Irradiated,Africa,,4 ct.,Opaque,,,,,,,,,,
21616,BD11020714,600.0000,92,0.01,1,3 Carats Black Round Diamond,Originated from the mines in Africa Nice luster 3 Carats Black Round Diamond. Large black diamonds usually have some surface flaws. These flaws are small and negligible.,,3 Carats Black Round Diamond,3 Carats Black Round Diamond,"3, Black diamond, Round black Diamond",Black Diamonds,https://pub-f1751cc6619d4c769aceeaffe6043848.r2.dev/products/1786396516012-33de54cd471769639aec56ae850c7ef1808d9d57ad6b8a618142908e8a2b27dc.jpg,https://pub-f1751cc6619d4c769aceeaffe6043848.r2.dev/products/1786396516012-33de54cd471769639aec56ae850c7ef1808d9d57ad6b8a618142908e8a2b27dc.jpg,,,,,,Black,Black Diamond,,,Round,,,10,Irradiated,Africa,,3 ct.,Opaque,,,,,,,,,,
21617,BD11020715,400.0000,26,0.01,1,2 Carats Black Round Diamond AAA Grade,Originated from the mines in Africa Nice luster 2 Carats Black Round AAA Diamond. Large black diamonds usually have some surface flaws. These flaws are small and negligible.,,2 Carats Black Round Diamond AAA,2 Carats Black Round Diamond AAA,"2, Black diamond, Round black Diamond, AAA black diamond",Black Diamonds,https://pub-f1751cc6619d4c769aceeaffe6043848.r2.dev/products/1786396516012-33de54cd471769639aec56ae850c7ef1808d9d57ad6b8a618142908e8a2b27dc.jpg,https://pub-f1751cc6619d4c769aceeaffe6043848.r2.dev/products/1786396516012-33de54cd471769639aec56ae850c7ef1808d9d57ad6b8a618142908e8a2b27dc.jpg,,,,,,Black,Black Diamond,AAA,,Round,,,10,Irradiated,Africa,,2 ct.,Opaque,,,,,,,,,,
21618,BD11020716,350.0000,12,0.01,1,1.75 Carats Black Round Diamond AAA Grade,Originated from the mines in Africa Nice luster 1.75 Carats Black Round AAA Diamond. Large black diamonds usually have some surface flaws. These flaws are small and negligible.,,1.75 Carats Black Round Diamond AAA,1.75 Carats Black Round Diamond AAA,"AAA, 1.75, Black diamond, Round black Diamond,  black diamond",Black Diamonds,https://pub-f1751cc6619d4c769aceeaffe6043848.r2.dev/products/1786396516012-33de54cd471769639aec56ae850c7ef1808d9d57ad6b8a618142908e8a2b27dc.jpg,https://pub-f1751cc6619d4c769aceeaffe6043848.r2.dev/products/1786396516012-33de54cd471769639aec56ae850c7ef1808d9d57ad6b8a618142908e8a2b27dc.jpg,,,,,,Black,Black Diamond,AAA,,Round,,,10,Irradiated,Africa,,1.75 ct.,Opaque,,,,,,,,,,
21619,BD11020717,300.0000,19,0.01,1,1.50 Carats Black Round Diamond AAA,Originated from the mines in Africa Nice luster 1.50 Carats Black Round AAA Diamond. Large black diamonds usually have some surface flaws. These flaws are small and negligible.,,1.50 Carats Black Round Diamond AAA,1.50 Carats Black Round Diamond AAA,"1.50, Black diamond, Round, black, Diamond, AAA black diamond",Black Diamonds,https://pub-f1751cc6619d4c769aceeaffe6043848.r2.dev/products/1786396516012-33de54cd471769639aec56ae850c7ef1808d9d57ad6b8a618142908e8a2b27dc.jpg,https://pub-f1751cc6619d4c769aceeaffe6043848.r2.dev/products/1786396516012-33de54cd471769639aec56ae850c7ef1808d9d57ad6b8a618142908e8a2b27dc.jpg,,,,,,Black,Black Diamond,AAA,,Round,,,10,Irradiated,Africa,,1.50 ct.,Opaque,,,,,,,,,,
22424,TSP12070773,89.9900,25,0.01,1,0.25 Ct Twt. Three Stone Black Diamond Pendant 14k Gold,Three stone diamond pendants are simple yet trendy. This 3 stone diamond pendant is set in 14K white or yellow gold. The total diamond weight is : 0.25 ct. AAA Black Diamonds are appropriate for any occasion.,,0.25 Ct Twt. Three Stone Black Diamond Pendant 14k Gold,Buy 0.25 Ct Twt. Three Stone Black Diamond Pendant 14k Gold,"AAA three stone pendant, 0.25 ct three stone pendant, three stone diamond pendant, Black three stone pendant",3 Stone Diamond Pendants,https://pub-f1751cc6619d4c769aceeaffe6043848.r2.dev/products/1786396582334-6dd8250ef9700421d327e18fdada24a9f7cae073f687a0ba7c5da2c00e1bff9b.gif,https://pub-f1751cc6619d4c769aceeaffe6043848.r2.dev/products/1786396582334-6dd8250ef9700421d327e18fdada24a9f7cae073f687a0ba7c5da2c00e1bff9b.gif,,https://pub-f1751cc6619d4c769aceeaffe6043848.r2.dev/products/1786396583964-3cc7394ea032b36cb715d9a95cfb9b362fb8b305a7f8cc1de62a4b5e6c100e4f.gif,,,,Black,,AAA,Very Good,,,,,Color Treated,,1.8 cm,,Opaque,14K White or Yellow Gold,0.6 Gram,,,,,,,,
22425,TSP12070774,129.9900,23,0.01,1,0.50 Ct Twt. Three Stone Black Diamond Pendant 14k Gold,Three-Stone Jewelry also called Past Present and Future Jewelry have three round diamonds that represent the past present and the future of your relationship. This 3 stone diamond pendant is set in 14K white or yellow gold. The total diamond weight is : 0.50 ct. AAA Black Diamonds are appropriate for any occasion.,,0.50 Ct Twt. Three Stone Black Diamond Pendant 14k Gold,Sale on 0.50 Ct Twt. Three Stone Black Diamond Pendant 14k Gold,"AAA three stone pendant, 0.50 ct three stone pendant, three stone diamond pendant, Black three stone pendant",3 Stone Diamond Pendants,https://pub-f1751cc6619d4c769aceeaffe6043848.r2.dev/products/1786396583964-3cc7394ea032b36cb715d9a95cfb9b362fb8b305a7f8cc1de62a4b5e6c100e4f.gif,https://pub-f1751cc6619d4c769aceeaffe6043848.r2.dev/products/1786396583964-3cc7394ea032b36cb715d9a95cfb9b362fb8b305a7f8cc1de62a4b5e6c100e4f.gif,,https://pub-f1751cc6619d4c769aceeaffe6043848.r2.dev/products/1786396582334-6dd8250ef9700421d327e18fdada24a9f7cae073f687a0ba7c5da2c00e1bff9b.gif,,,,Black,,AAA,Very Good,,,,,Color Treated,,2 cm,,Opaque,14K White or Yellow Gold,1 Grams,,,,,,,,
22426,TSP12070775,169.9900,17,0.01,1,1 Ct Twt. Three Stone Black Diamond Pendant 14k Gold,We make it easy to find the perfect three-stone diamond pendant. This 3 stone diamond pendant is set in 14K white or yellow gold. The total diamond weight is : 1 ct. AAA Black Diamonds are appropriate for any occasion.,,1 Ct Twt. Three Stone Black Diamond Pendant 14k Gold,Best prince 1 Ct Twt. Three Stone Black Diamond Pendant 14k Gold,"AAA three stone pendant, 1 ct three stone pendant, three stone diamond pendant, Black three stone pendant",3 Stone Diamond Pendants,https://pub-f1751cc6619d4c769aceeaffe6043848.r2.dev/products/1786396582334-6dd8250ef9700421d327e18fdada24a9f7cae073f687a0ba7c5da2c00e1bff9b.gif,https://pub-f1751cc6619d4c769aceeaffe6043848.r2.dev/products/1786396582334-6dd8250ef9700421d327e18fdada24a9f7cae073f687a0ba7c5da2c00e1bff9b.gif,,https://pub-f1751cc6619d4c769aceeaffe6043848.r2.dev/products/1786396583964-3cc7394ea032b36cb715d9a95cfb9b362fb8b305a7f8cc1de62a4b5e6c100e4f.gif,,,,Black,,AAA,Very Good,,,,,Color Treated,,2.2 cm,,Opaque,14K White or Yellow Gold,1.35 Grams,,,,,,,,
22427,TSP12070776,269.9900,17,0.01,1,2 Ct Twt. Three Stone Black Diamond Pendant 14k Gold,Alpha Imports is pleased to present three-stone diamond pendant. This 3 stone diamond pendant is set in 14K white or yellow gold. The total diamond weight is : 2 ct. AAA Black Diamonds are appropriate for any occasion.,,2 Ct Twt. Three Stone Black Diamond Pendant 14k Gold,Wholesale 2 Ct Twt. Three Stone Black Diamond Pendant 14k Gold,"AAA three stone pendant, 2 ct three stone pendant, three stone diamond pendant, Black three stone pendant",3 Stone Diamond Pendants,https://pub-f1751cc6619d4c769aceeaffe6043848.r2.dev/products/1786396583964-3cc7394ea032b36cb715d9a95cfb9b362fb8b305a7f8cc1de62a4b5e6c100e4f.gif,https://pub-f1751cc6619d4c769aceeaffe6043848.r2.dev/products/1786396583964-3cc7394ea032b36cb715d9a95cfb9b362fb8b305a7f8cc1de62a4b5e6c100e4f.gif,,https://pub-f1751cc6619d4c769aceeaffe6043848.r2.dev/products/1786396582334-6dd8250ef9700421d327e18fdada24a9f7cae073f687a0ba7c5da2c00e1bff9b.gif,,,,Black,,AAA,Very Good,,,,,Color Treated,,2.5 cm,,Opaque,14K White or Yellow Gold,1.5 Grams,,,,,,,,
23359,DP01110843,256.5000,0,0.01,1,0.38 Cts Diamond Pendant in 18K White Gold,"Simple, gorgeous and glistening with 0.38 Cts total weight mix of a I1 H Diamond and two AAA black diamon pendant in 18K white gold is good for any occasion",,0.38 Cts Diamond Pendant in 18K White Gold,Wholesale 0.38 Cts Diamond Pendant in 18K White Gold,"Wholesale Diamond pendant, 18K diamond pendant, white gold pendant, 0.38 Cts diamond pendant",Diamond Pendants,https://pub-f1751cc6619d4c769aceeaffe6043848.r2.dev/products/1786396585643-b3584ccb5cad3e9ae637184eee9f763fa534b3c980b07d55aae5115001cf2740.jpg,https://pub-f1751cc6619d4c769aceeaffe6043848.r2.dev/products/1786396585643-b3584ccb5cad3e9ae637184eee9f763fa534b3c980b07d55aae5115001cf2740.jpg,,,,,,H,Diamond,,Very Good,Round,,,,,,,,I1,18K White Gold,1.22 Gram,,,,,,,,
23399,DP02052008001,89.9900,9,0.01,1,0.25 Cts. Black Diamond Pendant in 14k Gold,"Fiery round diamond takes center stage in this simple, yet very elegant pendant. The round brilliant stone is prong set in 14k gold. A trully amazing pendant.",,0.25 Cts. Black Diamond Pendant in 14k Gold,0.25 Cts. Black Diamond Pendant in 14k Gold,"0.25, Cts., Black, Diamond, Pendant, in, 14k, Gold",Diamond Solitaire Pendants,https://pub-f1751cc6619d4c769aceeaffe6043848.r2.dev/products/1786396587345-2afe27245902955ae6d90bddf4a33b9acfcb78ce031a2d3c6b22d4de52e787be.jpg,https://pub-f1751cc6619d4c769aceeaffe6043848.r2.dev/products/1786396587345-2afe27245902955ae6d90bddf4a33b9acfcb78ce031a2d3c6b22d4de52e787be.jpg,https://pub-f1751cc6619d4c769aceeaffe6043848.r2.dev/products/1786396589001-b1883502f56aa5c2aa20c1e0ec9d6671e3d7cabda1c6944c214a3a985c12b1ca.jpg,,,,,Black,Diamond,,Brilliant,Round,,,,Treated,Africa,,0.25 ct.,Opaque,14K White or Yellow Gold,,,,,,,,,
23400,DP02052008002,114.9900,7,0.01,1,0.50 Cts. Black Diamond Pendant in 14k Gold,"Fiery round diamond takes center stage in this simple, yet very elegant pendant. The round brilliant stone is prong set in gold. A trully amazing pendant.",,0.50 Cts. Black Diamond Pendant in 14k Gold,0.50 Cts. Black Diamond Pendant in 14k Gold,"0.50, Cts., Black, Diamond, Pendant, in, 14k, Gold",Diamond Solitaire Pendants,https://pub-f1751cc6619d4c769aceeaffe6043848.r2.dev/products/1786396589001-b1883502f56aa5c2aa20c1e0ec9d6671e3d7cabda1c6944c214a3a985c12b1ca.jpg,https://pub-f1751cc6619d4c769aceeaffe6043848.r2.dev/products/1786396589001-b1883502f56aa5c2aa20c1e0ec9d6671e3d7cabda1c6944c214a3a985c12b1ca.jpg,https://pub-f1751cc6619d4c769aceeaffe6043848.r2.dev/products/1786396587345-2afe27245902955ae6d90bddf4a33b9acfcb78ce031a2d3c6b22d4de52e787be.jpg,,,,,Black,Diamond,,Brilliant,Round,,,,Treated,Africa,,0.50 ct.,Opaque,14K White or Yellow Gold,,,,,,,,,
23401,DP02052008003,164.9900,94,0.01,1,1 Cts. Black Diamond Pendant in 14k Gold,"Fiery round diamond takes center stage in this simple, yet very elegant pendant. The round brilliant stone is prong set in gold. A trully amazing pendant.",,1 Cts. Black Diamond Pendant in 14k Gold,1 Cts. Black Diamond Pendant in 14k Gold,"black diamond pendant, 1 Cts. Black Diamond Pendant,  14k Gold black diamond pendant",Diamond Solitaire Pendants,https://pub-f1751cc6619d4c769aceeaffe6043848.r2.dev/products/1786396587345-2afe27245902955ae6d90bddf4a33b9acfcb78ce031a2d3c6b22d4de52e787be.jpg,https://pub-f1751cc6619d4c769aceeaffe6043848.r2.dev/products/1786396587345-2afe27245902955ae6d90bddf4a33b9acfcb78ce031a2d3c6b22d4de52e787be.jpg,https://pub-f1751cc6619d4c769aceeaffe6043848.r2.dev/products/1786396589001-b1883502f56aa5c2aa20c1e0ec9d6671e3d7cabda1c6944c214a3a985c12b1ca.jpg,,,,,Black,Diamond,,Brilliant,Round,,,,Treated,Africa,,1 ct.,Opaque,14K White or Yellow Gold,,,,,,,,,
23402,DP02052008004,264.9900,1,0.01,1,2 Cts. Black Diamond Pendant in 14k Gold,"Fiery round diamond takes center stage in this simple, yet very elegant pendant. The round brilliant stone is prong set in gold. A trully amazing pendant.",,2 Cts. Black Diamond Pendant in 14k Gold,2 Cts. Black Diamond Pendant in 14k Gold,"2, Cts., Black, Diamond, Pendant, in, 14k, Gold",Diamond Solitaire Pendants,https://pub-f1751cc6619d4c769aceeaffe6043848.r2.dev/products/1786396589001-b1883502f56aa5c2aa20c1e0ec9d6671e3d7cabda1c6944c214a3a985c12b1ca.jpg,https://pub-f1751cc6619d4c769aceeaffe6043848.r2.dev/products/1786396589001-b1883502f56aa5c2aa20c1e0ec9d6671e3d7cabda1c6944c214a3a985c12b1ca.jpg,https://pub-f1751cc6619d4c769aceeaffe6043848.r2.dev/products/1786396587345-2afe27245902955ae6d90bddf4a33b9acfcb78ce031a2d3c6b22d4de52e787be.jpg,,,,,Black,Diamond,,Brilliant,Round,,,,Treated,Africa,,2 ct.,Opaque,14K White or Yellow Gold,,,,,,,,,
23429,CL021408016,63.7500,3,0.01,1,200 Cts twt. Black Onyx Lot size (1.0-10.0 cts),Originated from the mines in Brazil nice quality Mixed Onyx Lot in size (1-10ct.) 200 ct. Total Weight,,200 Cts twt. Black Onyx Lot size (1.0-10.0 cts),200 Cts twt. Black Onyx Lot size (1.0-10.0 cts),"Black, Lot, size, 200, Carats, twt., Onyx, 1.0-10.0, carts,",Semi Precious Deals And Steals,https://pub-f1751cc6619d4c769aceeaffe6043848.r2.dev/products/1786396590248-13333ac9826ab9aea1f44bf9a13b5b7ccc631e3cc1eca92e4107a050c9948ba8.jpg,https://pub-f1751cc6619d4c769aceeaffe6043848.r2.dev/products/1786396590248-13333ac9826ab9aea1f44bf9a13b5b7ccc631e3cc1eca92e4107a050c9948ba8.jpg,,,,,,Black,Onyx,,Faceted,Mix,,,,,Brazil,1-10 ct.,200 ct.,,,,,,,,,,,
24167,BDR-3815/1,500.0000,1,0.01,1,1 Carat AAA Black Diamond Engagement Ring in 18k Gold,<h5>This beautiful vibrant diamond prong set ring in 18k white or yellow gold looks very stylish and elegant.&nbsp; It&#39;s the perfect engagement solitaire diamond ring a woman can receive.</h5>,,1 Carat AAA Black Diamond Engagement Ring in 18k Gold,1 Carat AAA Black Diamond Engagement Ring in 18k Gold,"Engagement, AAA, 1, Carat, Diamond, ring, in, 18k, Gold, Black, White, Yellow",Color Diamond Rings,https://pub-f1751cc6619d4c769aceeaffe6043848.r2.dev/products/1786396592465-f5e84034737b542c033b813786a432d3a62a039f8cca9c325fd2d7e9b744e302.jpg,https://pub-f1751cc6619d4c769aceeaffe6043848.r2.dev/products/1786396592465-f5e84034737b542c033b813786a432d3a62a039f8cca9c325fd2d7e9b744e302.jpg,,,,,,Black,Diamond,AAA,Very Good,Round,,Fair,,Irradiated,Africa,,1 ct.,Opaque,18K White or Yellow Gold,5.72 Grams,,,,,,,,
24396,BEA040808115,9.0000,0,0.01,1,12 mm Black Round Onyx in AAA grade,This is AAA Grade Onyx originated from the mines in Brasil. The stone is in size: 12 mm (12 ct.)Round shape and the color is Black. It is Smooth drilled stone. For more detail about this gemstone bead please check the table below.,,"Black Onyx, 12 mm Black Round Onyx in AAA grade",Lowest price 12 mm Black Round Onyx in AAA grade,"12 mm Onyx, Round Onyx, Black Onyx, Smooth Onyx",Loose Beads,https://pub-f1751cc6619d4c769aceeaffe6043848.r2.dev/products/1786396593999-c6097ca0e27265af99caf81ee5d81a8e3c1718ceba77a39c2c6a8578e0d35c63.jpg,https://pub-f1751cc6619d4c769aceeaffe6043848.r2.dev/products/1786396593999-c6097ca0e27265af99caf81ee5d81a8e3c1718ceba77a39c2c6a8578e0d35c63.jpg,,,,,,Black,Onyx,AAA,Smooth,Round,,Fine,7,Treated,Brasil,12 mm,12 ct.,,,,,,,,,,,
24397,BEA040808116,3.7500,48,0.01,1,9 mm Black Round Onyx in AAA grade,This is AAA Grade Onyx originated from the mines in Brasil. The stone is in size: 9 mm (5 ct.)Round shape and the color is Black. It is Smooth drilled stone. For more detail about this gemstone bead please check the table below.,,"Black Onyx, 9 mm Black Round Onyx in AAA grade",Wholesale dicounted price on 9 mm Black Round Onyx in AAA grade,"9 mm Onyx, Round Onyx, Black Onyx, Smooth Onyx",Loose Beads,https://pub-f1751cc6619d4c769aceeaffe6043848.r2.dev/products/1786396593999-c6097ca0e27265af99caf81ee5d81a8e3c1718ceba77a39c2c6a8578e0d35c63.jpg,https://pub-f1751cc6619d4c769aceeaffe6043848.r2.dev/products/1786396593999-c6097ca0e27265af99caf81ee5d81a8e3c1718ceba77a39c2c6a8578e0d35c63.jpg,,,,,,Black,Onyx,AAA,Smooth,Round,,Fine,7,Treated,Brasil,9 mm,5 ct.,,,,,,,,,,,
24398,BEA040808117,3.0000,90,0.01,1,8 mm Black Round Onyx in AAA grade,This is AAA Grade Onyx originated from the mines in Brasil. The stone is in size: 8 mm (4 ct.)Round shape and the color is Black. It is Smooth drilled stone. For more detail about this gemstone bead please check the table below.,,"Black Onyx, 8 mm Black Round Onyx in AAA grade",Retail discounted price on 8 mm Black Round Onyx in AAA grade,"8 mm Onyx, Round Onyx, Black Onyx, Smooth Onyx",Loose Beads,https://pub-f1751cc6619d4c769aceeaffe6043848.r2.dev/products/1786396593999-c6097ca0e27265af99caf81ee5d81a8e3c1718ceba77a39c2c6a8578e0d35c63.jpg,https://pub-f1751cc6619d4c769aceeaffe6043848.r2.dev/products/1786396593999-c6097ca0e27265af99caf81ee5d81a8e3c1718ceba77a39c2c6a8578e0d35c63.jpg,,,,,,Black,Onyx,AAA,Smooth,Round,,Fine,7,Treated,Brasil,8 mm,4 ct.,,,,,,,,,,,
24399,BEA040808118,1.5000,1,0.01,1,6 mm Black Round Onyx in AAA grade,This is AAA Grade Onyx originated from the mines in Brasil. The stone is in size: 6 mm (2 ct.)Round shape and the color is Black. It is Smooth drilled stone. For more detail about this gemstone bead please check the table below.,,"Black Onyx, 6 mm Black Round Onyx in AAA grade",Sale on6 mm Black Round Onyx in AAA grade,"6 mm Onyx, Round Onyx, Black Onyx, Smooth Onyx",Loose Beads,https://pub-f1751cc6619d4c769aceeaffe6043848.r2.dev/products/1786396593999-c6097ca0e27265af99caf81ee5d81a8e3c1718ceba77a39c2c6a8578e0d35c63.jpg,https://pub-f1751cc6619d4c769aceeaffe6043848.r2.dev/products/1786396593999-c6097ca0e27265af99caf81ee5d81a8e3c1718ceba77a39c2c6a8578e0d35c63.jpg,,,,,,Black,Onyx,AAA,Smooth,Round,,Fine,7,Treated,Brasil,6 mm,2 ct.,,,,,,,,,,,
24400,BEA040808119,0.7500,0,0.01,1,4 mm Black Round Onyx in AAA grade,This is AAA Grade Onyx originated from the mines in Brasil. The stone is in size: 4 mm (1 ct.)Round shape and the color is Black. It is Smooth drilled stone. For more detail about this gemstone bead please check the table below.,,"Black Onyx, 4 mm Black Round Onyx in AAA grade",Great deal on 4 mm Black Round Onyx in AAA grade,"4 mm Onyx, Round Onyx, Black Onyx, Smooth Onyx",Loose Beads,https://pub-f1751cc6619d4c769aceeaffe6043848.r2.dev/products/1786396593999-c6097ca0e27265af99caf81ee5d81a8e3c1718ceba77a39c2c6a8578e0d35c63.jpg,https://pub-f1751cc6619d4c769aceeaffe6043848.r2.dev/products/1786396593999-c6097ca0e27265af99caf81ee5d81a8e3c1718ceba77a39c2c6a8578e0d35c63.jpg,,,,,,Black,Onyx,AAA,Smooth,Round,,Fine,7,Treated,Brasil,4 mm,1 ct.,,,,,,,,,,,
24550,BEA040808269,9.0000,25,0.01,1,10 mm Black Round Hematite in AAA grade,This is AAA Grade Hematite originated from the mines in Brasil. The stone is in size: 10 mm (6 ct.)Round shape and the color is Black. It is Faceted drilled stone. For more detail about this gemstone bead please check the table below.,,"Black Hematite, 10 mm Black Round Hematite in AAA grade",Great deal on 10 mm Black Round Hematite in AAA grade,"10 mm Hematite, Round Hematite, Black Hematite, Faceted Hematite",Loose Beads,https://pub-f1751cc6619d4c769aceeaffe6043848.r2.dev/products/1786396526106-966d4bfcdd40109f20fc4e86feda59f8ac27ea3a2a01c6b42ff6bb416df09010.jpg,https://pub-f1751cc6619d4c769aceeaffe6043848.r2.dev/products/1786396526106-966d4bfcdd40109f20fc4e86feda59f8ac27ea3a2a01c6b42ff6bb416df09010.jpg,,,,,,Black,Hematite,AAA,Faceted,Round,,Fine,5.5 - 6.5,Treated,Brasil,10 mm,6 ct.,,,,,,,,,,,
24552,BEA040808271,45.0000,12,0.01,1,6 mm Black Round Hematite in AAA grade 30 pcs Lot,This is AAA Grade Hematite originated from the mines in Brasil. The stone is in size: 6 mm (30 pieces Lot)Round shape and the color is Black. It is Faceted drilled stone. For more detail about this gemstone bead please check the table below.,,"Black Hematite, 6 mm Black Round Hematite in AAA grade 30 pcs Lot",Lowest price 6 mm Black Round Hematite in AAA grade 30 pcs Lot,"6 mm Hematite, Round Hematite, Black Hematite, Faceted Hematite",Loose Beads,https://pub-f1751cc6619d4c769aceeaffe6043848.r2.dev/products/1786396526106-966d4bfcdd40109f20fc4e86feda59f8ac27ea3a2a01c6b42ff6bb416df09010.jpg,https://pub-f1751cc6619d4c769aceeaffe6043848.r2.dev/products/1786396526106-966d4bfcdd40109f20fc4e86feda59f8ac27ea3a2a01c6b42ff6bb416df09010.jpg,,,,,,Black,Hematite,AAA,Faceted,Round,,Fine,5.5 - 6.5,Treated,Brasil,6 mm,,,,,,,,,,,,
24587,BEA041108025,0.7500,1633,0.01,1,4 mm Black Round Onyx in AAA grade,This is AAA Grade Onyx originated from the mines in Brasil. The stone is in size: 4 mm ( 0.50 ct.) Round shape and the color is Black. It is a Faceted drilled stone. For more detail about this gemstone bead please check the table below.,,"Onyx, Faceted Onyx, 4 mm Black Round Onyx in AAA grade",Discounted 4 mm Black Round Onyx in AAA grade,"Round Onyx, 4 mm Onyx, Black Onyx, AAA BrasilOnyx",Loose Beads,https://pub-f1751cc6619d4c769aceeaffe6043848.r2.dev/products/1786396526106-966d4bfcdd40109f20fc4e86feda59f8ac27ea3a2a01c6b42ff6bb416df09010.jpg,https://pub-f1751cc6619d4c769aceeaffe6043848.r2.dev/products/1786396526106-966d4bfcdd40109f20fc4e86feda59f8ac27ea3a2a01c6b42ff6bb416df09010.jpg,,,,,,Black,Onyx,AAA,Faceted,Round,,Fine,7,Treated,Brasil,4 mm,0.50 ct.,,,,,,,,,,,
24968,BEA041408337,6.3750,1,0.01,1,12x10 mm Black Long Cushion Onyx in AAA grade,This is AAA Grade Onyx originated from the mines in Brasil The stone is in size: 12x10 mm (4.25 ct.) Long Cushion and the color is Black. It is a Opaque Checker Board not drilled stone. Depth of this gemstone is 5 mm,,"12x8 mm Onyx, Long Cushion Onyx, 12x10 mm Black Long Cushion Onyx in AAA grade",Discounted 12x10 mm Black Long Cushion Onyx in AAA grade,"12x10 mm Onyx , AAA Onyx , Checker Board Onyx , Black Onyx",Onyx,https://pub-f1751cc6619d4c769aceeaffe6043848.r2.dev/products/1786396519389-9d1e37180f29cd59f09a4bafcc7a4febf6d47c5985c407327719b6de47537b0f.jpg,https://pub-f1751cc6619d4c769aceeaffe6043848.r2.dev/products/1786396519389-9d1e37180f29cd59f09a4bafcc7a4febf6d47c5985c407327719b6de47537b0f.jpg,,,,,,Black,Onyx,AAA,Checker Board,Long Cushion,,Nice,7,Treated,Brasil,12x10 mm,4.25 ct.,Opaque,,,,,,,,,,
24969,BEA041408338,9.0000,0,0.01,1,15 mm Black Flat Cushion Onyx in AAA grade,This is AAA Grade Onyx originated from the mines in Brasil The stone is in size: 15 mm (6 ct.) Flat Cushion and the color is Black. It is a Opaque Cabochon not drilled stone. Depth of this gemstone is 5 mm,,"15 mm Onyx, Flat Cushion Onyx, 15 mm Black Flat Cushion Onyx in AAA grade",Lowest price on 15 mm Black Flat Cushion Onyx in AAA grade,"15 mm Onyx , AAA Onyx , Cabochon Onyx , Black Onyx",Onyx,https://pub-f1751cc6619d4c769aceeaffe6043848.r2.dev/products/1786396595632-7d673b38b3c634754e9791bd3e2b33b7df84c13ff8c71ab4232d7ace8e7bf00e.gif,https://pub-f1751cc6619d4c769aceeaffe6043848.r2.dev/products/1786396595632-7d673b38b3c634754e9791bd3e2b33b7df84c13ff8c71ab4232d7ace8e7bf00e.gif,,,,,,Black,Onyx,AAA,Cabochon,Flat Cushion,,Nice,7,Treated,Brasil,15 mm,6 ct.,Opaque,,,,,,,,,,
24970,BEA041408339,8.2500,10,0.01,1,14 mm Black Flat Cushion Onyx in AAA grade,This is AAA Grade Onyx originated from the mines in Brasil The stone is in size: 14 mm (5.5 ct.) Flat Cushion and the color is Black. It is a Opaque Cabochon not drilled stone. Depth of this gemstone is 5 mm,,"14 mm Onyx, Flat Cushion Onyx, 14 mm Black Flat Cushion Onyx in AAA grade",Sale on 14 mm Black Flat Cushion Onyx in AAA grade,"14 mm Onyx , AAA Onyx , Cabochon Onyx , Black Onyx",Onyx,https://pub-f1751cc6619d4c769aceeaffe6043848.r2.dev/products/1786396595632-7d673b38b3c634754e9791bd3e2b33b7df84c13ff8c71ab4232d7ace8e7bf00e.gif,https://pub-f1751cc6619d4c769aceeaffe6043848.r2.dev/products/1786396595632-7d673b38b3c634754e9791bd3e2b33b7df84c13ff8c71ab4232d7ace8e7bf00e.gif,,,,,,Black,Onyx,AAA,Cabochon,Flat Cushion,,Nice,7,Treated,Brasil,14 mm,5.5 ct.,Opaque,,,,,,,,,,
24971,BEA041408340,3.7500,-2,0.01,1,10 mm Black Flat Cushion Onyx in AAA grade,This is AAA Grade Onyx originated from the mines in Brasil The stone is in size: 10 mm (2.5 ct.) Flat Cushion and the color is Black. It is a Opaque Cabochon not drilled stone. Depth of this gemstone is 4 mm,,"10 mm Onyx, Flat Cushion Onyx, 10 mm Black Flat Cushion Onyx in AAA grade",Best prince on 10 mm Black Flat Cushion Onyx in AAA grade,"10 mm Onyx , AAA Onyx , Cabochon Onyx , Black Onyx",Onyx,https://pub-f1751cc6619d4c769aceeaffe6043848.r2.dev/products/1786396595632-7d673b38b3c634754e9791bd3e2b33b7df84c13ff8c71ab4232d7ace8e7bf00e.gif,https://pub-f1751cc6619d4c769aceeaffe6043848.r2.dev/products/1786396595632-7d673b38b3c634754e9791bd3e2b33b7df84c13ff8c71ab4232d7ace8e7bf00e.gif,,,,,,Black,Onyx,AAA,Cabochon,Flat Cushion,,Nice,7,Treated,Brasil,10 mm,2.5 ct.,Opaque,,,,,,,,,,
24972,BEA041408341,3.0000,77,0.01,1,9 mm Black Flat Cushion Onyx in AAA grade,This is AAA Grade Onyx originated from the mines in Brasil The stone is in size: 9 mm (2 ct.) Flat Cushion and the color is Black. It is a Opaque Cabochon not drilled stone. Depth of this gemstone is 4 mm,,"9 mm Onyx, Flat Cushion Onyx, 9 mm Black Flat Cushion Onyx in AAA grade",Closeout 9 mm Black Flat Cushion Onyx in AAA grade,"9 mm Onyx , AAA Onyx , Cabochon Onyx , Black Onyx",Onyx,https://pub-f1751cc6619d4c769aceeaffe6043848.r2.dev/products/1786396595632-7d673b38b3c634754e9791bd3e2b33b7df84c13ff8c71ab4232d7ace8e7bf00e.gif,https://pub-f1751cc6619d4c769aceeaffe6043848.r2.dev/products/1786396595632-7d673b38b3c634754e9791bd3e2b33b7df84c13ff8c71ab4232d7ace8e7bf00e.gif,,,,,,Black,Onyx,AAA,Cabochon,Flat Cushion,,Nice,7,Treated,Brasil,9 mm,2 ct.,Opaque,,,,,,,,,,
24973,BEA041408342,2.2500,8,0.01,1,8 mm Black Flat Cushion Onyx in AAA grade,This is AAA Grade Onyx originated from the mines in Brasil The stone is in size: 8 mm (1.5 ct.) Flat Cushion and the color is Black. It is a Opaque Cabochon not drilled stone. Depth of this gemstone is 3 mm,,"8 mm Onyx, Flat Cushion Onyx, 8 mm Black Flat Cushion Onyx in AAA grade",Wholesale 8 mm Black Flat Cushion Onyx in AAA grade,"8 mm Onyx , AAA Onyx , Cabochon Onyx , Black Onyx",Onyx,https://pub-f1751cc6619d4c769aceeaffe6043848.r2.dev/products/1786396595632-7d673b38b3c634754e9791bd3e2b33b7df84c13ff8c71ab4232d7ace8e7bf00e.gif,https://pub-f1751cc6619d4c769aceeaffe6043848.r2.dev/products/1786396595632-7d673b38b3c634754e9791bd3e2b33b7df84c13ff8c71ab4232d7ace8e7bf00e.gif,,,,,,Black,Onyx,AAA,Cabochon,Flat Cushion,,Nice,7,Treated,Brasil,8 mm,1.5 ct.,Opaque,,,,,,,,,,
24974,BEA041408343,1.6500,101,0.01,1,7 mm Black Flat Cushion Onyx in AAA grade,This is AAA Grade Onyx originated from the mines in Brasil The stone is in size: 7 mm (1.1 ct.) Flat Cushion and the color is Black. It is a Opaque Cabochon not drilled stone. Depth of this gemstone is 3 mm,,"7 mm Onyx, Flat Cushion Onyx, 7 mm Black Flat Cushion Onyx in AAA grade",Retail 7 mm Black Flat Cushion Onyx in AAA grade,"7 mm Onyx , AAA Onyx , Cabochon Onyx , Black Onyx",Onyx,https://pub-f1751cc6619d4c769aceeaffe6043848.r2.dev/products/1786396595632-7d673b38b3c634754e9791bd3e2b33b7df84c13ff8c71ab4232d7ace8e7bf00e.gif,https://pub-f1751cc6619d4c769aceeaffe6043848.r2.dev/products/1786396595632-7d673b38b3c634754e9791bd3e2b33b7df84c13ff8c71ab4232d7ace8e7bf00e.gif,,,,,,Black,Onyx,AAA,Cabochon,Flat Cushion,,Nice,7,Treated,Brasil,7 mm,1.1 ct.,Opaque,,,,,,,,,,
24975,BEA041408344,5.6250,2,0.01,1,16x12 mm Black Flat Oval Onyx in AAA grade,This is AAA Grade Onyx originated from the mines in Brasil The stone is in size: 16x12 mm (3.75 ct.) Flat Oval and the color is Black. It is a Opaque Cabochon not drilled stone. Depth of this gemstone is 4 mm,,"16x12 mm Onyx, Flat Oval Onyx, 16x12 mm Black Flat Oval Onyx in AAA grade",Discounted 16x12 mm Black Flat Oval Onyx in AAA grade,"16x12 mm Onyx , AAA Onyx , Cabochon Onyx , Black Onyx",Onyx,https://pub-f1751cc6619d4c769aceeaffe6043848.r2.dev/products/1786396597488-936b4924270a2e0a700c0ee75b65737873b654800d6ec980b63ea883892ac726.jpg,https://pub-f1751cc6619d4c769aceeaffe6043848.r2.dev/products/1786396597488-936b4924270a2e0a700c0ee75b65737873b654800d6ec980b63ea883892ac726.jpg,,,,,,Black,Onyx,AAA,Cabochon,Flat Oval,,Nice,7,Treated,Brasil,16x12 mm,3.75 ct.,Opaque,,,,,,,,,,
24976,BEA041408345,54.0000,2,0.01,1,30x22 mm Black Oval Onyx in AAA grade,This is AAA Grade Onyx originated from the mines in Brasil The stone is in size: 30x22 mm (36 ct.) Oval and the color is Black. It is a Opaque Cabochon not drilled stone. Depth of this gemstone is 12 mm,,"30x22 mm Onyx, Oval Onyx, 30x22 mm Black Oval Onyx in AAA grade",Lowest price on 30x22 mm Black Oval Onyx in AAA grade,"30x22 mm Onyx , AAA Onyx , Cabochon Onyx , Black Onyx",Onyx,https://pub-f1751cc6619d4c769aceeaffe6043848.r2.dev/products/1786396537022-5e0edd6ebbc46e73f20d8f44d5c4f1e367f273d34249b47581967bb3bb22c39a.jpg,https://pub-f1751cc6619d4c769aceeaffe6043848.r2.dev/products/1786396537022-5e0edd6ebbc46e73f20d8f44d5c4f1e367f273d34249b47581967bb3bb22c39a.jpg,,,,,,Black,Onyx,AAA,Cabochon,Oval,,Nice,7,Treated,Brasil,30x22 mm,36 ct.,Opaque,,,,,,,,,,
25940,GP07020801,9.9900,42,0.01,1,Black Onyx Pendant Sterling Silver,Nice an stylish Onyx sterling silver pendant. Pendant holds a AAA quality round black checker board onyx in size 10 mm. Pendant from front and back looks the same.<br />,,Black Onyx Pendant in Sterling Silver,Eye catching design Black Onyx Pendant in Sterling Silver - Only From Alpha Imports New York,"onyx pendant, black onyx pendant, silver onyx pendant, onyx sterling silver pendant",Gemstone Silver Pendants,https://pub-f1751cc6619d4c769aceeaffe6043848.r2.dev/products/1786396599073-5acd4d60bdb107f836c23e9e9764da2ac21567d7bc75747f7357415225f957f2.jpg,https://pub-f1751cc6619d4c769aceeaffe6043848.r2.dev/products/1786396599073-5acd4d60bdb107f836c23e9e9764da2ac21567d7bc75747f7357415225f957f2.jpg,,,,,,Black,Onyx,,Checker Board,Round,,Very Good,,,,10 mm,,,Silver,,,,,,,,,
26326,BD110207171,200.0000,124,0.01,1,1 Carat Black Round Diamond AAA (Aprox. 6 MM),Originated from the mines in Africa Nice luster 1 Carat Black Round AAA Diamond (Aprox. 6 MM),,1 Carat Black Round Diamond AAA (Aprox. 6 MM),1 Carat Black Round Diamond AAA (Aprox. 6 MM),"1, Black diamond, Round, black, Diamond, AAA black diamond",Black Diamonds,https://pub-f1751cc6619d4c769aceeaffe6043848.r2.dev/products/1786396516012-33de54cd471769639aec56ae850c7ef1808d9d57ad6b8a618142908e8a2b27dc.jpg,https://pub-f1751cc6619d4c769aceeaffe6043848.r2.dev/products/1786396516012-33de54cd471769639aec56ae850c7ef1808d9d57ad6b8a618142908e8a2b27dc.jpg,,,,,,Black,Black Diamond,AAA,Very Good,Round,,Fair,10,Irradiated,Africa,6 mm,1 ct.,Opaque,,,,,,,,,,
26537,PEA090508011,21.0000,92,0.01,1,7 mm Round Black Pearl in AA grade Full Drilled,Up for sale 7 mm Round Black Pearl in AA grade. This item is Full Drilled.,,7 mm Round Black Pearl in AA grade,Loest Price 7 mm Round Black Pearl in AA grade - only from Alpha Imports NY,"Black Pearl, Round Black Pearl, 7 mm Pearl, Full Drilled Pearl",Pearls,https://pub-f1751cc6619d4c769aceeaffe6043848.r2.dev/products/1786396600860-c7e3494140ea07203564306e0b5378f98e70b4ca35ed41b0dfb6a2535a59e3e9.jpg,https://pub-f1751cc6619d4c769aceeaffe6043848.r2.dev/products/1786396600860-c7e3494140ea07203564306e0b5378f98e70b4ca35ed41b0dfb6a2535a59e3e9.jpg,,,,,,Black,Pearl,AA,,Round,,Good,,,,7 mm,,,,,,,,,,,,
26538,PEA090508012,15.0000,183,0.01,1,6 mm Round Black Pearl in AA grade Full Drilled,Presenting 6 mm Round Black Pearl in AA grade. This item is Full Drilled.,,6 mm Round Black Pearl in AA grade,Offering 6 mm Round Black Pearl in AA grade - only from Alpha Imports NY,"Black Pearl, Round Black Pearl, 6 mm Pearl, Full Drilled Pearl",Pearls,https://pub-f1751cc6619d4c769aceeaffe6043848.r2.dev/products/1786396600860-c7e3494140ea07203564306e0b5378f98e70b4ca35ed41b0dfb6a2535a59e3e9.jpg,https://pub-f1751cc6619d4c769aceeaffe6043848.r2.dev/products/1786396600860-c7e3494140ea07203564306e0b5378f98e70b4ca35ed41b0dfb6a2535a59e3e9.jpg,,,,,,Black,Pearl,AA,,Round,,Good,,,,6 mm,,,,,,,,,,,,
26539,PEA090508013,9.0000,128,0.01,1,5 mm Round Black Pearl in AA grade Full Drilled,Up for sale 5 mm Round Black Pearl in AA grade. This item is Full Drilled.,,5 mm Round Black Pearl in AA grade,The best 5 mm Round Black Pearl in AA grade - only from Alpha Imports NY,"Black Pearl, Round Black Pearl, 5 mm Pearl, Full Drilled Pearl",Pearls,https://pub-f1751cc6619d4c769aceeaffe6043848.r2.dev/products/1786396600860-c7e3494140ea07203564306e0b5378f98e70b4ca35ed41b0dfb6a2535a59e3e9.jpg,https://pub-f1751cc6619d4c769aceeaffe6043848.r2.dev/products/1786396600860-c7e3494140ea07203564306e0b5378f98e70b4ca35ed41b0dfb6a2535a59e3e9.jpg,,,,,,Black,Pearl,AA,,Round,,Good,,,,5 mm,,,,,,,,,,,,
26540,PEA090508014,6.0000,123,0.01,1,4 mm Round Black Pearl in AA grade Full Drilled,Presenting 4 mm Round Black Pearl in AA grade. This item is Full Drilled.,,4 mm Round Black Pearl in AA grade,Nicest 4 mm Round Black Pearl in AA grade - only from Alpha Imports NY,"Black Pearl, Round Black Pearl, 4 mm Pearl, Full Drilled Pearl",Pearls,https://pub-f1751cc6619d4c769aceeaffe6043848.r2.dev/products/1786396600860-c7e3494140ea07203564306e0b5378f98e70b4ca35ed41b0dfb6a2535a59e3e9.jpg,https://pub-f1751cc6619d4c769aceeaffe6043848.r2.dev/products/1786396600860-c7e3494140ea07203564306e0b5378f98e70b4ca35ed41b0dfb6a2535a59e3e9.jpg,,,,,,Black,Pearl,AA,,Round,,Good,,,,4 mm,,,,,,,,,,,,
26541,PEA090508015,24.0000,2,0.01,1,8 mm Round Black Pearl in AA grade Half Drilled,Up for sale 8 mm Round Black Pearl in AA grade. This item is Half Drilled.,,8 mm Round Black Pearl in AA grade,Find here 8 mm Round Black Pearl in AA grade - only from Alpha Imports NY,"Black Pearl, Round Black Pearl, 8 mm Pearl, Half Drilled Pearl",Pearls,https://pub-f1751cc6619d4c769aceeaffe6043848.r2.dev/products/1786396600860-c7e3494140ea07203564306e0b5378f98e70b4ca35ed41b0dfb6a2535a59e3e9.jpg,https://pub-f1751cc6619d4c769aceeaffe6043848.r2.dev/products/1786396600860-c7e3494140ea07203564306e0b5378f98e70b4ca35ed41b0dfb6a2535a59e3e9.jpg,,,,,,Black,Pearl,AA,,Round,,Good,,,,8 mm,,,,,,,,,,,,
26547,PEA090508021,21.0000,4,0.01,1,7 mm Round Black Pearl in AA grade Full Drilled,Up for sale 7 mm Round Black Pearl in AA grade. This item is Full Drilled.,,7 mm Round Black Pearl in AA grade,Offering 7 mm Round Black Pearl in AA grade - only from Alpha Imports NY,"Black Pearl, Round Black Pearl, 7 mm Pearl, Full Drilled Pearl",Pearls,https://pub-f1751cc6619d4c769aceeaffe6043848.r2.dev/products/1786396600860-c7e3494140ea07203564306e0b5378f98e70b4ca35ed41b0dfb6a2535a59e3e9.jpg,https://pub-f1751cc6619d4c769aceeaffe6043848.r2.dev/products/1786396600860-c7e3494140ea07203564306e0b5378f98e70b4ca35ed41b0dfb6a2535a59e3e9.jpg,,,,,,Black,Pearl,AA,,Round,,Good,,,,7 mm,,,,,,,,,,,,
26548,PEA090508022,15.0000,19,0.01,1,6 mm Round Black Pearl in AA grade Full Drilled,Presenting 6 mm Round Black Pearl in AA grade. This item is Full Drilled.,,6 mm Round Black Pearl in AA grade,The best 6 mm Round Black Pearl in AA grade - only from Alpha Imports NY,"Black Pearl, Round Black Pearl, 6 mm Pearl, Full Drilled Pearl",Pearls,https://pub-f1751cc6619d4c769aceeaffe6043848.r2.dev/products/1786396600860-c7e3494140ea07203564306e0b5378f98e70b4ca35ed41b0dfb6a2535a59e3e9.jpg,https://pub-f1751cc6619d4c769aceeaffe6043848.r2.dev/products/1786396600860-c7e3494140ea07203564306e0b5378f98e70b4ca35ed41b0dfb6a2535a59e3e9.jpg,,,,,,Black,Pearl,AA,,Round,,Good,,,,6 mm,,,,,,,,,,,,
26549,PEA090508023,9.0000,98,0.01,1,5 mm Round Black Pearl in AA grade Full Drilled,Up for sale 5 mm Round Black Pearl in AA grade. This item is&nbsp;Full Drilled.,,5 mm Round Black Pearl in AA grade Full Drilled,Nicest 5 mm Round Black Pearl in AA grade - only from Alpha Imports NY,"Black Pearl, Round Black Pearl, 5 mm Pearl, Full Drilled Pearl",Pearls,https://pub-f1751cc6619d4c769aceeaffe6043848.r2.dev/products/1786396600860-c7e3494140ea07203564306e0b5378f98e70b4ca35ed41b0dfb6a2535a59e3e9.jpg,https://pub-f1751cc6619d4c769aceeaffe6043848.r2.dev/products/1786396600860-c7e3494140ea07203564306e0b5378f98e70b4ca35ed41b0dfb6a2535a59e3e9.jpg,,,,,,Black,Pearl,AA,,Round,,Good,,,,5 mm,,,,,,,,,,,,
26550,PEA090508024,6.0000,18,0.01,1,4 mm Round Black Pearl in AA grade Full Drilled,Presenting 4 mm Round Black Pearl in AA grade. This item is&nbsp;Full Drilled.,,4 mm Round Black Pearl in AA grade,Find here 4 mm Round Black Pearl in AA grade - only from Alpha Imports NY,"Black Pearl, Round Black Pearl, 4 mm Pearl, Full Drilled Pearl",Pearls,https://pub-f1751cc6619d4c769aceeaffe6043848.r2.dev/products/1786396600860-c7e3494140ea07203564306e0b5378f98e70b4ca35ed41b0dfb6a2535a59e3e9.jpg,https://pub-f1751cc6619d4c769aceeaffe6043848.r2.dev/products/1786396600860-c7e3494140ea07203564306e0b5378f98e70b4ca35ed41b0dfb6a2535a59e3e9.jpg,,,,,,Black,Pearl,AA,,Round,,Good,,,,4 mm,,,,,,,,,,,,
26775,PEA090508249,12.0000,12,0.01,1,22 mm Round Black/White Pearl/Onyx in AA grade Not Drilled,Up for sale 22 mm Round Black/White Pearl/Onyx in AA grade. This item is Not Drilled.,,22 mm Round Black/White Pearl/Onyx in AA grade,Find here 22 mm Round Black/White Pearl/Onyx in AA grade - only from Alpha Imports NY,"Black/White Pearl/Onyx, Round Black/White Pearl/Onyx, 22 mm Pearl/Onyx, Not Drilled Pearl/Onyx",Pearls,https://pub-f1751cc6619d4c769aceeaffe6043848.r2.dev/products/1786396602293-f13c004f9f3eb6c1c9fda7ed535ceabee7b6e6b27f5dcd8108515cd34604d995.jpg,https://pub-f1751cc6619d4c769aceeaffe6043848.r2.dev/products/1786396602293-f13c004f9f3eb6c1c9fda7ed535ceabee7b6e6b27f5dcd8108515cd34604d995.jpg,,,,,,Black/White,Pearl/Onyx,AA,,Round,,Good,,,,22 mm,,,,,,,,,,,,
27944,BD11060807,39.9900,190,0.01,1,0.38 Carats Black Round Diamond AAA,Originated from the mines in Africa Nice luster&nbsp;0.38 Carats Black Round AAA Diamond.,,0.38 Carats Black Round Diamond AAA,0.38 Carats Black Round Diamond AAA,"0.38 Black diamond, Round black Diamond, aaa black diamond",Black Diamonds,https://pub-f1751cc6619d4c769aceeaffe6043848.r2.dev/products/1786396516012-33de54cd471769639aec56ae850c7ef1808d9d57ad6b8a618142908e8a2b27dc.jpg,https://pub-f1751cc6619d4c769aceeaffe6043848.r2.dev/products/1786396516012-33de54cd471769639aec56ae850c7ef1808d9d57ad6b8a618142908e8a2b27dc.jpg,,,,,,Black,Black Diamond,AAA,Brilliant,Round,,Fair,10,Irradiated,Africa,,0.38 ct.,Opaque,,,,,,,,,,
28008,TSR12040802,480.0000,6,0.01,1,Three Stone Ring- 3 Cts. Black Diamond Ring in 14K Gold,"This is a gorgeous three stone black diamond ring. Very exquisite &amp; trendy designed in 14k gleaming gold the trio of black diamonds in prong setting look very distinctive and stunning. The Three stone black diamond rings symbolize the past present and future. These three stone Black diamond rings, three stone engagement rings &amp; three stone anniversary rings are a fitting testimony to an everlasting commitment.",,Three Stone Ring- 3 Cts. Black Diamond Ring in 14K Gold,Three Stone Ring- 3 Cts. Black Diamond Ring in 14K Gold,"three stone, three stone ring, three stone diamond ring, 3 stone ring, Black Diamond",Three Stone Diamond Rings,https://pub-f1751cc6619d4c769aceeaffe6043848.r2.dev/products/1786396579191-31c341dfb0cec0fbe8794ba179f913b3968b17363cd21d415263e94d17922d9e.gif,https://pub-f1751cc6619d4c769aceeaffe6043848.r2.dev/products/1786396579191-31c341dfb0cec0fbe8794ba179f913b3968b17363cd21d415263e94d17922d9e.gif,,,,,,Black,Diamond,,Very Good,,,,,Color Treated,,,1.50 ct.,, ,14K White or Yellow Gold,2 Grams,,,,,,,
28215,SP121508038,19.0000,1,0.01,1,Onyx Pendant in Sterling Silver,Very unique Black Onyx pendant in Sterling Silver. Pendant size is Approx. 22x12 mm. A great gift for any occasion.,,Onyx Pendant in Sterling Silver,Very nice Onyx Pendant in Sterling Silver - Only from Alpha Imports NY jewelry and gemstone supplier,"black onyx Pendant, black onyx silver Pendant, onyx pendant",Gemstone Silver Pendants,https://pub-f1751cc6619d4c769aceeaffe6043848.r2.dev/products/1786396603723-a4c5fa009be4d8db4e68118292d02b17176d16db1c708656fc6e4dfae7a545fd.gif,https://pub-f1751cc6619d4c769aceeaffe6043848.r2.dev/products/1786396603723-a4c5fa009be4d8db4e68118292d02b17176d16db1c708656fc6e4dfae7a545fd.gif,,,,,,Black,Onyx,AA,,Round,,,,,,9 mm,,,Sterling Silver,,,,,,,,,
28559,BBD01290903,900.0000,9,0.01,1,4.50 ct. Black Round Diamond,This is nice LARGE round Black Diamond. Weight of this stone is: 4.50 ct. Large black diamonds usually have some surface flaws. These flaws are small and negligible.,,4.50 ct. Black Round Diamond 10.5 mm,Unique 4.50 ct. Black Round Diamond from you online diamond supplier Alpha Imports,"4.50 ct. black diamond, black diamond, black diamond, round black diamond",Black Diamonds,https://pub-f1751cc6619d4c769aceeaffe6043848.r2.dev/products/1786396516012-33de54cd471769639aec56ae850c7ef1808d9d57ad6b8a618142908e8a2b27dc.jpg,https://pub-f1751cc6619d4c769aceeaffe6043848.r2.dev/products/1786396516012-33de54cd471769639aec56ae850c7ef1808d9d57ad6b8a618142908e8a2b27dc.jpg,,,,,,Black,Diamond,,,Round,,,10,Irradiated,Africa,,4.50 ct.,Opaque,,,,,,,,,,
28571,BBD01290915,1050.0000,10,0.01,1,5.25 ct. Black Round Diamond,This is nice LARGE round Black Diamond in Grade. Weight of this stone is:&nbsp;5.25 ct. Large black diamonds usually have some surface flaws. These flaws are small and negligible.,,5.25 ct. Black Round Diamond 10.2 mm,Unique 5.25 ct. Black Round Diamond from your online diamond supplier Alpha Imports,"5.25 ct. black diamond, round black diamond",Black Diamonds,https://pub-f1751cc6619d4c769aceeaffe6043848.r2.dev/products/1786396516012-33de54cd471769639aec56ae850c7ef1808d9d57ad6b8a618142908e8a2b27dc.jpg,https://pub-f1751cc6619d4c769aceeaffe6043848.r2.dev/products/1786396516012-33de54cd471769639aec56ae850c7ef1808d9d57ad6b8a618142908e8a2b27dc.jpg,,,,,,Black,Diamond,,,Round,,,10,Irradiated,Africa,,5.25 ct.,Opaque,,,,,,,,,,
28572,BBD01290916,1120.0000,10,0.01,1,5.60 ct. Black Round Diamond,This is nice LARGE round Black Diamond in . Weight of this stone is: 5.60 ct. Large black diamonds usually have some surface flaws. These flaws are small and negligible.,,5.60 ct. Black Round Diamond 10.9 mm,Large 5.60 ct. Black Round Diamond your online diamond supplier Alpha Imports,"5.60 ct. black diamond, round black diamond",Black Diamonds,https://pub-f1751cc6619d4c769aceeaffe6043848.r2.dev/products/1786396516012-33de54cd471769639aec56ae850c7ef1808d9d57ad6b8a618142908e8a2b27dc.jpg,https://pub-f1751cc6619d4c769aceeaffe6043848.r2.dev/products/1786396516012-33de54cd471769639aec56ae850c7ef1808d9d57ad6b8a618142908e8a2b27dc.jpg,,,,,,Black,Diamond,,,Round,,,10,Irradiated,Africa,,5.60 ct.,Opaque,,,,,,,,,,
28578,BBD01290922,635.0000,1,0.01,0,6.35 ct. Black Round AA Diamond,This is nice LARGE round Black Diamond in AA Grade. Weight of this stone is:&nbsp;6.35 ct. Large black diamonds usually have some surface flaws. These flaws are small and negligible.,,6.35 ct. Black Round AA Diamond,Most affordable 6.35 ct. Black Round AA Diamond your online diamond supplier Alpha Imports,"6.35 ct. black diamond, aa black diamond, round black diamond",Black Diamonds,https://pub-f1751cc6619d4c769aceeaffe6043848.r2.dev/products/1786396516012-33de54cd471769639aec56ae850c7ef1808d9d57ad6b8a618142908e8a2b27dc.jpg,https://pub-f1751cc6619d4c769aceeaffe6043848.r2.dev/products/1786396516012-33de54cd471769639aec56ae850c7ef1808d9d57ad6b8a618142908e8a2b27dc.jpg,,,,,,Black,Diamond,AA,,Round,,,10,Irradiated,Africa,,6.35 ct.,Opaque,,,,,,,,,,
28758,BD0209200901,28.0000,97,0.01,1,4 mm Black Round Diamond AAA,Originated from the mines in Africa Nice luster&nbsp;4 mm&nbsp;Black Round AAA Diamond.,,4 mm Black Round Diamond AAA,4 mm Black Round Diamond AAA,"4 mm Black diamond, Round black Diamond, aaa black diamond",Black Diamonds,https://pub-f1751cc6619d4c769aceeaffe6043848.r2.dev/products/1786396516012-33de54cd471769639aec56ae850c7ef1808d9d57ad6b8a618142908e8a2b27dc.jpg,https://pub-f1751cc6619d4c769aceeaffe6043848.r2.dev/products/1786396516012-33de54cd471769639aec56ae850c7ef1808d9d57ad6b8a618142908e8a2b27dc.jpg,,,,,,Black,Black Diamond,AAA,Brilliant,Round,,Fair,10,Irradiated,Africa,4 mm,0.28 ct.,Opaque,,,,,,,,,,
28759,BD0209200902,20.0000,172,0.01,1,3.5 mm Black Round Diamond AAA,Originated from the mines in Africa Nice luster&nbsp;3.5 mm&nbsp;Black Round AAA Diamond.,,3.5 mm Black Round Diamond AAA,3.5 mm Black Round Diamond AAA,"3.5 mm Black diamond, Round black Diamond, aaa black diamond",Black Diamonds,https://pub-f1751cc6619d4c769aceeaffe6043848.r2.dev/products/1786396516012-33de54cd471769639aec56ae850c7ef1808d9d57ad6b8a618142908e8a2b27dc.jpg,https://pub-f1751cc6619d4c769aceeaffe6043848.r2.dev/products/1786396516012-33de54cd471769639aec56ae850c7ef1808d9d57ad6b8a618142908e8a2b27dc.jpg,,,,,,Black,Black Diamond,AAA,Brilliant,Round,,Fair,10,Irradiated,Africa,3.5 mm,0.20 ct.,Opaque,,,,,,,,,,
28760,BD0209200903,12.0000,335,0.01,1,3 mm Black Round Diamond AAA,Originated from the mines in Africa Nice luster&nbsp;3 mm&nbsp;Black Round AAA Diamond.,,3 mm Black Round Diamond AAA,3 mm Black Round Diamond AAA,"3 mm Black diamond, Round black Diamond, aaa black diamond",Black Diamonds,https://pub-f1751cc6619d4c769aceeaffe6043848.r2.dev/products/1786396516012-33de54cd471769639aec56ae850c7ef1808d9d57ad6b8a618142908e8a2b27dc.jpg,https://pub-f1751cc6619d4c769aceeaffe6043848.r2.dev/products/1786396516012-33de54cd471769639aec56ae850c7ef1808d9d57ad6b8a618142908e8a2b27dc.jpg,,,,,,Black,Black Diamond,AAA,Brilliant,Round,,Fair,10,Irradiated,Africa,3 mm,0.12 ct.,Opaque,,,,,,,,,,
28761,BD0209200904,8.0000,243,0.01,1,2.8 mm Black Round Diamond AAA,Originated from the mines in Africa Nice luster&nbsp;2.8 mm&nbsp;Black Round AAA Diamond.,,2.8 mm Black Round Diamond AAA,2.8 mm Black Round Diamond AAA,"2.8 mm Black diamond, Round black Diamond, aaa black diamond",Black Diamonds,https://pub-f1751cc6619d4c769aceeaffe6043848.r2.dev/products/1786396516012-33de54cd471769639aec56ae850c7ef1808d9d57ad6b8a618142908e8a2b27dc.jpg,https://pub-f1751cc6619d4c769aceeaffe6043848.r2.dev/products/1786396516012-33de54cd471769639aec56ae850c7ef1808d9d57ad6b8a618142908e8a2b27dc.jpg,,,,,,Black,Black Diamond,AAA,Brilliant,Round,,Fair,10,Irradiated,Africa,2.8 mm,0.08 ct.,Opaque,,,,,,,,,,
28762,BD02092009041,5.0000,114,0.01,1,2 mm Black Round Diamond AAA,Originated from the mines in Africa Nice luster&nbsp;2 mm&nbsp;Black Round AAA Diamond.,,2 mm Black Round Diamond AAA,2 mm Black Round Diamond AAA,"2 mm Black diamond, Round black Diamond, aaa black diamond",Black Diamonds,https://pub-f1751cc6619d4c769aceeaffe6043848.r2.dev/products/1786396516012-33de54cd471769639aec56ae850c7ef1808d9d57ad6b8a618142908e8a2b27dc.jpg,https://pub-f1751cc6619d4c769aceeaffe6043848.r2.dev/products/1786396516012-33de54cd471769639aec56ae850c7ef1808d9d57ad6b8a618142908e8a2b27dc.jpg,,,,,,Black,Black Diamond,AAA,Brilliant,Round,,Fair,10,Irradiated,Africa,2 mm,,Opaque,,,,,,,,,,
28764,ONY02090901,8.2500,0,0.01,1,14 mm Ckr Board Drilled Cushion Black Onyx,Originated from the mines in Brazil Nice Luster 5.5 Carats Opaque Grade Black Checker Board Onyx In size: 14 mm.This item is drilled front to back on top.,,14 mm Ckr Board Drilled Cushion Black Onyx,14 mm Ckr Board Drilled Cushion Black Onyx,"14, mm, Checker, Board, Cushion, Black, Onyx, in, Opaque, Grade",Briolettes,https://pub-f1751cc6619d4c769aceeaffe6043848.r2.dev/products/1786396605365-5e8eb8d91ead386e1fe122978071125cb4ab83fdc570f99b053776b599212c26.gif,https://pub-f1751cc6619d4c769aceeaffe6043848.r2.dev/products/1786396605365-5e8eb8d91ead386e1fe122978071125cb4ab83fdc570f99b053776b599212c26.gif,,,,,,Black,Onyx,Opaque,Checker Board,Cushion,Opaque,Nice,7,Treated,Brasil,14 mm,5.50 ct.,,,,,,,,,,,
29075,BN022609097,130.0000,4,0.01,1,Black Onyx Beaded Sterling Silver 18 Inch Necklace,Great Value Black Onyx Faceted Drop 18 Inches Necklace. Please check below for more details. ,,Black Onyx Beaded Sterling Silver 18 Inch Necklace,Buy now this Black Onyx Beaded Sterling Silver 18 Inch Necklace only from Alpha Imports bead necklace supplier,"Black Onyx beaded necklace, Faceted bead necklace, 18 Inches bead necklace, Mix bead necklace",Gemstone Bead Necklace,https://pub-f1751cc6619d4c769aceeaffe6043848.r2.dev/products/1786396607264-a99543c6cc870fdce15265e92617849d22511c4856a052aaed303521d4e367df.gif,https://pub-f1751cc6619d4c769aceeaffe6043848.r2.dev/products/1786396607264-a99543c6cc870fdce15265e92617849d22511c4856a052aaed303521d4e367df.gif,,,,,,Black,Onyx,,Faceted,Drop,,,,,,Mix,260 ct. ,,,,,,,,,,,
29076,BN022609098,140.0000,5,0.01,1,Black Onyx Beaded Sterling Silver 16 Inch Necklace,Discounted Black Onyx Faceted Drop 16 Inches Necklace. Please check below for more details. ,,Black Onyx Beaded Sterling Silver 16 Inch Necklace,Best Deal Black Onyx Beaded Sterling Silver 16 Inch Necklace only from Alpha Imports bead necklace supplier,"Black Onyx beaded necklace, Faceted bead necklace, 16 Inches bead necklace, Mix bead necklace",Gemstone Bead Necklace,https://pub-f1751cc6619d4c769aceeaffe6043848.r2.dev/products/1786396607264-a99543c6cc870fdce15265e92617849d22511c4856a052aaed303521d4e367df.gif,https://pub-f1751cc6619d4c769aceeaffe6043848.r2.dev/products/1786396607264-a99543c6cc870fdce15265e92617849d22511c4856a052aaed303521d4e367df.gif,,,,,,Black,Onyx,,Faceted,Drop,,,,,,Mix,280 ct. ,,,,,,,,,,,
29077,BN022609099,180.0000,5,0.01,1,Black Onyx Beaded Sterling Silver 18 Inch Necklace,Best Value Black Onyx Faceted Drop 18 Inches Necklace. Please check below for more details. ,,Black Onyx Beaded Sterling Silver 18 Inch Necklace,Great deal Black Onyx Beaded Sterling Silver 18 Inch Necklace only from Alpha Imports bead necklace supplier,"Black Onyx beaded necklace, Faceted bead necklace, 18 Inches bead necklace, Mix bead necklace",Gemstone Bead Necklace,https://pub-f1751cc6619d4c769aceeaffe6043848.r2.dev/products/1786396607264-a99543c6cc870fdce15265e92617849d22511c4856a052aaed303521d4e367df.gif,https://pub-f1751cc6619d4c769aceeaffe6043848.r2.dev/products/1786396607264-a99543c6cc870fdce15265e92617849d22511c4856a052aaed303521d4e367df.gif,,,,,,Black,Onyx,,Faceted,Drop,,,,,,Mix,360 ct. ,,,,,,,,,,,
29098,BN022609120,88.0000,4,0.01,1,Black Onyx Beaded Sterling Silver 16 Inch Necklace,Very nice Black Onyx Smooth Drop 16 Inches Necklace. Please check below for more details. ,,Black Onyx Beaded Sterling Silver 16 Inch Necklace,Affordable Black Onyx Beaded Sterling Silver 16 Inch Necklace only from Alpha Imports bead necklace supplier,"Black Onyx beaded necklace, Smooth bead necklace, 16 Inches bead necklace, 13x10 mm bead necklace",Gemstone Bead Necklace,https://pub-f1751cc6619d4c769aceeaffe6043848.r2.dev/products/1786396608751-3a625d36ddf68a59d8cccd3d1ebe9ee90c454722b22dd666920ac093a3406330.gif,https://pub-f1751cc6619d4c769aceeaffe6043848.r2.dev/products/1786396608751-3a625d36ddf68a59d8cccd3d1ebe9ee90c454722b22dd666920ac093a3406330.gif,,,,,,Black,Onyx,,Smooth,Drop,,,,,,13x10 mm,220 ct. ,,,,,,,,,,,
29099,BN022609121,104.0000,5,0.01,1,Black Onyx Beaded Sterling Silver 18 Inch Necklace,Great Value Black Onyx Smooth Drop 18 Inches Necklace. Please check below for more details. ,,Black Onyx Beaded Sterling Silver 18 Inch Necklace,Discounted Black Onyx Beaded Sterling Silver 18 Inch Necklace only from Alpha Imports bead necklace supplier,"Black Onyx beaded necklace, Smooth bead necklace, 18 Inches bead necklace, 13x10 mm bead necklace",Gemstone Bead Necklace,https://pub-f1751cc6619d4c769aceeaffe6043848.r2.dev/products/1786396608751-3a625d36ddf68a59d8cccd3d1ebe9ee90c454722b22dd666920ac093a3406330.gif,https://pub-f1751cc6619d4c769aceeaffe6043848.r2.dev/products/1786396608751-3a625d36ddf68a59d8cccd3d1ebe9ee90c454722b22dd666920ac093a3406330.gif,,,,,,Black,Onyx,,Smooth,Drop,,,,,,13x10 mm,260 ct. ,,,,,,,,,,,
29100,BN022609122,130.0000,5,0.01,1,Black Onyx Beaded Sterling Silver 16 Inch Necklace,Discounted Black Onyx Faceted Drop 16 Inches Necklace. Please check below for more details. ,,Black Onyx Beaded Sterling Silver 16 Inch Necklace,Buy now this Black Onyx Beaded Sterling Silver 16 Inch Necklace only from Alpha Imports bead necklace supplier,"Black Onyx beaded necklace, Faceted bead necklace, 16 Inches bead necklace, 15x10 mm bead necklace",Gemstone Bead Necklace,https://pub-f1751cc6619d4c769aceeaffe6043848.r2.dev/products/1786396610793-1ba717cf309ba73d778b6e25e4cf72aa218fee42f157d752a91b7fbebd9a7139.gif,https://pub-f1751cc6619d4c769aceeaffe6043848.r2.dev/products/1786396610793-1ba717cf309ba73d778b6e25e4cf72aa218fee42f157d752a91b7fbebd9a7139.gif,,,,,,Black,Onyx,,Faceted,Drop,,,,,,15x10 mm,260 ct. ,,,,,,,,,,,
29101,BN022609123,160.0000,5,0.01,1,Black Onyx Beaded Sterling Silver 18 Inch Necklace,Best Value Black Onyx Faceted Drop 18 Inches Necklace. Please check below for more details. ,,Black Onyx Beaded Sterling Silver 18 Inch Necklace,Best Deal Black Onyx Beaded Sterling Silver 18 Inch Necklace only from Alpha Imports bead necklace supplier,"Black Onyx beaded necklace, Faceted bead necklace, 18 Inches bead necklace, 15x10 mm bead necklace",Gemstone Bead Necklace,https://pub-f1751cc6619d4c769aceeaffe6043848.r2.dev/products/1786396610793-1ba717cf309ba73d778b6e25e4cf72aa218fee42f157d752a91b7fbebd9a7139.gif,https://pub-f1751cc6619d4c769aceeaffe6043848.r2.dev/products/1786396610793-1ba717cf309ba73d778b6e25e4cf72aa218fee42f157d752a91b7fbebd9a7139.gif,,,,,,Black,Onyx,,Faceted,Drop,,,,,,15x10 mm,320 ct. ,,,,,,,,,,,
29102,BN022609124,45.0000,5,0.01,1,Black Onyx Beaded Sterling Silver 16 Inch Necklace,Affordable Black Onyx Smooth Round 16 Inches Necklace. Please check below for more details. ,,Black Onyx Beaded Sterling Silver 16 Inch Necklace,Great deal Black Onyx Beaded Sterling Silver 16 Inch Necklace only from Alpha Imports bead necklace supplier,"Black Onyx beaded necklace, Smooth bead necklace, 16 Inches bead necklace, 6 mm bead necklace",Gemstone Bead Necklace,https://pub-f1751cc6619d4c769aceeaffe6043848.r2.dev/products/1786396612464-2050d9ca3c15c309cd178a7ea2f8b73201bb90ff13abcd6926f38a31e9c9c0de.gif,https://pub-f1751cc6619d4c769aceeaffe6043848.r2.dev/products/1786396612464-2050d9ca3c15c309cd178a7ea2f8b73201bb90ff13abcd6926f38a31e9c9c0de.gif,,,,,,Black,Onyx,,Smooth,Round,,,,,,6 mm,90 ct. ,,,,,,,,,,,
29103,BN022609125,48.0000,3,0.01,1,Black Onyx Beaded Sterling Silver 18 Inch Necklace,Unique Black Onyx Smooth Round 18 Inches Necklace. Please check below for more details. ,,Black Onyx Beaded Sterling Silver 18 Inch Necklace,Affordable Black Onyx Beaded Sterling Silver 18 Inch Necklace only from Alpha Imports bead necklace supplier,"Black Onyx beaded necklace, Smooth bead necklace, 18 Inches bead necklace, 6 mm bead necklace",Gemstone Bead Necklace,https://pub-f1751cc6619d4c769aceeaffe6043848.r2.dev/products/1786396612464-2050d9ca3c15c309cd178a7ea2f8b73201bb90ff13abcd6926f38a31e9c9c0de.gif,https://pub-f1751cc6619d4c769aceeaffe6043848.r2.dev/products/1786396612464-2050d9ca3c15c309cd178a7ea2f8b73201bb90ff13abcd6926f38a31e9c9c0de.gif,,,,,,Black,Onyx,,Smooth,Round,,,,,,6 mm,100 ct. ,,,,,,,,,,,
29104,BN022609126,140.0000,4,0.01,1,Black Onyx Beaded Sterling Silver 16 Inch Necklace,Very nice Black Onyx Smooth Round 16 Inches Necklace. Please check below for more details. ,,Black Onyx Beaded Sterling Silver 16 Inch Necklace,Discounted Black Onyx Beaded Sterling Silver 16 Inch Necklace only from Alpha Imports bead necklace supplier,"Black Onyx beaded necklace, Smooth bead necklace, 16 Inches bead necklace, 12 mm bead necklace",Gemstone Bead Necklace,https://pub-f1751cc6619d4c769aceeaffe6043848.r2.dev/products/1786396614278-bbe7ad270896554a6a41bc987e8fe211ba6fe77dc1b168bb8b6679a2369e03fa.gif,https://pub-f1751cc6619d4c769aceeaffe6043848.r2.dev/products/1786396614278-bbe7ad270896554a6a41bc987e8fe211ba6fe77dc1b168bb8b6679a2369e03fa.gif,,,,,,Black,Onyx,,Smooth,Round,,,,,,12 mm,350 ct. ,,,,,,,,,,,
29105,BN022609127,150.0000,4,0.01,1,Black Onyx Beaded Sterling Silver 18 Inch Necklace,Great Value Black Onyx Smooth Round 18 Inches Necklace. Please check below for more details. ,,Black Onyx Beaded Sterling Silver 18 Inch Necklace,Buy now this Black Onyx Beaded Sterling Silver 18 Inch Necklace only from Alpha Imports bead necklace supplier,"Black Onyx beaded necklace, Smooth bead necklace, 18 Inches bead necklace, 12 mm bead necklace",Gemstone Bead Necklace,https://pub-f1751cc6619d4c769aceeaffe6043848.r2.dev/products/1786396614278-bbe7ad270896554a6a41bc987e8fe211ba6fe77dc1b168bb8b6679a2369e03fa.gif,https://pub-f1751cc6619d4c769aceeaffe6043848.r2.dev/products/1786396614278-bbe7ad270896554a6a41bc987e8fe211ba6fe77dc1b168bb8b6679a2369e03fa.gif,,,,,,Black,Onyx,,Smooth,Round,,,,,,12 mm,375 ct. ,,,,,,,,,,,
29106,BN022609128,240.0000,5,0.01,1,Black Onyx Beaded Sterling Silver 16 Inch Necklace,Discounted Black Onyx Smooth Round 16 Inches Necklace. Please check below for more details. ,,Black Onyx Beaded Sterling Silver 16 Inch Necklace,Best Deal Black Onyx Beaded Sterling Silver 16 Inch Necklace only from Alpha Imports bead necklace supplier,"Black Onyx beaded necklace, Smooth bead necklace, 16 Inches bead necklace, 16 mm bead necklace",Gemstone Bead Necklace,https://pub-f1751cc6619d4c769aceeaffe6043848.r2.dev/products/1786396615850-7dc3e93ada0947ca239f616219470c0345a4aa2bdac6ed66e996ba743f9aaedd.gif,https://pub-f1751cc6619d4c769aceeaffe6043848.r2.dev/products/1786396615850-7dc3e93ada0947ca239f616219470c0345a4aa2bdac6ed66e996ba743f9aaedd.gif,,,,,,Black,Onyx,,Smooth,Round,,,,,,16 mm,600 ct. ,,,,,,,,,,,
29123,BER030609010,29.9900,5,0.01,1,Onyx Round Sterling Silver 8/10 mm Earrings,Most BeautifulOnyx Sterling Silver Earrings. The length is 45 mm. Gemstone size is 8/10 mm and Round shape.,,Onyx Round Sterling Silver 8/10 mm Earrings,Discounted Onyx Round Sterling Silver 8/10 mm Earrings Only from Alpha Imports Your earrings supplier,"Onyx designers earrings, Onyx earrings, Round Sterling Silver earrings,8/10 mm earrings",Silver Earrings,https://pub-f1751cc6619d4c769aceeaffe6043848.r2.dev/products/1786396617551-1a2cb14609a6bf9ff74c32aebabfbcd728a528c127253086cc5d05ed51617171.jpg,https://pub-f1751cc6619d4c769aceeaffe6043848.r2.dev/products/1786396617551-1a2cb14609a6bf9ff74c32aebabfbcd728a528c127253086cc5d05ed51617171.jpg,,,,,,Black,Onyx,,,Round,,,,,,8/10 mm,,,Sterling Silver,,,,,,,,,
29198,BER030609079,29.9900,4,0.01,1,Black Onyx Faceted Drop Sterling Silver 18x11 mm Earrings,Very Nice Black Onyx Sterling Silver Earrings. The length is 40 mm. Gemstone size is 18x11 mm and Faceted Drop shape.,,Black Onyx Faceted Drop Sterling Silver 18x11 mm Earrings,Very nice Black Onyx Faceted Drop Sterling Silver 18x11 mm Earrings Only from Alpha Imports your earrings supplier.,"Black Onyx earrings, Black Onyx silver earrings, 18x11 mm silver earrings, Faceted Drop sterling silver earrings",Silver Earrings,https://pub-f1751cc6619d4c769aceeaffe6043848.r2.dev/products/1786396619397-83c37a94f5897581ef34627b30e1a9c009607e1f42a3ae8f86c84a2084708adb.jpg,https://pub-f1751cc6619d4c769aceeaffe6043848.r2.dev/products/1786396619397-83c37a94f5897581ef34627b30e1a9c009607e1f42a3ae8f86c84a2084708adb.jpg,,,,,,Black,Onyx,,,Faceted Drop,,,,,,18x11 mm,,,Sterling Silver,,,,,,,,,
29199,BER030609082,19.9900,3,0.01,1,Black Onyx Faceted Drop Sterling Silver 13x8 mm Earrings,Exclusive Black Onyx Sterling Silver Earrings. The length is 36 mm. Gemstone size is 13x8 mm and Faceted Drop shape.,,Black Onyx Faceted Drop Sterling Silver 13x8 mm Earrings,Discounted Black Onyx Faceted Drop Sterling Silver 13x8 mm Earrings Only from Alpha Imports your earrings supplier.,"Black Onyx earrings, Black Onyx silver earrings, 13x8 mm silver earrings, Faceted Drop sterling silver earrings",Silver Earrings,https://pub-f1751cc6619d4c769aceeaffe6043848.r2.dev/products/1786396621236-d070ae6840e063750be4ba5d052b41cd99848806e83cb8da5021057b89a28f54.jpg,https://pub-f1751cc6619d4c769aceeaffe6043848.r2.dev/products/1786396621236-d070ae6840e063750be4ba5d052b41cd99848806e83cb8da5021057b89a28f54.jpg,,,,,,Black,Onyx,,,Faceted Drop,,,,,,13x8 mm,,,Sterling Silver,,,,,,,,,
29270,BER030609155,39.9900,5,0.01,1,Black Onyx Faceted Drop Sterling Silver 19x11 mm Earrings,Unique Black Onyx Sterling Silver Earrings. The length is40 mm. Gemstone size is 19x11 mm and Faceted Drop shape.,,Black Onyx Faceted Drop Sterling Silver 19x11 mm Earrings,Very nice Black Onyx Faceted Drop Sterling Silver 19x11 mm Earrings From Alpha Imports designers earrings supplier,"40 mm gemstone earrings, Black Onyx gemstone earrings, Faceted Drop gemstone earrings, 19x11 mm gemstone earrings, Sterling Silver gemstone earrings",Silver Earrings,https://pub-f1751cc6619d4c769aceeaffe6043848.r2.dev/products/1786396622554-2776d29c5a3fce2b078bcaab191ec610cb6aa469a694e6007ca047ef5f6f3799.jpg,https://pub-f1751cc6619d4c769aceeaffe6043848.r2.dev/products/1786396622554-2776d29c5a3fce2b078bcaab191ec610cb6aa469a694e6007ca047ef5f6f3799.jpg,,,,,,Black,Onyx,,,Faceted Drop,,,,,,19x11 mm,,,Sterling Silver,,,,,,,,,
29439,BER030609319,39.9900,6,0.01,1,Black Onyx Cushion Checker Board Cut Briolette Silver Earrings,Beautifully designed Black Onyx Sterling Silver Earrings. The length is 35 mm. Gemstone size is 13 mm and Cushion Checker Board Cut Briolette shape.,,Black Onyx Cushion Checker Board Silver 13 mm Earrings,Great Value Black Onyx Cushion Checker Board Silver 13 mm Earrings Only from Alpha Imports Designers earrings supplier,"Black Onyx earrings, Cushion Checker Board Cut Briolette earrings, Sterling Silver earrings, 13 mm earrings",Silver Earrings,https://pub-f1751cc6619d4c769aceeaffe6043848.r2.dev/products/1786396624497-43d50cf27fdd70a07d7db71394209df3a8d5998ee49bd12df1b34b64ccece3e0.jpg,https://pub-f1751cc6619d4c769aceeaffe6043848.r2.dev/products/1786396624497-43d50cf27fdd70a07d7db71394209df3a8d5998ee49bd12df1b34b64ccece3e0.jpg,,,,,,,Onyx,,,Cushion Checker Board Cut Briolette,,,,,,13 mm,,,Sterling Silver,,,,,,,,,
29440,BER030609320,39.9900,8,0.01,1,Black Onyx Round Checker Board Cut Briolette Silver Earrings,One of the kind Black Onyx Sterling Silver Earrings. The length is 35 mm. Gemstone size is 13 mm and Round Checker Board Cut Briolette shape.,,Black Onyx Round Checker Board Silver 13 mm Earrings,On sale Black Onyx Round Checker Board Silver 13 mm Earrings Only from Alpha Imports Designers earrings supplier,"Black Onyx earrings, Round Checker Board Cut Briolette earrings, Sterling Silver earrings, 13 mm earrings",Silver Earrings,https://pub-f1751cc6619d4c769aceeaffe6043848.r2.dev/products/1786396626154-ae9c6e6695c9e53a6aa7bbfecca4f05fee8e1e4acbe9eb8516ee45308ce26698.jpg,https://pub-f1751cc6619d4c769aceeaffe6043848.r2.dev/products/1786396626154-ae9c6e6695c9e53a6aa7bbfecca4f05fee8e1e4acbe9eb8516ee45308ce26698.jpg,,,,,,Black,Onyx,,,Round Checker Board Cut Briolette,,,,,,13 mm,,,Sterling Silver,,,,,,,,,
29448,GSP032309004,19.9900,100,0.01,1,Black Onyx Cushion Checker Board Cut Briolette Silver Pendant,Unique design Black Onyx Sterling Silver Pendant. The gemstone is Cushion Checker Board Cut Briolette in size: 10 mm. Pendant size is: 23 mm by 13 mm.,,Black Onyx Cushion Checker Board Cut Briolette Silver Pendant,One of the kind Black Onyx Cushion Checker Board Cut Briolette Silver Pendant only from Alpha Imports Pendant designers.,"Black Onyx pendant, Sterling silver pendant, sterling silver gemstone pendant, Cushion Checker Board Cut Briolette pendant, 23 mm silver pendant",Gemstone Silver Pendants,https://pub-f1751cc6619d4c769aceeaffe6043848.r2.dev/products/1786396627840-456b8bc796977dab0cdf29a5aaad1aa2b4bb2d9cabf09f5f6e883bead6f277d6.jpg,https://pub-f1751cc6619d4c769aceeaffe6043848.r2.dev/products/1786396627840-456b8bc796977dab0cdf29a5aaad1aa2b4bb2d9cabf09f5f6e883bead6f277d6.jpg,,,,,,,Onyx,,,Cushion Checker Board Cut Briolette,,,,,,10 mm,,,Sterling Silver,,,,,,,,,
29465,GSP032309021,29.9900,10,0.01,1,Black Onyx Cushion Checker Board Cut Briolette Silver Pendant,Adorable Black Onyx Sterling Silver Pendant. The gemstone is Cushion Checker Board Cut Briolette in size: 13 mm. Pendant size is: 29 mm by 16 mm.,,Black Onyx Cushion Checker Board Cut Briolette Silver Pendant,Very nice Black Onyx Cushion Checker Board Cut Briolette Silver Pendant only from Alpha Imports Pendant designers.,"Black Onyx pendant, Sterling silver pendant, sterling silver gemstone pendant, Cushion Checker Board Cut Briolette pendant, 29 mm silver pendant",Gemstone Silver Pendants,https://pub-f1751cc6619d4c769aceeaffe6043848.r2.dev/products/1786396629245-d3dbd23266913acfc9fa86ff013ede49ce4b5eaee2dcc09df6e4e5e5457ea6f9.jpg,https://pub-f1751cc6619d4c769aceeaffe6043848.r2.dev/products/1786396629245-d3dbd23266913acfc9fa86ff013ede49ce4b5eaee2dcc09df6e4e5e5457ea6f9.jpg,,,,,,,Onyx,,,Cushion Checker Board Cut Briolette,,,,,,13 mm,,,Sterling Silver,,,,,,,,,
29466,GSP032309022,29.9900,10,0.01,1,Black Onyx Round Checker Board Cut Briolette Silver Pendant,Very unique Black Onyx Sterling Silver Pendant. The gemstone is Round Checker Board Cut Briolette in size: 13 mm. Pendant size is: 27 mm by 13 mm.,,Black Onyx Round Checker Board Cut Briolette Silver Pendant,Affordable Black Onyx Round Checker Board Cut Briolette Silver Pendant only from Alpha Imports Pendant designers.,"Black Onyx pendant, Sterling silver pendant, sterling silver gemstone pendant, Round Checker Board Cut Briolette pendant, 27 mm silver pendant",Gemstone Silver Pendants,https://pub-f1751cc6619d4c769aceeaffe6043848.r2.dev/products/1786396630866-27532c2bd9e75f377557ac6044d93b68eb89d4e2964df43086d5270d95572a49.jpg,https://pub-f1751cc6619d4c769aceeaffe6043848.r2.dev/products/1786396630866-27532c2bd9e75f377557ac6044d93b68eb89d4e2964df43086d5270d95572a49.jpg,,,,,,,Onyx,,,Round Checker Board Cut Briolette,,,,,,13 mm,,,Sterling Silver,,,,,,,,,
29469,GSP032309025,29.9900,1,0.01,1,Black Onyx Cushion Checker Board Cut Briolette Silver Pendant,Adorable Black Onyx Sterling Silver Pendant. The gemstone is Cushion Checker Board Cut Briolette in size: 13 mm. Pendant size is: 25 mm by 16 mm.,,Black Onyx Cushion Checker Board Cut Briolette Silver Pendant,Unique Black Onyx Cushion Checker Board Cut Briolette Silver Pendant only from Alpha Imports Pendant designers.,"Black Onyx pendant, Sterling silver pendant, sterling silver gemstone pendant, Cushion Checker Board Cut Briolette pendant, 25 mm silver pendant",Gemstone Silver Pendants,https://pub-f1751cc6619d4c769aceeaffe6043848.r2.dev/products/1786396632804-144f3c818e742efb30d59f86d28e7e8e3ab65a6e14ff8cfa6958c451f9971914.jpg,https://pub-f1751cc6619d4c769aceeaffe6043848.r2.dev/products/1786396632804-144f3c818e742efb30d59f86d28e7e8e3ab65a6e14ff8cfa6958c451f9971914.jpg,,,,,,,Onyx,,,Cushion Checker Board Cut Briolette,,,,,,13 mm,,,Sterling Silver,,,,,,,,,
29470,GSP032309026,29.9900,1,0.01,1,Black Onyx Cushion Checker Board Cut Briolette Silver Pendant,Very unique Black Onyx Sterling Silver Pendant. The gemstone is Cushion Checker Board Cut Briolette in size: 13 mm. Pendant size is: 20 mm by 16 mm.,,Black Onyx Cushion Checker Board Cut Briolette Silver Pendant,Very nice Black Onyx Cushion Checker Board Cut Briolette Silver Pendant only from Alpha Imports Pendant designers.,"Black Onyx pendant, Sterling silver pendant, sterling silver gemstone pendant, Cushion Checker Board Cut Briolette pendant, 20 mm silver pendant",Gemstone Silver Pendants,https://pub-f1751cc6619d4c769aceeaffe6043848.r2.dev/products/1786396635155-5d2ff3d2c2fe8a76a2904b482062703a30fb063b646f00ba9a3d1cd65fae721d.jpg,https://pub-f1751cc6619d4c769aceeaffe6043848.r2.dev/products/1786396635155-5d2ff3d2c2fe8a76a2904b482062703a30fb063b646f00ba9a3d1cd65fae721d.jpg,,,,,,,Onyx,,,Cushion Checker Board Cut Briolette,,,,,,13 mm,,,Sterling Silver,,,,,,,,,
29471,GSP032309027,29.9900,4,0.01,1,Black Onyx Round Checker Board Cut Briolette Silver Pendant,One of the kind Black Onyx Sterling Silver Pendant. The gemstone is Round Checker Board Cut Briolette in size: 13 mm. Pendant size is: 25 mm by 13 mm.,,Black Onyx Round Checker Board Cut Briolette Silver Pendant,Affordable Black Onyx Round Checker Board Cut Briolette Silver Pendant only from Alpha Imports Pendant designers.,"Black Onyx pendant, Sterling silver pendant, sterling silver gemstone pendant, Round Checker Board Cut Briolette pendant, 25 mm silver pendant",Gemstone Silver Pendants,https://pub-f1751cc6619d4c769aceeaffe6043848.r2.dev/products/1786396636696-e1c82e22990988ac9a55324f3dae837ea961495cf677ea56f55a3817bad7a1af.jpg,https://pub-f1751cc6619d4c769aceeaffe6043848.r2.dev/products/1786396636696-e1c82e22990988ac9a55324f3dae837ea961495cf677ea56f55a3817bad7a1af.jpg,,,,,,,Onyx,,,Round Checker Board Cut Briolette,,,,,,13 mm,,,Sterling Silver,,,,,,,,,
29473,GSP032309029,29.9900,9,0.01,1,Black Onyx Cushion Checker Board Cut Briolette Silver Pendant,Adorable Black Onyx Sterling Silver Pendant. The gemstone is Cushion Checker Board Cut Briolette in size: 13 mm. Pendant size is: 26 mm by 16 mm.,,Black Onyx Cushion Checker Board Cut Briolette Silver Pendant,One of the kind Black Onyx Cushion Checker Board Cut Briolette Silver Pendant only from Alpha Imports Pendant designers.,"Black Onyx pendant, Sterling silver pendant, sterling silver gemstone pendant, Cushion Checker Board Cut Briolette pendant, 26 mm silver pendant",Gemstone Silver Pendants,https://pub-f1751cc6619d4c769aceeaffe6043848.r2.dev/products/1786396638536-4a907a9636dafd811863d92298765f9b38016bc6ac4bbe7bf04634164e924432.jpg,https://pub-f1751cc6619d4c769aceeaffe6043848.r2.dev/products/1786396638536-4a907a9636dafd811863d92298765f9b38016bc6ac4bbe7bf04634164e924432.jpg,,,,,,,Onyx,,,Cushion Checker Board Cut Briolette,,,,,,13 mm,,,Sterling Silver,,,,,,,,,
29508,BER030609341,29.9900,7,0.01,1,Black Onyx Faceted Flower Sterling Silver Earrings,Very Nice Black Onyx Sterling Silver Earrings. The length is 35 mm. Gemstone size is 14 mm and Faceted Flower shape.,,Black Onyx Faceted Flower Sterling Silver Earrings,Check this out Black Onyx Faceted Flower Sterling Silver Earrings Only from Alpha Imports,"Black Onyx silver earrings, Faceted Flower silver earrings, 35 mm silver earrings, 14 mm silver earrings",Silver Earrings,https://pub-f1751cc6619d4c769aceeaffe6043848.r2.dev/products/1786396640279-1de199b506e27500f165dea606c7d08d4fff04ead3bca7f15c4248596451fed2.gif,https://pub-f1751cc6619d4c769aceeaffe6043848.r2.dev/products/1786396640279-1de199b506e27500f165dea606c7d08d4fff04ead3bca7f15c4248596451fed2.gif,,,,,,Black,Onyx,,,Faceted Flower,,,,,,14 mm,,,Sterling Silver,,,,,,,,,
29565,BER030609397,29.9900,8,0.01,1,Black Onyx Oval Sterling Silver Earrings,Unique Black Onyx Sterling Silver Earrings. The length is 38 mm. Gemstone size is 20x14 mm and Oval shape.,,Black Onyx Oval Sterling Silver Earrings,Check this out Black Onyx Oval Sterling Silver Earrings Only from Alpha Imports,"Black Onyx silver earrings, Oval silver earrings, 38 mm silver earrings, 20x14 mm silver earrings",Silver Earrings,https://pub-f1751cc6619d4c769aceeaffe6043848.r2.dev/products/1786396641947-d1be1e9b152dfa84dc463cb34557734f70920ac006312f3548c2eeb8cacd671e.gif,https://pub-f1751cc6619d4c769aceeaffe6043848.r2.dev/products/1786396641947-d1be1e9b152dfa84dc463cb34557734f70920ac006312f3548c2eeb8cacd671e.gif,,,,,,Black,Onyx,,,Oval,,,,,,20x14 mm,,,Sterling Silver,,,,,,,,,
29622,BER030609454,39.9900,9,0.01,1,Black Onyx & Cultured Pearl Oval Drop Sterling Silver Earrings,Unusual Black Onyx &amp; Cultured Pearl Sterling Silver Earrings. The length is 45 mm. Gemstone size is 15x8 mm/7 mm and Oval Drop shape.,,Black Onyx & Cultured Pearl Oval Drop Sterling Silver Earrings,Check this out Black Onyx & Cultured Pearl Oval Drop Sterling Silver Earrings Only from Alpha Imports,"Black Onyx & Cultured Pearl silver earrings, Oval Drop silver earrings, 45 mm silver earrings, 15x8 mm/7 mm silver earrings",Silver Earrings,https://pub-f1751cc6619d4c769aceeaffe6043848.r2.dev/products/1786396643685-13cbdff3760182fc1c9277a914324339c02682a234a6401575ff8415bbd941b0.gif,https://pub-f1751cc6619d4c769aceeaffe6043848.r2.dev/products/1786396643685-13cbdff3760182fc1c9277a914324339c02682a234a6401575ff8415bbd941b0.gif,,,,,,,Cultured Pearl-Black Onyx,,,Oval Drop,,,,,,15x8 mm/7 mm,,,Sterling Silver,,,,,,,,,
29624,BER030609456,39.9900,9,0.01,1,Black Onyx & Cultured Pearl Carving Tube Sterling Earrings,Rare Black Onyx &amp; Cultured Pearl Sterling Silver Earrings. The length is 43 mm. Gemstone size is 10 mm/8 mm and Carving Tube shape.,,Black Onyx & Cultured Pearl Carving Tube Sterling Earrings,Find more about Black Onyx & Cultured Pearl Carving Tube Sterling Earrings Only from Alpha Imports,"Black Onyx & Cultured Pearl silver earrings, Carving Tube silver earrings, 43 mm silver earrings, 10 mm/8 mm silver earrings",Silver Earrings,https://pub-f1751cc6619d4c769aceeaffe6043848.r2.dev/products/1786396645147-27d11176856bc97ef0c1da1c6ac323f633bf8509e5c2558455c24cfc0b335c8e.gif,https://pub-f1751cc6619d4c769aceeaffe6043848.r2.dev/products/1786396645147-27d11176856bc97ef0c1da1c6ac323f633bf8509e5c2558455c24cfc0b335c8e.gif,,,,,,,Cultured Pearl-Black Onyx,,,Carving Tube/Round,,,,,,10 mm/8 mm,,,Sterling Silver,,,,,,,,,
29867,BER030609508,39.9900,1,0.01,1,Chalcedony-Cultured Pearl Oval Carving/Round Earrings in Silver,One of the kind Chalcedony-Cultured Pearl Earrings in Sterling Silver. This Oval Carving/Round American Blue/Black Earrings are 53 mm long. Please check table below for more details.,,Chalcedony-Cultured Pearl Oval Carving/Round Earrings in Silver,Very ncie Chalcedony-Cultured Pearl Oval Carving/Round Earrings in Silver only from Alpha Imports,"American Blue/Black Sterling Silver Earrings, American Blue/Black Oval Carving/Round Earrings, 18x13 mm/8 mm Sterling Silver Earrings",Silver Earrings,https://pub-f1751cc6619d4c769aceeaffe6043848.r2.dev/products/1786396646929-a298b766eafda5b86d874166bdfd308de8ee7ec82c0b0c8ffbbf88556678ff65.gif,https://pub-f1751cc6619d4c769aceeaffe6043848.r2.dev/products/1786396646929-a298b766eafda5b86d874166bdfd308de8ee7ec82c0b0c8ffbbf88556678ff65.gif,,,,,,American Blue/Black,Cultured Pearl-Chalcedony,,,Oval Carving/Round,,,,,,18x13 mm/8 mm,,,Sterling Silver,,,,,,,,,
30021,BER030609534,29.9900,4,0.01,1,Oval/Round Cultured Pearl-Black Onyx Earrings in Sterling Silver,Cultured Pearl-Black Onyx Oval/Round Earrings in Sterlinkg Silver. Gemstone is in size: 9x7 mm/8 mm and Earrings length is: 44 mm. Please check table below for more details.,,Oval/Round Cultured Pearl-Black Onyx Earrings in Sterling Silver,Find here Oval/Round Cultured Pearl-Black Onyx Earrings in Sterling Silver Only from Alpha Imports.,"Cultured Pearl-Black Onyx Oval/Round Earrings, Cultured Pearl-Black Onyx Earrings, Sterling silver Earrings, 9x7 mm/8 mm Sterling silver Earrings, Sterling silver Earrings",Silver Earrings,https://pub-f1751cc6619d4c769aceeaffe6043848.r2.dev/products/1786396648470-d46ecaabb10fa0dc4c7e50f5a482047e3197e8ebe1d9f13ba7cc254f136c105a.gif,https://pub-f1751cc6619d4c769aceeaffe6043848.r2.dev/products/1786396648470-d46ecaabb10fa0dc4c7e50f5a482047e3197e8ebe1d9f13ba7cc254f136c105a.gif,,,,,,,Cultured Pearl-Black Onyx,,,Oval/Round,,,,,,9x7 mm/8 mm,,,Sterling Silver,,,,,,,,,
30567,DSN051109002,39.9900,2,0.01,1,12 mm Black Onyx Designer Sterling Silver Necklace,Very Nice Onyx Black Long Tube Sterling Silver Necklace. Gemstone is in Size 12 mm .Golden Silk Cord is included. Please check below for more details.,,12 mm Black Onyx Designer Sterling Silver Necklace,Find More about This 12 mm Black Onyx Pandant Only from Alpha Imports your Jewelry Supplier,"Gemstone Pandant,12 mm Pandant,Onyx Pandant,Black Onyx Pandant,Long Tube Pandant",Gemstone Silver Necklaces,https://pub-f1751cc6619d4c769aceeaffe6043848.r2.dev/products/1786396650109-9784ee302e97c6d7bd736d36d123283c35aa80b1326e13fbf3b291d426e19d14.gif,,https://pub-f1751cc6619d4c769aceeaffe6043848.r2.dev/products/1786396650109-9784ee302e97c6d7bd736d36d123283c35aa80b1326e13fbf3b291d426e19d14.gif,,,,,Black,Onyx,,,Long Tube,,,,,,12 mm,,,Sterling Silver,,,,,,,,,
30569,DSN051109004,39.9900,1,0.01,1,12 mm Black Onyx Designer Sterling Silver Necklace,Unique Design Onyx Black Long Tube Sterling Silver Necklace. Gemstone is in Size 12 mm .Golden Silk Cord is included. Please check below for more details.,,12 mm Black Onyx Designer Sterling Silver Necklace,Must See This 12 mm Black Onyx Pandant Only from Alpha Imports your Jewelry Supplier,"Gemstone Pandant,12 mm Pandant,Onyx Pandant,Black Onyx Pandant,Long Tube Pandant",Gemstone Silver Necklaces,https://pub-f1751cc6619d4c769aceeaffe6043848.r2.dev/products/1786396651743-637d684806fcb7e695ebb2b550f94387be5fe3d06f8e7be3729997ddecbd3b11.gif,,https://pub-f1751cc6619d4c769aceeaffe6043848.r2.dev/products/1786396651743-637d684806fcb7e695ebb2b550f94387be5fe3d06f8e7be3729997ddecbd3b11.gif,,,,,Black,Onyx,,,Long Tube,,,,,,12 mm,,,Sterling Silver,,,,,,,,,
30571,DSN051109006,49.9900,1,0.01,1,9 mm White Cultured Pearl /Smoky/ Designer Sterling Necklace.,Very Nice Cultured Pearl-Smoky White/Smoky Round/Oval Barrel Drop Sterling Silver Necklace. Gemstone is in Size 20x14 mm/9 mm . Black Silk Cord is included. Please check below for more details.,,9 mm White Cultured Pearl /Smoky/ Designer Sterling Necklace.,Find More about This 20x14 mm/9 mm White/Smoky Cultured Pearl-Smoky Pandant Only from Alpha Imports your Jewelry Supplier,"Gemstone Pandant,20x14 mm/9 mm Pandant,Cultured Pearl-Smoky Pandant,White/Smoky Cultured Pearl-Smoky Pandant,Round/Oval Barrel Drop Pandant",Gemstone Silver Necklaces,https://pub-f1751cc6619d4c769aceeaffe6043848.r2.dev/products/1786396653386-1be17af9acf0f9b2fc4ad17fb8b2f130d202bb05f109395333bcc51856c21938.gif,,https://pub-f1751cc6619d4c769aceeaffe6043848.r2.dev/products/1786396653386-1be17af9acf0f9b2fc4ad17fb8b2f130d202bb05f109395333bcc51856c21938.gif,,,,,White/Smoky,Cultured Pearl-Smoky,,,Round/Oval Barrel Drop,,,,,,20x14 mm/9 mm,,,Sterling Silver,,,,,,,,,
30573,DSN051109008,39.9900,1,0.01,1,12 mm Golden Amber Designer Sterling Silver Necklace,Unique Design Amber Golden Round Drop Sterling Silver Necklace. Gemstone is in Size 12 mm . Black Silk Cord is included. Please check below for more details.,,12 mm Golden Amber Designer Sterling Silver Necklace,Must See This 12 mm Golden Amber Pandant Only from Alpha Imports your Jewelry Supplier,"Gemstone Pandant,12 mm Pandant,Amber Pandant,Golden Amber Pandant,Round Drop Pandant",Gemstone Silver Necklaces,https://pub-f1751cc6619d4c769aceeaffe6043848.r2.dev/products/1786396655024-913da9f81f9acc1ee8f95784c6da5f84003f9c7fbce054918b00237d4c78338e.gif,,https://pub-f1751cc6619d4c769aceeaffe6043848.r2.dev/products/1786396655024-913da9f81f9acc1ee8f95784c6da5f84003f9c7fbce054918b00237d4c78338e.gif,,,,,Golden,Amber,,,Round Drop,,,,,,12 mm,,,Sterling Silver,,,,,,,,,
31247,BLD09210901,100.0000,18,0.01,1,1 Carat twt Black Diamond Lot size 1 - 2 mm,"Diamond lots at below wholesale prices from Alpha Imports. These all time popular lots are widely used by jewelers, designers, eBay sellers and hobbyists. Available in various size configurations. Please check the table below for more details about this lot.",,1 Carat twt Black Diamond Lot size 1 - 2 mm,1 Carat twt Black Diamond Lot size 1 - 2 mm,"Black Diamonds, Lot, 1 carat, 1 - 2 mm, Diamond Lot",Black Diamonds,https://pub-f1751cc6619d4c769aceeaffe6043848.r2.dev/products/1786396483492-020f9cf216558cacf73a2d0e5dd5f0d0958d4ee89c6663e02ae565581310880e.jpg,https://pub-f1751cc6619d4c769aceeaffe6043848.r2.dev/products/1786396483492-020f9cf216558cacf73a2d0e5dd5f0d0958d4ee89c6663e02ae565581310880e.jpg,,,,,,Black,Black Diamond,AAA,Very Good,Round,,Very Nice,10,Treated,,,1 ct.,Opaque,,,,,1-2 mm,,,,,
31335,JD110309007,9.9900,2,0.01,1,Flocked Puff Pad Earring Card 100 Pcs Set,This flocked black puff pad Fits perfectly in standard earring card insert. These are close-outs and are gently used and in good condition.,,Flocked Puff Pad Earring Card 100 Pcs Set,Buy Flocked Puff Pad Earring Card 100 Pcs Set from alpha Imports-Lowest price on planet,"Flocked Puff, Pad, Earring Card, 100 Pcs Set",Jewelry Display,https://pub-f1751cc6619d4c769aceeaffe6043848.r2.dev/products/1786396656970-a0f01edaa552a1260270b17dc6400366b7f3fe30fb9243d4c472fa048610ddf0.gif,https://pub-f1751cc6619d4c769aceeaffe6043848.r2.dev/products/1786396656970-a0f01edaa552a1260270b17dc6400366b7f3fe30fb9243d4c472fa048610ddf0.gif,,,,,,,Earring Card,,,,,,,,,,,,,,,,,,,,,
31347,JD110309019,1.9900,82,0.01,1,72 Ring Black Foam Tray Insert,These are close-outs and are gently used and in good condition.,,72 Ring Black Foam Tray Insert,Buy 72 Ring Black Foam Tray Insert alpha Imports-Lowest price on planet,"72 Ring, Black Foam, Tray Insert",Jewelry Display,https://pub-f1751cc6619d4c769aceeaffe6043848.r2.dev/products/1786396658711-331c0abc7d4752789935e9f2de7d9c35ec86b6ee0c20a951dc14091f25a3d9db.gif,https://pub-f1751cc6619d4c769aceeaffe6043848.r2.dev/products/1786396658711-331c0abc7d4752789935e9f2de7d9c35ec86b6ee0c20a951dc14091f25a3d9db.gif,,,,,,,Ring Display,,,,,,,,,,,,,,,,,,,,,
31392,BD11090901,42.0000,139,0.01,1,0.42 Carats (4.5 mm) Black Round Diamond AAA,Originated from the mines in Africa Nice luster 0.42 Carats Black Round AAA Diamond size : 4.5 mm.,,0.42 Carats (4.5 mm) Black Round Diamond AAA,0.42 Carats (4.5 mm) Black Round Diamond AAA,"0.42 Black diamond, Round black Diamond, aaa black diamond",Black Diamonds,https://pub-f1751cc6619d4c769aceeaffe6043848.r2.dev/products/1786396516012-33de54cd471769639aec56ae850c7ef1808d9d57ad6b8a618142908e8a2b27dc.jpg,https://pub-f1751cc6619d4c769aceeaffe6043848.r2.dev/products/1786396516012-33de54cd471769639aec56ae850c7ef1808d9d57ad6b8a618142908e8a2b27dc.jpg,,,,,,Black,Black Diamond,AAA,Brilliant,Round,,Fair,10,Irradiated,Africa,4.5 mm,0.42 ct.,Opaque,,,,,,,,,,
31393,BD11090902,75.0000,81,0.01,1,0.75 Carats Black Round Diamond AAA,Originated from the mines in Africa Nice luster 0.75 Carats Black Round AAA Diamond.,,0.75 Carats Black Round Diamond AAA,0.75 Carats Black Round Diamond AAA,"0.75 Black diamond, Round black Diamond, aaa black diamond",Black Diamonds,https://pub-f1751cc6619d4c769aceeaffe6043848.r2.dev/products/1786396516012-33de54cd471769639aec56ae850c7ef1808d9d57ad6b8a618142908e8a2b27dc.jpg,https://pub-f1751cc6619d4c769aceeaffe6043848.r2.dev/products/1786396516012-33de54cd471769639aec56ae850c7ef1808d9d57ad6b8a618142908e8a2b27dc.jpg,,,,,,Black,Black Diamond,AAA,Brilliant,Round,,Fair,10,Irradiated,Africa,,0.75 ct.,Opaque,,,,,,,,,,
31813,BEA010610001,33.0000,96,0.01,1,18x13 mm Oval Checker Board Hematite in AAA grade,This is AAA Grade Hematite originated from the mines in Brasil. The stone is in size: 18x13 mm (22 ct.)Oval shape and the color is Silver black. It is Checker Board oval with flat bottom.,,18x13 mm Oval Checker Board Hematite in AAA grade,Wholesale dicounted price on 18x13 mm Oval Checker Board Hematite in AAA grade,"18x13 mm Hematite, Oval Hematite, Silver Hematite, Checker Board Hematite",Hematite,https://pub-f1751cc6619d4c769aceeaffe6043848.r2.dev/products/1786396660394-c207eaf684ccc7f0e45cfe417fab798044a865391e30bd79ae49a2035f1176d7.jpg,https://pub-f1751cc6619d4c769aceeaffe6043848.r2.dev/products/1786396660394-c207eaf684ccc7f0e45cfe417fab798044a865391e30bd79ae49a2035f1176d7.jpg,,,,,,Silver,Hematite,AAA,Checker Board,Oval,,Fine,5.5 - 6.5,Treated,Brasil,18x13 mm,22 ct.,,,,,,,,,,,
31814,BEA010610002,67.5000,80,0.01,1,25x18 mm Oval Checker Board Hematite in AAA grade,This is AAA Grade Hematite originated from the mines in Brasil. The stone is in size: 25x18 mm (45 ct.)Oval shape and the color is Silver black. It is Checker Board oval with flat bottom.,,25x18 mm Oval Checker Board Hematite in AAA grade,Wholesale dicounted price on 25x18 mm Oval Checker Board Hematite in AAA grade,"25x18 mm Hematite, Oval Hematite, Silver Hematite, Checker Board Hematite",Hematite,https://pub-f1751cc6619d4c769aceeaffe6043848.r2.dev/products/1786396660394-c207eaf684ccc7f0e45cfe417fab798044a865391e30bd79ae49a2035f1176d7.jpg,https://pub-f1751cc6619d4c769aceeaffe6043848.r2.dev/products/1786396660394-c207eaf684ccc7f0e45cfe417fab798044a865391e30bd79ae49a2035f1176d7.jpg,,,,,,Silver,Hematite,AAA,Checker Board,Oval,,Fine,5.5 - 6.5,Treated,Brasil,25x18 mm,45 ct.,,,,,,,,,,,
31815,BEA010610003,18.0000,197,0.01,1,13 mm Round Checker Board Hematite in AAA grade,This is AAA Grade Hematite originated from the mines in Brasil. The stone is in size: 13 mm mm (12 ct.)Round shape and the color is Silver black. It is Checker Board Round with flat bottom.,,13 mm Round Checker Board Hematite in AAA grade,Wholesale dicounted price on 13 mm Round Checker Board Hematite in AAA grade,"13 mm Hematite, Round Hematite, Silver Hematite, Checker Board Hematite",Gemstone Specials,https://pub-f1751cc6619d4c769aceeaffe6043848.r2.dev/products/1786396535222-626b7fa276c1be79ac5da8ad3e2623cbff89688b34bd2e52b661d8337c4489de.jpg,https://pub-f1751cc6619d4c769aceeaffe6043848.r2.dev/products/1786396535222-626b7fa276c1be79ac5da8ad3e2623cbff89688b34bd2e52b661d8337c4489de.jpg,,,,,,Silver,Hematite,AAA,Checker Board,Round,,Fine,5.5 - 6.5,Treated,Brasil,13 mm,12 ct.,,,,,,,,,,,
31816,BEA010610004,27.0000,195,0.01,1,15 mm Round Checker Board Hematite in AAA grade,This is AAA Grade Hematite originated from the mines in Brasil. The stone is in size: 15 mm mm (18 ct.)Round shape and the color is Silver black. It is Checker Board Round with flat bottom.,,15 mm Round Checker Board Hematite in AAA grade,Wholesale dicounted price on 15 mm Round Checker Board Hematite in AAA grade,"15 mm Hematite, Round Hematite, Silver Hematite, Checker Board Hematite",Hematite,https://pub-f1751cc6619d4c769aceeaffe6043848.r2.dev/products/1786396535222-626b7fa276c1be79ac5da8ad3e2623cbff89688b34bd2e52b661d8337c4489de.jpg,https://pub-f1751cc6619d4c769aceeaffe6043848.r2.dev/products/1786396535222-626b7fa276c1be79ac5da8ad3e2623cbff89688b34bd2e52b661d8337c4489de.jpg,,,,,,Silver,Hematite,AAA,Checker Board,Round,,Fine,5.5 - 6.5,Treated,Brasil,15 mm,18 ct.,,,,,,,,,,,
31817,BEA010610005,42.0000,127,0.01,1,18 mm Round Checker Board Hematite in AAA grade,This is AAA Grade Hematite originated from the mines in Brasil. The stone is in size: 18 mm mm (28 ct.)Round shape and the color is Silver black. It is Checker Board Round with flat bottom.,,18 mm Round Checker Board Hematite in AAA grade,Wholesale dicounted price on 18 mm Round Checker Board Hematite in AAA grade,"18 mm Hematite, Round Hematite, Silver Hematite, Checker Board Hematite",Hematite,https://pub-f1751cc6619d4c769aceeaffe6043848.r2.dev/products/1786396535222-626b7fa276c1be79ac5da8ad3e2623cbff89688b34bd2e52b661d8337c4489de.jpg,https://pub-f1751cc6619d4c769aceeaffe6043848.r2.dev/products/1786396535222-626b7fa276c1be79ac5da8ad3e2623cbff89688b34bd2e52b661d8337c4489de.jpg,,,,,,Silver,Hematite,AAA,Checker Board,Round,,Fine,5.5 - 6.5,Treated,Brasil,18 mm,28 ct.,,,,,,,,,,,
31818,BEA010610006,16.5000,189,0.01,1,14x10 mm Long Cushion Checker Board Hematite in AAA grade,This is AAA Grade Hematite originated from the mines in Brasil. The stone is in size: 14x10 mm mm (11 ct.)Long Cushion checker board and the color is Silver black. It is Checker Board Long Cushion with flat bottom.,,14x10 mm Long Cushion Checker Board Hematite in AAA grade,Wholesale dicounted price on 14x10 mm Long Cushion Checker Board Hematite in AAA grade,"14x10 mm Hematite, Long Cushion Hematite, Silver Hematite, Checker Board Hematite",Hematite,https://pub-f1751cc6619d4c769aceeaffe6043848.r2.dev/products/1786396519389-9d1e37180f29cd59f09a4bafcc7a4febf6d47c5985c407327719b6de47537b0f.jpg,https://pub-f1751cc6619d4c769aceeaffe6043848.r2.dev/products/1786396519389-9d1e37180f29cd59f09a4bafcc7a4febf6d47c5985c407327719b6de47537b0f.jpg,,,,,,Silver,Hematite,AAA,Checker Board,Long Cushion,,Fine,5.5 - 6.5,Treated,Brasil,14x10 mm,11 ct.,,,,,,,,,,,
31819,BEA010610007,37.5000,186,0.01,1,20x15 mm Long Cushion Checker Board Hematite in AAA grade,This is AAA Grade Hematite originated from the mines in Brasil. The stone is in size: 20x15 mm mm (25 ct.)Long Cushion checker board and the color is Silver black. It is Checker Board Long Cushion with flat bottom.,,20x15 mm Long Cushion Checker Board Hematite in AAA grade,Wholesale dicounted price on 20x15 mm Long Cushion Checker Board Hematite in AAA grade,"20x15 mm Hematite, Long Cushion Hematite, Silver Hematite, Checker Board Hematite",Hematite,https://pub-f1751cc6619d4c769aceeaffe6043848.r2.dev/products/1786396519389-9d1e37180f29cd59f09a4bafcc7a4febf6d47c5985c407327719b6de47537b0f.jpg,https://pub-f1751cc6619d4c769aceeaffe6043848.r2.dev/products/1786396519389-9d1e37180f29cd59f09a4bafcc7a4febf6d47c5985c407327719b6de47537b0f.jpg,,,,,,Silver,Hematite,AAA,Checker Board,Long Cushion,,Fine,5.5 - 6.5,Treated,Brasil,20x15 mm,25 ct.,,,,,,,,,,,
31820,BEA010610008,54.0000,211,0.01,1,22x16 mm Long Cushion Checker Board Hematite in AAA grade,This is AAA Grade Hematite originated from the mines in Brasil. The stone is in size: 22x16 mm mm (36 ct.)Long Cushion checker board and the color is Silver black. It is Checker Board Long Cushion with flat bottom.,,22x16 mm Long Cushion Checker Board Hematite in AAA grade,Wholesale dicounted price on 22x16 mm Long Cushion Checker Board Hematite in AAA grade,"22x16 mm Hematite, Long Cushion Hematite, Silver Hematite, Checker Board Hematite",Hematite,https://pub-f1751cc6619d4c769aceeaffe6043848.r2.dev/products/1786396519389-9d1e37180f29cd59f09a4bafcc7a4febf6d47c5985c407327719b6de47537b0f.jpg,https://pub-f1751cc6619d4c769aceeaffe6043848.r2.dev/products/1786396519389-9d1e37180f29cd59f09a4bafcc7a4febf6d47c5985c407327719b6de47537b0f.jpg,,,,,,Silver,Hematite,AAA,Checker Board,Long Cushion,,Fine,5.5 - 6.5,Treated,Brasil,22x16 mm,36 ct.,,,,,,,,,,,
31821,BEA010610009,63.0000,190,0.01,1,25x18 mm Long Cushion Checker Board Hematite in AAA grade,This is AAA Grade Hematite originated from the mines in Brasil. The stone is in size: 25x18 mm mm (42 ct.)Long Cushion checker board and the color is Silver black. It is Checker Board Long Cushion with flat bottom.,,25x18 mm Long Cushion Checker Board Hematite in AAA grade,Wholesale dicounted price on 25x18 mm Long Cushion Checker Board Hematite in AAA grade,"25x18 mm Hematite, Long Cushion Hematite, Silver Hematite, Checker Board Hematite",Hematite,https://pub-f1751cc6619d4c769aceeaffe6043848.r2.dev/products/1786396519389-9d1e37180f29cd59f09a4bafcc7a4febf6d47c5985c407327719b6de47537b0f.jpg,https://pub-f1751cc6619d4c769aceeaffe6043848.r2.dev/products/1786396519389-9d1e37180f29cd59f09a4bafcc7a4febf6d47c5985c407327719b6de47537b0f.jpg,,,,,,Silver,Hematite,AAA,Checker Board,Long Cushion,,Fine,5.5 - 6.5,Treated,Brasil,25x18 mm,42 ct.,,,,,,,,,,,
32107,SSE020410022,49.9900,29,0.01,1,0.25 Ct Twt Black Diamond Stud Earrings in Sterling Silver,<h5>Delicately designed in sterling silver. The Stud earrings glow with the passionate fill of round Black Diamond. Very warm graceful and feminine.</h5>,,0.25 Ct Twt Black Diamond Stud Earrings in Sterling Silver,0.25 Ct Twt Black Diamond Stud Earrings in Sterling Silver,"0.25 Carats Black Diamond Stud Earrings, Sterling Silver, AAA Black Diamond Stud Earrings, Champagne Diamond Stud Earrings",Diamond Stud Earrings,https://pub-f1751cc6619d4c769aceeaffe6043848.r2.dev/products/1786396480478-5736d84072aab95a319577cf4d732e9a781910ea33ad7dcd6eaa28fb6b609738.jpg,https://pub-f1751cc6619d4c769aceeaffe6043848.r2.dev/products/1786396480478-5736d84072aab95a319577cf4d732e9a781910ea33ad7dcd6eaa28fb6b609738.jpg,https://pub-f1751cc6619d4c769aceeaffe6043848.r2.dev/products/1786396481917-f5095e3e91258a74d54996da1cd4e01cd3d5041e5b6d9be838e09d50889014a5.jpg,,,,,Black,Black Diamond,AAA,,Round,,,,Treated,,,,,Sterling Silver,1 Grams,,,,,,,,
32108,SSE020410023,84.9900,30,0.01,1,0.50 Ct Twt Black Diamond Stud Earrings in Sterling Silver,<h5>Delicately designed in sterling silver. The Stud earrings glow with the passionate fill of round Black Diamond. Very warm graceful and feminine.</h5>,,0.50 Ct Twt Black Diamond Stud Earrings in Sterling Silver,0.50 Ct Twt Black Diamond Stud Earrings in Sterling Silver,"0.50 Carats Black Diamond Stud Earrings, Sterling Silver, AAA Black Diamond Stud Earrings, Champagne Diamond Stud Earrings",Diamond Stud Earrings,https://pub-f1751cc6619d4c769aceeaffe6043848.r2.dev/products/1786396480478-5736d84072aab95a319577cf4d732e9a781910ea33ad7dcd6eaa28fb6b609738.jpg,https://pub-f1751cc6619d4c769aceeaffe6043848.r2.dev/products/1786396480478-5736d84072aab95a319577cf4d732e9a781910ea33ad7dcd6eaa28fb6b609738.jpg,https://pub-f1751cc6619d4c769aceeaffe6043848.r2.dev/products/1786396481917-f5095e3e91258a74d54996da1cd4e01cd3d5041e5b6d9be838e09d50889014a5.jpg,,,,,Black,Black Diamond,AAA,,Round,,,,Treated,,,,,Sterling Silver,1 Grams,,,,,,,,
32109,SSE020410024,99.0000,3,0.01,1,1 Ct Twt Black Diamond Stud Earrings in Sterling Silver,<h5>Delicately designed in sterling silver. The Stud earrings glow with the passionate fill of round Black Diamond. Very warm graceful and feminine.</h5>,,1 Ct Twt Black Diamond Stud Earrings in Sterling Silver,1 Ct Twt Black Diamond Stud Earrings in Sterling Silver,"1 Carats Black Diamond Stud Earrings, Sterling Silver, AAA Black Diamond Stud Earrings, Champagne Diamond Stud Earrings",Diamond Stud Earrings,https://pub-f1751cc6619d4c769aceeaffe6043848.r2.dev/products/1786396481917-f5095e3e91258a74d54996da1cd4e01cd3d5041e5b6d9be838e09d50889014a5.jpg,https://pub-f1751cc6619d4c769aceeaffe6043848.r2.dev/products/1786396481917-f5095e3e91258a74d54996da1cd4e01cd3d5041e5b6d9be838e09d50889014a5.jpg,https://pub-f1751cc6619d4c769aceeaffe6043848.r2.dev/products/1786396480478-5736d84072aab95a319577cf4d732e9a781910ea33ad7dcd6eaa28fb6b609738.jpg,,,,,Black,Black Diamond,AAA,,Round,,,,Treated,,,,,Sterling Silver,1 Grams,,,,,,,,
32124,SC02151001,99.0000,500,0.01,1,Silk cords 16 Inches Long without silver clasps 100 pcs Lot,"Silk Cords in Shocking Light Pink , Black, Williamsburg Blue, and Antique Gold<br />16 Inches Long without silver clasps. <strong>mix colors 100 pieces Lot </strong>",,Silk cords 16 Inches Long without silver clasps 100 pcs Lot,Silk cords 16 Inches Long without silver clasps 100 pcs Lot,"Silk, cords, 16, Inches, Long, 100 pieces lot",Silk Cords,https://pub-f1751cc6619d4c769aceeaffe6043848.r2.dev/products/1786396512002-7c334eaf8cf0eebf3b01bda4c0ec562fbec4d0bcdad1070000def4b6700bb6fc.jpg,https://pub-f1751cc6619d4c769aceeaffe6043848.r2.dev/products/1786396512002-7c334eaf8cf0eebf3b01bda4c0ec562fbec4d0bcdad1070000def4b6700bb6fc.jpg,,,,,,Mixed,Silk Cord,,,,,,,,,,,,,,,,,,,,,
32125,SC02151002,74.9900,498,0.01,1,Silk cords 16 Inches Long without Clasp 50 pcs Lot,"Silk Cords in Shocking Light Pink , Black, Williamsburg Blue, and Antique Gold<br />16 Inches Long without clasps. <strong>mix colors 50 pieces Lot </strong>",,Silk cords 16 Inches Long without clasps 50 pcs Lot,Silk cords 16 Inches Long without clasps 50 pcs Lot,"Silk, cords, 16, Inches, Long, 50 pieces lot",Silk Cords,https://pub-f1751cc6619d4c769aceeaffe6043848.r2.dev/products/1786396512002-7c334eaf8cf0eebf3b01bda4c0ec562fbec4d0bcdad1070000def4b6700bb6fc.jpg,https://pub-f1751cc6619d4c769aceeaffe6043848.r2.dev/products/1786396512002-7c334eaf8cf0eebf3b01bda4c0ec562fbec4d0bcdad1070000def4b6700bb6fc.jpg,,,,,,Mixed,Silk Cord,,,,,,,,,,,,,,,,,,,,,
32126,SC02151003,199.0000,500,0.01,1,Silk Cords with Silver Clasps 100 pcs Lot,"Silk Cords in Shocking Light Pink , Black, Williamsburg Blue, and Antique Gold<br />With silver clasps. <strong>mix colors 100 pieces Lot </strong>",,Silk Cords with Silver Clasps 100 pcs Lot,Silk Cords with Silver Clasps 100 pcs Lot,"Silk, cords, Silver Clasp, 100 pieces lot",Silk Cords,https://pub-f1751cc6619d4c769aceeaffe6043848.r2.dev/products/1786396512002-7c334eaf8cf0eebf3b01bda4c0ec562fbec4d0bcdad1070000def4b6700bb6fc.jpg,https://pub-f1751cc6619d4c769aceeaffe6043848.r2.dev/products/1786396512002-7c334eaf8cf0eebf3b01bda4c0ec562fbec4d0bcdad1070000def4b6700bb6fc.jpg,,,,,,Mixed,Silk Cord,,,,,,,,,,,,,,,,,,,,,
32127,SC02151004,99.0000,499,0.01,1,Silk Cords with Silver Clasps 50 pcs Lot,"Silk Cords in Shocking Light Pink , Black, Williamsburg Blue, and Antique Gold<br />With silver clasps. <strong>mix colors 50 pieces Lot </strong>",,Silk Cords with Silver Clasps 50 pcs Lot,Silk Cords with Silver Clasps 50 pcs Lot,"Silk, cords, Silver Clasp, 50 pieces lot",Silk Cords,https://pub-f1751cc6619d4c769aceeaffe6043848.r2.dev/products/1786396512002-7c334eaf8cf0eebf3b01bda4c0ec562fbec4d0bcdad1070000def4b6700bb6fc.jpg,https://pub-f1751cc6619d4c769aceeaffe6043848.r2.dev/products/1786396512002-7c334eaf8cf0eebf3b01bda4c0ec562fbec4d0bcdad1070000def4b6700bb6fc.jpg,,,,,,Mixed,Silk Cord,,,,,,,,,,,,,,,,,,,,,
32178,BD03161002,3.0000,77,0.01,1,1.5 mm Black Round Diamond AAA,Originated from the mines in Africa Nice luster&nbsp;1.5 mm&nbsp;Black Round AAA Diamond.,,1.5 mm Black Round Diamond AAA,1.5 mm Black Round Diamond AAA,"1.5 mm Black diamond, Round black Diamond, aaa black diamond",Black Diamonds,https://pub-f1751cc6619d4c769aceeaffe6043848.r2.dev/products/1786396516012-33de54cd471769639aec56ae850c7ef1808d9d57ad6b8a618142908e8a2b27dc.jpg,https://pub-f1751cc6619d4c769aceeaffe6043848.r2.dev/products/1786396516012-33de54cd471769639aec56ae850c7ef1808d9d57ad6b8a618142908e8a2b27dc.jpg,,,,,,Black,Black Diamond,AAA,Brilliant,Round,,Fair,10,Irradiated,,1.5 mm,,Opaque,,,,,,,,,,
32179,BD03161003,4.0000,390,0.01,1,1.75 mm Black Round Diamond AAA,Originated from the mines in Africa Nice luster&nbsp;1.75 mm&nbsp;Black Round AAA Diamond.,,1.75 mm Black Round Diamond AAA,1.75 mm Black Round Diamond AAA,"1.75 mm Black diamond, Round black Diamond, aaa black diamond",Black Diamonds,https://pub-f1751cc6619d4c769aceeaffe6043848.r2.dev/products/1786396516012-33de54cd471769639aec56ae850c7ef1808d9d57ad6b8a618142908e8a2b27dc.jpg,https://pub-f1751cc6619d4c769aceeaffe6043848.r2.dev/products/1786396516012-33de54cd471769639aec56ae850c7ef1808d9d57ad6b8a618142908e8a2b27dc.jpg,,,,,,Black,Black Diamond,AAA,Brilliant,Round,,Fair,10,Irradiated,,1.75 mm,,Opaque,,,,,,,,,,
32180,BD03161004,6.5000,278,0.01,1,2.5 mm Black Round Diamond AAA,Originated from the mines in Africa Nice luster 2.5 mm Black Round AAA Diamond.,,2.5 mm Black Round Diamond AAA,2.5 mm Black Round Diamond AAA,"2.5 mm Black diamond, Round black Diamond, aaa black diamond",Black Diamonds,https://pub-f1751cc6619d4c769aceeaffe6043848.r2.dev/products/1786396516012-33de54cd471769639aec56ae850c7ef1808d9d57ad6b8a618142908e8a2b27dc.jpg,https://pub-f1751cc6619d4c769aceeaffe6043848.r2.dev/products/1786396516012-33de54cd471769639aec56ae850c7ef1808d9d57ad6b8a618142908e8a2b27dc.jpg,,,,,,Black,Black Diamond,AAA,Brilliant,Round,,Fair,10,Irradiated,,2.5 mm,,Opaque,,,,,,,,,,
32546,BEA11081001,14.0000,92,0.01,1,12 mm Round Checker Board Hematite in AAA grade,This is AAA Grade Hematite originated from the mines in Brazil. The stone is in size: 12 mm Round shape and the color is Silver black. It is Checker Board Round with flat bottom.,,12 mm Round Checker Board Hematite in AAA grade,Wholesale dicounted price on 12 mm Round Checker Board Hematite in AAA grade,"12 mm Hematite, Round Hematite, Silver Hematite, Checker Board Hematite",Hematite,https://pub-f1751cc6619d4c769aceeaffe6043848.r2.dev/products/1786396535222-626b7fa276c1be79ac5da8ad3e2623cbff89688b34bd2e52b661d8337c4489de.jpg,https://pub-f1751cc6619d4c769aceeaffe6043848.r2.dev/products/1786396535222-626b7fa276c1be79ac5da8ad3e2623cbff89688b34bd2e52b661d8337c4489de.jpg,,,,,,Silver,Hematite,AAA,Checker Board,Round,,Fine,5.5 - 6.5,Treated,Brazil,12 mm,,,,,,,,,,,,
33950,ONY07251101,8.2500,124,0.01,1,14 mm Ckr Board Cushion Black Onyx,Originated from the mines in Brazil Nice Luster 5 Carats Opaque Black Checker Board Onyx In size: 14 mm.,,14 mm Ckr Board Cushion Black Onyx,14 mm Ckr Board Cushion Black Onyx,"14, mm, Checker, Board, Cushion, Black, Onyx",Onyx,https://pub-f1751cc6619d4c769aceeaffe6043848.r2.dev/products/1786396662084-1bbb2777a70869733a3256d4c2395dc2bec4749cf3bc58d8f03a0787da33e086.gif,https://pub-f1751cc6619d4c769aceeaffe6043848.r2.dev/products/1786396662084-1bbb2777a70869733a3256d4c2395dc2bec4749cf3bc58d8f03a0787da33e086.gif,,,,,,Black,Onyx,Opaque,Checker Board,Cushion,Opaque,Nice,7,Treated,Brazil,14 mm,5 ct.,,,,,,,,,,,
33997,BDL081711001,32.0000,188,0.01,1,1.5 mm Round Black Diamond 10 Piece Lot AAA Grade,"Black Diamond lots at below wholesale prices from Alpha Imports. Save big on Black Diamonds. Best deal on Black Diamonds lots in straight sizes. These all time popular black diamond lots are widely used by jewelers, designers, eBay sellers and hobbyists.",,1.5 mm Round Black Diamond 10 Piece Lot AAA Grade,"Best deal on 1.5 mm Round Black Diamond 10 Piece Lot AAA Grade-from Alpha Imports, New york","1.5 mm Black diamond, Round black Diamond, aaa black diamond, wholesale diamonds",Black Diamonds,https://pub-f1751cc6619d4c769aceeaffe6043848.r2.dev/products/1786396665141-84822d16657bee24f74f23f7fbbcbd3792fe8a20b979770ca7797508dc38f18a.gif,https://pub-f1751cc6619d4c769aceeaffe6043848.r2.dev/products/1786396665141-84822d16657bee24f74f23f7fbbcbd3792fe8a20b979770ca7797508dc38f18a.gif,,,,,,Black,Black Diamond,AAA,Good,Round,,Good,10,Irradiated,,1.5 mm,,Opaque,,,,,,,,,,
33998,BDL081711002,78.0000,7,0.01,1,1.5 mm Round Black Diamond 25 Piece Lot AAA Grade,"Black Diamond lots at below wholesale prices from Alpha Imports. Save big on Black Diamonds. Best deal on Black Diamonds lots in straight sizes. These all time popular black diamond lots are widely used by jewelers, designers, eBay sellers and hobbyists.",,1.5 mm Round Black Diamond 25 Piece Lot AAA Grade,"Best deal on 1.5 mm Round Black Diamond 25 Piece Lot AAA Grade-from Alpha Imports, New york","1.5 mm Black diamond, Round black Diamond, aaa black diamond, wholesale diamonds",Black Diamonds,https://pub-f1751cc6619d4c769aceeaffe6043848.r2.dev/products/1786396666908-b0cb8231798599bb7735c840b35740782b29c97320d31f5dd54de3d62b9099a1.gif,https://pub-f1751cc6619d4c769aceeaffe6043848.r2.dev/products/1786396666908-b0cb8231798599bb7735c840b35740782b29c97320d31f5dd54de3d62b9099a1.gif,,,,,,Black,Black Diamond,AAA,Good,Round,,Good,10,Irradiated,,1.5 mm,,Opaque,,,,,,,,,,
33999,BDL081711003,120.0000,65,0.01,1,1.5 mm Round Black Diamond 50 Piece Lot AAA Grade,"Black Diamond lots at below wholesale prices from Alpha Imports. Save big on Black Diamonds. Best deal on Black Diamonds lots in straight sizes. These all time popular black diamond lots are widely used by jewelers, designers, eBay sellers and hobbyists.",,1.5 mm Round Black Diamond 50 Piece Lot AAA Grade,"Best deal on 1.5 mm Round Black Diamond 50 Piece Lot AAA Grade-from Alpha Imports, New york","1.5 mm Black diamond, Round black Diamond, aaa black diamond, wholesale diamonds",Black Diamonds,https://pub-f1751cc6619d4c769aceeaffe6043848.r2.dev/products/1786396668581-3513a4cc09d0ad99b1ea0a90618e7e1f16686c5f014f827f3d59635a024c4e32.gif,https://pub-f1751cc6619d4c769aceeaffe6043848.r2.dev/products/1786396668581-3513a4cc09d0ad99b1ea0a90618e7e1f16686c5f014f827f3d59635a024c4e32.gif,,,,,,Black,Black Diamond,AAA,Good,Round,,Good,10,Irradiated,,1.5 mm,,Opaque,,,,,,,,,,
34000,BDL081711004,35.9900,37,0.01,1,1.75 mm Round Black Diamond 10 Piece Lot AAA Grade,"Black Diamond lots at below wholesale prices from Alpha Imports. Save big on Black Diamonds. Best deal on Black Diamonds lots in straight sizes. These all time popular black diamond lots are widely used by jewelers, designers, eBay sellers and hobbyists.",,1.75 mm Round Black Diamond 10 Piece Lot AAA Grade,"Best deal on 1.75 mm Round Black Diamond 10 Piece Lot AAA Grade-from Alpha Imports, New york","1.75 mm Black diamond, Round black Diamond, aaa black diamond, wholesale diamonds",Black Diamonds,https://pub-f1751cc6619d4c769aceeaffe6043848.r2.dev/products/1786396665141-84822d16657bee24f74f23f7fbbcbd3792fe8a20b979770ca7797508dc38f18a.gif,https://pub-f1751cc6619d4c769aceeaffe6043848.r2.dev/products/1786396665141-84822d16657bee24f74f23f7fbbcbd3792fe8a20b979770ca7797508dc38f18a.gif,,,,,,Black,Black Diamond,AAA,Good,Round,,Good,10,Irradiated,,1.75 mm,,Opaque,,,,,,,,,,
34001,BDL081711005,84.9900,5,0.01,1,1.75 mm Round Black Diamond 25 Piece Lot AAA Grade,"Black Diamond lots at below wholesale prices from Alpha Imports. Save big on Black Diamonds. Best deal on Black Diamonds lots in straight sizes. These all time popular black diamond lots are widely used by jewelers, designers, eBay sellers and hobbyists.",,1.75 mm Round Black Diamond 25 Piece Lot AAA Grade,"Best deal on 1.75 mm Round Black Diamond 25 Piece Lot AAA Grade-from Alpha Imports, New york","1.75 mm Black diamond, Round black Diamond, aaa black diamond, wholesale diamonds",Black Diamonds,https://pub-f1751cc6619d4c769aceeaffe6043848.r2.dev/products/1786396666908-b0cb8231798599bb7735c840b35740782b29c97320d31f5dd54de3d62b9099a1.gif,https://pub-f1751cc6619d4c769aceeaffe6043848.r2.dev/products/1786396666908-b0cb8231798599bb7735c840b35740782b29c97320d31f5dd54de3d62b9099a1.gif,,,,,,Black,Black Diamond,AAA,Good,Round,,Good,10,Irradiated,,1.75 mm,,Opaque,,,,,,,,,,
34002,BDL081711006,159.9900,18,0.01,1,1.75 mm Round Black Diamond 50 Piece Lot AAA Grade,"Black Diamond lots at below wholesale prices from Alpha Imports. Save big on Black Diamonds. Best deal on Black Diamonds lots in straight sizes. These all time popular black diamond lots are widely used by jewelers, designers, eBay sellers and hobbyists.",,1.75 mm Round Black Diamond 50 Piece Lot AAA Grade,"Best deal on 1.75 mm Round Black Diamond 50 Piece Lot AAA Grade-from Alpha Imports, New york","1.75 mm Black diamond, Round black Diamond, aaa black diamond, wholesale diamonds",Black Diamonds,https://pub-f1751cc6619d4c769aceeaffe6043848.r2.dev/products/1786396668581-3513a4cc09d0ad99b1ea0a90618e7e1f16686c5f014f827f3d59635a024c4e32.gif,https://pub-f1751cc6619d4c769aceeaffe6043848.r2.dev/products/1786396668581-3513a4cc09d0ad99b1ea0a90618e7e1f16686c5f014f827f3d59635a024c4e32.gif,,,,,,Black,Black Diamond,AAA,Good,Round,,Good,10,Irradiated,,1.75 mm,,Opaque,,,,,,,,,,
34003,BDL081711007,44.9900,54,0.01,1,2 mm Round Black Diamond 10 Piece Lot AAA Grade,"Black Diamond lots at below wholesale prices from Alpha Imports. Save big on Black Diamonds. Best deal on Black Diamonds lots in straight sizes. These all time popular black diamond lots are widely used by jewelers, designers, eBay sellers and hobbyists.",,2 mm Round Black Diamond 10 Piece Lot AAA Grade,"Best deal on 2 mm Round Black Diamond 10 Piece Lot AAA Grade-from Alpha Imports, New york","2 mm Black diamond, Round black Diamond, aaa black diamond, wholesale diamonds",Black Diamonds,https://pub-f1751cc6619d4c769aceeaffe6043848.r2.dev/products/1786396665141-84822d16657bee24f74f23f7fbbcbd3792fe8a20b979770ca7797508dc38f18a.gif,https://pub-f1751cc6619d4c769aceeaffe6043848.r2.dev/products/1786396665141-84822d16657bee24f74f23f7fbbcbd3792fe8a20b979770ca7797508dc38f18a.gif,,,,,,Black,Black Diamond,AAA,Good,Round,,Good,10,Irradiated,,2 mm,,Opaque,,,,,,,,,,
34004,BDL081711008,106.9900,5,0.01,1,2 mm Round Black Diamond 25 Piece Lot AAA Grade,"Black Diamond lots at below wholesale prices from Alpha Imports. Save big on Black Diamonds. Best deal on Black Diamonds lots in straight sizes. These all time popular black diamond lots are widely used by jewelers, designers, eBay sellers and hobbyists.",,2 mm Round Black Diamond 25 Piece Lot AAA Grade,"Best deal on 2 mm Round Black Diamond 25 Piece Lot AAA Grade-from Alpha Imports, New york","2 mm Black diamond, Round black Diamond, aaa black diamond, wholesale diamonds",Black Diamonds,https://pub-f1751cc6619d4c769aceeaffe6043848.r2.dev/products/1786396666908-b0cb8231798599bb7735c840b35740782b29c97320d31f5dd54de3d62b9099a1.gif,https://pub-f1751cc6619d4c769aceeaffe6043848.r2.dev/products/1786396666908-b0cb8231798599bb7735c840b35740782b29c97320d31f5dd54de3d62b9099a1.gif,,,,,,Black,Black Diamond,AAA,Good,Round,,Good,10,Irradiated,,2 mm,,Opaque,,,,,,,,,,
34005,BDL081711009,199.0000,119,0.01,1,2 mm Round Black Diamond 50 Piece Lot AAA Grade,"Black Diamond lots at below wholesale prices from Alpha Imports. Save big on Black Diamonds. Best deal on Black Diamonds lots in straight sizes. These all time popular black diamond lots are widely used by jewelers, designers, eBay sellers and hobbyists.",,2 mm Round Black Diamond 50 Piece Lot AAA Grade,"Best deal on 2 mm Round Black Diamond 50 Piece Lot AAA Grade-from Alpha Imports, New york","2 mm Black diamond, Round black Diamond, aaa black diamond, wholesale diamonds",Black Diamonds,https://pub-f1751cc6619d4c769aceeaffe6043848.r2.dev/products/1786396668581-3513a4cc09d0ad99b1ea0a90618e7e1f16686c5f014f827f3d59635a024c4e32.gif,https://pub-f1751cc6619d4c769aceeaffe6043848.r2.dev/products/1786396668581-3513a4cc09d0ad99b1ea0a90618e7e1f16686c5f014f827f3d59635a024c4e32.gif,,,,,,Black,Black Diamond,AAA,Good,Round,,Good,10,Irradiated,,2 mm,,Opaque,,,,,,,,,,
34006,BDL081711010,53.9900,25,0.01,1,2.5 mm Round Black Diamond 10 Piece Lot AAA Grade,"Black Diamond lots at below wholesale prices from Alpha Imports. Save big on Black Diamonds. Best deal on Black Diamonds lots in straight sizes. These all time popular black diamond lots are widely used by jewelers, designers, eBay sellers and hobbyists.",,2.5 mm Round Black Diamond 10 Piece Lot AAA Grade,"Best deal on 2.5 mm Round Black Diamond 10 Piece Lot AAA Grade-from Alpha Imports, New york","2.5 mm Black diamond, Round black Diamond, aaa black diamond, wholesale diamonds",Black Diamonds,https://pub-f1751cc6619d4c769aceeaffe6043848.r2.dev/products/1786396665141-84822d16657bee24f74f23f7fbbcbd3792fe8a20b979770ca7797508dc38f18a.gif,https://pub-f1751cc6619d4c769aceeaffe6043848.r2.dev/products/1786396665141-84822d16657bee24f74f23f7fbbcbd3792fe8a20b979770ca7797508dc38f18a.gif,,,,,,Black,Black Diamond,AAA,Good,Round,,Good,10,Irradiated,,2.5 mm,,Opaque,,,,,,,,,,
34007,BDL081711011,127.9900,98,0.01,1,2.5 mm Round Black Diamond 25 Piece Lot AAA Grade,"Black Diamond lots at below wholesale prices from Alpha Imports. Save big on Black Diamonds. Best deal on Black Diamonds lots in straight sizes. These all time popular black diamond lots are widely used by jewelers, designers, eBay sellers and hobbyists.",,2.5 mm Round Black Diamond 25 Piece Lot AAA Grade,"Best deal on 2.5 mm Round Black Diamond 25 Piece Lot AAA Grade-from Alpha Imports, New york","2.5 mm Black diamond, Round black Diamond, aaa black diamond, wholesale diamonds",Black Diamonds,https://pub-f1751cc6619d4c769aceeaffe6043848.r2.dev/products/1786396666908-b0cb8231798599bb7735c840b35740782b29c97320d31f5dd54de3d62b9099a1.gif,https://pub-f1751cc6619d4c769aceeaffe6043848.r2.dev/products/1786396666908-b0cb8231798599bb7735c840b35740782b29c97320d31f5dd54de3d62b9099a1.gif,,,,,,Black,Black Diamond,AAA,Good,Round,,Good,10,Irradiated,,2.5 mm,,Opaque,,,,,,,,,,
34008,BDL081711012,239.9900,6,0.01,1,2.5 mm Round Black Diamond 50 Piece Lot AAA Grade,"Black Diamond lots at below wholesale prices from Alpha Imports. Save big on Black Diamonds. Best deal on Black Diamonds lots in straight sizes. These all time popular black diamond lots are widely used by jewelers, designers, eBay sellers and hobbyists.",,2.5 mm Round Black Diamond 50 Piece Lot AAA Grade,"Best deal on 2.5 mm Round Black Diamond 50 Piece Lot AAA Grade-from Alpha Imports, New york","2.5 mm Black diamond, Round black Diamond, aaa black diamond, wholesale diamonds",Black Diamonds,https://pub-f1751cc6619d4c769aceeaffe6043848.r2.dev/products/1786396668581-3513a4cc09d0ad99b1ea0a90618e7e1f16686c5f014f827f3d59635a024c4e32.gif,https://pub-f1751cc6619d4c769aceeaffe6043848.r2.dev/products/1786396668581-3513a4cc09d0ad99b1ea0a90618e7e1f16686c5f014f827f3d59635a024c4e32.gif,,,,,,Black,Black Diamond,AAA,Good,Round,,Good,10,Irradiated,,2.5 mm,,Opaque,,,,,,,,,,
34009,BDL081711013,71.9900,44,0.01,1,2.8 mm Round Black Diamond 10 Piece Lot AAA Grade,"Black Diamond lots at below wholesale prices from Alpha Imports. Save big on Black Diamonds. Best deal on Black Diamonds lots in straight sizes. These all time popular black diamond lots are widely used by jewelers, designers, eBay sellers and hobbyists.",,2.8 mm Round Black Diamond 10 Piece Lot AAA Grade,"Best deal on 2.8 mm Round Black Diamond 10 Piece Lot AAA Grade-from Alpha Imports, New york","2.8 mm Black diamond, Round black Diamond, aaa black diamond, wholesale diamonds",Black Diamonds,https://pub-f1751cc6619d4c769aceeaffe6043848.r2.dev/products/1786396665141-84822d16657bee24f74f23f7fbbcbd3792fe8a20b979770ca7797508dc38f18a.gif,https://pub-f1751cc6619d4c769aceeaffe6043848.r2.dev/products/1786396665141-84822d16657bee24f74f23f7fbbcbd3792fe8a20b979770ca7797508dc38f18a.gif,,,,,,Black,Black Diamond,AAA,Good,Round,,Good,10,Irradiated,,2.8 mm,,Opaque,,,,,,,,,,
34010,BDL081711014,169.9900,8,0.01,1,2.8 mm Round Black Diamond 25 Piece Lot AAA Grade,"Black Diamond lots at below wholesale prices from Alpha Imports. Save big on Black Diamonds. Best deal on Black Diamonds lots in straight sizes. These all time popular black diamond lots are widely used by jewelers, designers, eBay sellers and hobbyists.",,2.8 mm Round Black Diamond 25 Piece Lot AAA Grade,"Best deal on 2.8 mm Round Black Diamond 25 Piece Lot AAA Grade-from Alpha Imports, New york","2.8 mm Black diamond, Round black Diamond, aaa black diamond, wholesale diamonds",Black Diamonds,https://pub-f1751cc6619d4c769aceeaffe6043848.r2.dev/products/1786396666908-b0cb8231798599bb7735c840b35740782b29c97320d31f5dd54de3d62b9099a1.gif,https://pub-f1751cc6619d4c769aceeaffe6043848.r2.dev/products/1786396666908-b0cb8231798599bb7735c840b35740782b29c97320d31f5dd54de3d62b9099a1.gif,,,,,,Black,Black Diamond,AAA,Good,Round,,Good,10,Irradiated,,2.8 mm,,Opaque,,,,,,,,,,
34011,BDL081711015,319.9900,4,0.01,1,2.8 mm Round Black Diamond 50 Piece Lot AAA Grade,"Black Diamond lots at below wholesale prices from Alpha Imports. Save big on Black Diamonds. Best deal on Black Diamonds lots in straight sizes. These all time popular black diamond lots are widely used by jewelers, designers, eBay sellers and hobbyists.",,2.8 mm Round Black Diamond 50 Piece Lot AAA Grade,"Best deal on 2.8 mm Round Black Diamond 50 Piece Lot AAA Grade-from Alpha Imports, New york","2.8 mm Black diamond, Round black Diamond, aaa black diamond, wholesale diamonds",Black Diamonds,https://pub-f1751cc6619d4c769aceeaffe6043848.r2.dev/products/1786396668581-3513a4cc09d0ad99b1ea0a90618e7e1f16686c5f014f827f3d59635a024c4e32.gif,https://pub-f1751cc6619d4c769aceeaffe6043848.r2.dev/products/1786396668581-3513a4cc09d0ad99b1ea0a90618e7e1f16686c5f014f827f3d59635a024c4e32.gif,,,,,,Black,Black Diamond,AAA,Good,Round,,Good,10,Irradiated,,2.8 mm,,Opaque,,,,,,,,,,
34012,BDL081711016,107.9900,20,0.01,1,3 mm Round Black Diamond 10 Piece Lot AAA Grade,"Black Diamond lots at below wholesale prices from Alpha Imports. Save big on Black Diamonds. Best deal on Black Diamonds lots in straight sizes. These all time popular black diamond lots are widely used by jewelers, designers, eBay sellers and hobbyists.",,3 mm Round Black Diamond 10 Piece Lot AAA Grade,"Best deal on 3 mm Round Black Diamond 10 Piece Lot AAA Grade-from Alpha Imports, New york","3 mm Black diamond, Round black Diamond, aaa black diamond, wholesale diamonds",Black Diamonds,https://pub-f1751cc6619d4c769aceeaffe6043848.r2.dev/products/1786396665141-84822d16657bee24f74f23f7fbbcbd3792fe8a20b979770ca7797508dc38f18a.gif,https://pub-f1751cc6619d4c769aceeaffe6043848.r2.dev/products/1786396665141-84822d16657bee24f74f23f7fbbcbd3792fe8a20b979770ca7797508dc38f18a.gif,,,,,,Black,Black Diamond,AAA,Good,Round,,Good,10,Irradiated,,3 mm,,Opaque,,,,,,,,,,
34013,BDL081711017,254.9900,5,0.01,1,3 mm Round Black Diamond 25 Piece Lot AAA Grade,"Black Diamond lots at below wholesale prices from Alpha Imports. Save big on Black Diamonds. Best deal on Black Diamonds lots in straight sizes. These all time popular black diamond lots are widely used by jewelers, designers, eBay sellers and hobbyists.",,3 mm Round Black Diamond 25 Piece Lot AAA Grade,"Best deal on 3 mm Round Black Diamond 25 Piece Lot AAA Grade-from Alpha Imports, New york","3 mm Black diamond, Round black Diamond, aaa black diamond, wholesale diamonds",Black Diamonds,https://pub-f1751cc6619d4c769aceeaffe6043848.r2.dev/products/1786396666908-b0cb8231798599bb7735c840b35740782b29c97320d31f5dd54de3d62b9099a1.gif,https://pub-f1751cc6619d4c769aceeaffe6043848.r2.dev/products/1786396666908-b0cb8231798599bb7735c840b35740782b29c97320d31f5dd54de3d62b9099a1.gif,,,,,,Black,Black Diamond,AAA,Good,Round,,Good,10,Irradiated,,3 mm,,Opaque,,,,,,,,,,
34014,BDL081711018,479.9900,6,0.01,1,3 mm Round Black Diamond 50 Piece Lot AAA Grade,"Black Diamond lots at below wholesale prices from Alpha Imports. Save big on Black Diamonds. Best deal on Black Diamonds lots in straight sizes. These all time popular black diamond lots are widely used by jewelers, designers, eBay sellers and hobbyists.",,3 mm Round Black Diamond 50 Piece Lot AAA Grade,"Best deal on 3 mm Round Black Diamond 50 Piece Lot AAA Grade-from Alpha Imports, New york","3 mm Black diamond, Round black Diamond, aaa black diamond, wholesale diamonds",Black Diamonds,https://pub-f1751cc6619d4c769aceeaffe6043848.r2.dev/products/1786396668581-3513a4cc09d0ad99b1ea0a90618e7e1f16686c5f014f827f3d59635a024c4e32.gif,https://pub-f1751cc6619d4c769aceeaffe6043848.r2.dev/products/1786396668581-3513a4cc09d0ad99b1ea0a90618e7e1f16686c5f014f827f3d59635a024c4e32.gif,,,,,,Black,Black Diamond,AAA,Good,Round,,Good,10,Irradiated,,3 mm,,Opaque,,,,,,,,,,
34015,BDL081711019,89.9900,19,0.01,1,3.5 mm Round Black Diamond 5 Piece Lot AAA Grade,"Black Diamond lots at below wholesale prices from Alpha Imports. Save big on Black Diamonds. Best deal on Black Diamonds lots in straight sizes. These all time popular black diamond lots are widely used by jewelers, designers, eBay sellers and hobbyists.",,3.5 mm Round Black Diamond 5 Piece Lot AAA Grade,"Best deal on 3.5 mm Round Black Diamond 5 Piece Lot AAA Grade-from Alpha Imports, New york","3.5 mm Black diamond, Round black Diamond, aaa black diamond, wholesale diamonds",Black Diamonds,https://pub-f1751cc6619d4c769aceeaffe6043848.r2.dev/products/1786396670040-27292fa203a37be7cca10a0deac2fa175e37ddf484acbc09138ed6c46bb3acd2.gif,https://pub-f1751cc6619d4c769aceeaffe6043848.r2.dev/products/1786396670040-27292fa203a37be7cca10a0deac2fa175e37ddf484acbc09138ed6c46bb3acd2.gif,,,,,,Black,Black Diamond,AAA,Good,Round,,Good,10,Irradiated,,3.5 mm,,Opaque,,,,,,,,,,
34017,BDL081711021,399.0000,7,0.01,1,3.5 mm Round Black Diamond 25 Piece Lot AAA Grade,"Black Diamond lots at below wholesale prices from Alpha Imports. Save big on Black Diamonds. Best deal on Black Diamonds lots in straight sizes. These all time popular black diamond lots are widely used by jewelers, designers, eBay sellers and hobbyists.",,3.5 mm Round Black Diamond 25 Piece Lot AAA Grade,"Best deal on 3.5 mm Round Black Diamond 25 Piece Lot AAA Grade-from Alpha Imports, New york","3.5 mm Black diamond, Round black Diamond, aaa black diamond, wholesale diamonds",Black Diamonds,https://pub-f1751cc6619d4c769aceeaffe6043848.r2.dev/products/1786396666908-b0cb8231798599bb7735c840b35740782b29c97320d31f5dd54de3d62b9099a1.gif,https://pub-f1751cc6619d4c769aceeaffe6043848.r2.dev/products/1786396666908-b0cb8231798599bb7735c840b35740782b29c97320d31f5dd54de3d62b9099a1.gif,,,,,,Black,Black Diamond,AAA,Good,Round,,Good,10,Irradiated,,3.5 mm,,Opaque,,,,,,,,,,
34018,BDL081711022,125.9900,42,0.01,1,4 mm Round Black Diamond 5 Piece Lot AAA Grade,"Black Diamond lots at below wholesale prices from Alpha Imports. Save big on Black Diamonds. Best deal on Black Diamonds lots in straight sizes. These all time popular black diamond lots are widely used by jewelers, designers, eBay sellers and hobbyists.",,4 mm Round Black Diamond 5 Piece Lot AAA Grade,"Best deal on 4 mm Round Black Diamond 5 Piece Lot AAA Grade-from Alpha Imports, New york","4 mm Black diamond, Round black Diamond, aaa black diamond, wholesale diamonds",Black Diamonds,https://pub-f1751cc6619d4c769aceeaffe6043848.r2.dev/products/1786396670040-27292fa203a37be7cca10a0deac2fa175e37ddf484acbc09138ed6c46bb3acd2.gif,https://pub-f1751cc6619d4c769aceeaffe6043848.r2.dev/products/1786396670040-27292fa203a37be7cca10a0deac2fa175e37ddf484acbc09138ed6c46bb3acd2.gif,,,,,,Black,Black Diamond,AAA,Good,Round,,Good,10,Irradiated,,4 mm,,Opaque,,,,,,,,,,
34019,BDL081711023,237.9900,7,0.01,1,4 mm Round Black Diamond 10 Piece Lot AAA Grade,"Black Diamond lots at below wholesale prices from Alpha Imports. Save big on Black Diamonds. Best deal on Black Diamonds lots in straight sizes. These all time popular black diamond lots are widely used by jewelers, designers, eBay sellers and hobbyists.",,4 mm Round Black Diamond 10 Piece Lot AAA Grade,"Best deal on 4 mm Round Black Diamond 10 Piece Lot AAA Grade-from Alpha Imports, New york","4 mm Black diamond, Round black Diamond, aaa black diamond, wholesale diamonds",Black Diamonds,https://pub-f1751cc6619d4c769aceeaffe6043848.r2.dev/products/1786396665141-84822d16657bee24f74f23f7fbbcbd3792fe8a20b979770ca7797508dc38f18a.gif,https://pub-f1751cc6619d4c769aceeaffe6043848.r2.dev/products/1786396665141-84822d16657bee24f74f23f7fbbcbd3792fe8a20b979770ca7797508dc38f18a.gif,,,,,,Black,Black Diamond,AAA,Good,Round,,Good,10,Irradiated,,4 mm,,Opaque,,,,,,,,,,
34020,BDL081711024,559.9900,6,0.01,1,4 mm Round Black Diamond 25 Piece Lot AAA Grade,"Black Diamond lots at below wholesale prices from Alpha Imports. Save big on Black Diamonds. Best deal on Black Diamonds lots in straight sizes. These all time popular black diamond lots are widely used by jewelers, designers, eBay sellers and hobbyists.",,4 mm Round Black Diamond 25 Piece Lot AAA Grade,"Best deal on 4 mm Round Black Diamond 25 Piece Lot AAA Grade-from Alpha Imports, New york","4 mm Black diamond, Round black Diamond, aaa black diamond, wholesale diamonds",Black Diamonds,https://pub-f1751cc6619d4c769aceeaffe6043848.r2.dev/products/1786396666908-b0cb8231798599bb7735c840b35740782b29c97320d31f5dd54de3d62b9099a1.gif,https://pub-f1751cc6619d4c769aceeaffe6043848.r2.dev/products/1786396666908-b0cb8231798599bb7735c840b35740782b29c97320d31f5dd54de3d62b9099a1.gif,,,,,,Black,Black Diamond,AAA,Good,Round,,Good,10,Irradiated,,4 mm,,Opaque,,,,,,,,,,
34021,BDL081711025,189.0000,7,0.01,1,4.5 mm Round Black Diamond 5 Piece Lot AAA Grade,"Black Diamond lots at below wholesale prices from Alpha Imports. Save big on Black Diamonds. Best deal on Black Diamonds lots in straight sizes. These all time popular black diamond lots are widely used by jewelers, designers, eBay sellers and hobbyists.",,4.5 mm Round Black Diamond 5 Piece Lot AAA Grade,"Best deal on 4.5 mm Round Black Diamond 5 Piece Lot AAA Grade-from Alpha Imports, New york","4.5 mm Black diamond, Round black Diamond, aaa black diamond, wholesale diamonds",Black Diamonds,https://pub-f1751cc6619d4c769aceeaffe6043848.r2.dev/products/1786396670040-27292fa203a37be7cca10a0deac2fa175e37ddf484acbc09138ed6c46bb3acd2.gif,https://pub-f1751cc6619d4c769aceeaffe6043848.r2.dev/products/1786396670040-27292fa203a37be7cca10a0deac2fa175e37ddf484acbc09138ed6c46bb3acd2.gif,,,,,,Black,Black Diamond,AAA,Good,Round,,Good,10,Irradiated,,4.5 mm,,Opaque,,,,,,,,,,
34022,BDL081711026,356.9900,6,0.01,1,4.5 mm Round Black Diamond 10 Piece Lot AAA Grade,"Black Diamond lots at below wholesale prices from Alpha Imports. Save big on Black Diamonds. Best deal on Black Diamonds lots in straight sizes. These all time popular black diamond lots are widely used by jewelers, designers, eBay sellers and hobbyists.",,4.5 mm Round Black Diamond 10 Piece Lot AAA Grade,"Best deal on 4.5 mm Round Black Diamond 10 Piece Lot AAA Grade-from Alpha Imports, New york","4.5 mm Black diamond, Round black Diamond, aaa black diamond, wholesale diamonds",Black Diamonds,https://pub-f1751cc6619d4c769aceeaffe6043848.r2.dev/products/1786396665141-84822d16657bee24f74f23f7fbbcbd3792fe8a20b979770ca7797508dc38f18a.gif,https://pub-f1751cc6619d4c769aceeaffe6043848.r2.dev/products/1786396665141-84822d16657bee24f74f23f7fbbcbd3792fe8a20b979770ca7797508dc38f18a.gif,,,,,,Black,Black Diamond,AAA,Good,Round,,Good,10,Irradiated,,4.5 mm,,Opaque,,,,,,,,,,
34023,BDL081711027,839.9900,10,0.01,1,4.5 mm Round Black Diamond 25 Piece Lot AAA Grade,"Black Diamond lots at below wholesale prices from Alpha Imports. Save big on Black Diamonds. Best deal on Black Diamonds lots in straight sizes. These all time popular black diamond lots are widely used by jewelers, designers, eBay sellers and hobbyists.",,4.5 mm Round Black Diamond 25 Piece Lot AAA Grade,"Best deal on 4.5 mm Round Black Diamond 25 Piece Lot AAA Grade-from Alpha Imports, New york","4.5 mm Black diamond, Round black Diamond, aaa black diamond, wholesale diamonds",Black Diamonds,https://pub-f1751cc6619d4c769aceeaffe6043848.r2.dev/products/1786396666908-b0cb8231798599bb7735c840b35740782b29c97320d31f5dd54de3d62b9099a1.gif,https://pub-f1751cc6619d4c769aceeaffe6043848.r2.dev/products/1786396666908-b0cb8231798599bb7735c840b35740782b29c97320d31f5dd54de3d62b9099a1.gif,,,,,,Black,Black Diamond,AAA,Good,Round,,Good,10,Irradiated,,4.5 mm,,Opaque,,,,,,,,,,
34024,BDL081711028,269.9900,14,0.01,1,5 mm Round Black Diamond 5 Piece Lot AAA Grade,"Black Diamond lots at below wholesale prices from Alpha Imports. Save big on Black Diamonds. Best deal on Black Diamonds lots in straight sizes. These all time popular black diamond lots are widely used by jewelers, designers, eBay sellers and hobbyists.",,5 mm Round Black Diamond 5 Piece Lot AAA Grade,"Best deal on 5 mm Round Black Diamond 5 Piece Lot AAA Grade-from Alpha Imports, New york","5 mm Black diamond, Round black Diamond, aaa black diamond, wholesale diamonds",Black Diamonds,https://pub-f1751cc6619d4c769aceeaffe6043848.r2.dev/products/1786396670040-27292fa203a37be7cca10a0deac2fa175e37ddf484acbc09138ed6c46bb3acd2.gif,https://pub-f1751cc6619d4c769aceeaffe6043848.r2.dev/products/1786396670040-27292fa203a37be7cca10a0deac2fa175e37ddf484acbc09138ed6c46bb3acd2.gif,,,,,,Black,Black Diamond,AAA,Good,Round,,Good,10,Irradiated,,5 mm,,Opaque,,,,,,,,,,
34025,BDL081711029,509.9900,5,0.01,1,5 mm Round Black Diamond 10 Piece Lot AAA Grade,"Black Diamond lots at below wholesale prices from Alpha Imports. Save big on Black Diamonds. Best deal on Black Diamonds lots in straight sizes. These all time popular black diamond lots are widely used by jewelers, designers, eBay sellers and hobbyists.",,5 mm Round Black Diamond 10 Piece Lot AAA Grade,"Best deal on 5 mm Round Black Diamond 10 Piece Lot AAA Grade-from Alpha Imports, New york","5 mm Black diamond, Round black Diamond, aaa black diamond, wholesale diamonds",Black Diamonds,https://pub-f1751cc6619d4c769aceeaffe6043848.r2.dev/products/1786396665141-84822d16657bee24f74f23f7fbbcbd3792fe8a20b979770ca7797508dc38f18a.gif,https://pub-f1751cc6619d4c769aceeaffe6043848.r2.dev/products/1786396665141-84822d16657bee24f74f23f7fbbcbd3792fe8a20b979770ca7797508dc38f18a.gif,,,,,,Black,Black Diamond,AAA,Good,Round,,Good,10,Irradiated,,5 mm,,Opaque,,,,,,,,,,
34026,BDL081711030,1199.9900,42,0.01,1,5 mm Round Black Diamond 25 Piece Lot AAA Grade,"Black Diamond lots at below wholesale prices from Alpha Imports. Save big on Black Diamonds. Best deal on Black Diamonds lots in straight sizes. These all time popular black diamond lots are widely used by jewelers, designers, eBay sellers and hobbyists.",,5 mm Round Black Diamond 25 Piece Lot AAA Grade,"Best deal on 5 mm Round Black Diamond 25 Piece Lot AAA Grade-from Alpha Imports, New york","5 mm Black diamond, Round black Diamond, aaa black diamond, wholesale diamonds",Black Diamonds,https://pub-f1751cc6619d4c769aceeaffe6043848.r2.dev/products/1786396666908-b0cb8231798599bb7735c840b35740782b29c97320d31f5dd54de3d62b9099a1.gif,https://pub-f1751cc6619d4c769aceeaffe6043848.r2.dev/products/1786396666908-b0cb8231798599bb7735c840b35740782b29c97320d31f5dd54de3d62b9099a1.gif,,,,,,Black,Black Diamond,AAA,Good,Round,,Good,10,Irradiated,,5 mm,,Opaque,,,,,,,,,,
34333,DSN113011002,49.9900,1,0.01,1,Prehnite Checker Board Bead Designer Sterling Necklace,Very Nice Prehnite Checker Board Bead Designer Sterling Silver Necklace. Black Silk Cord is included. Please check below for more details.,,Prehnite  Checker Board Bead Designer Sterling Necklace,Find More about This Prehnite  Checker Board Bead Designer Sterling Necklace Only from Alpha Imports your Jewelry Supplier,"Prehnite, Checker Board, Bead, Designer, Sterling, Necklace",Gemstone Silver Necklaces,https://pub-f1751cc6619d4c769aceeaffe6043848.r2.dev/products/1786396671713-0ba8ef1369073295ae01ea493d8cd507b7206b76026ed035114ba93002bbcb07.gif,https://pub-f1751cc6619d4c769aceeaffe6043848.r2.dev/products/1786396671713-0ba8ef1369073295ae01ea493d8cd507b7206b76026ed035114ba93002bbcb07.gif,,,,,,Green,Prehnite ,,,Oval Bead,,,,,,,,,Sterling Silver,,,,,,,,,
34372,SD121808016,300.0000,1,0.01,1,1 Carat Black Diamond Pendant in Sterling Silver,Very unique Black Diamond pendant in Sterling Silver. Pendant size is Approx. 25x25 mm. A great gift for any occasion.,,1 Carat Black Diamond Pendant in Sterling Silver,Discounted 1 Carat Black Diamond Pendant in Sterling Silver Only from Alpha Imports.,"Black Diamond, Silver, Pendant, Diamond Pendant, Black Diamond Pendant",Diamond Pendants,https://pub-f1751cc6619d4c769aceeaffe6043848.r2.dev/products/1786396673724-8623dd628864241787a9b22e190ceaf63c5bd8660ccef6f5877b759a8819a648.gif,https://pub-f1751cc6619d4c769aceeaffe6043848.r2.dev/products/1786396673724-8623dd628864241787a9b22e190ceaf63c5bd8660ccef6f5877b759a8819a648.gif,,,,,,Black,Black Diamond,AA,,Round,,,,Irradiated,,,1 ct.,,Sterling Silver,,,,,,,,,
34381,SD121808018,250.0000,1,0.01,1,1 Carat Black Diamond Pendant in Sterling Silver,Very unique Black Diamond pendant in Sterling Silver. Pendant size is Approx. 22x12 mm. A great gift for any occasion.,,1 Carat Black Diamond Pendant in Sterling Silver,Affordable 1 Carat Black Diamond Pendant in Sterling Silver only from Alpha Imports Pendant designers.,"Diamond pendant, Sterling silver pendant, sterling silver Diamond pendant, Black diamond pendant",Diamond Pendants,https://pub-f1751cc6619d4c769aceeaffe6043848.r2.dev/products/1786396675402-efca0390a09e91efb0a6c5b09cace757b869cd98174260add56f400477c8eb39.gif,https://pub-f1751cc6619d4c769aceeaffe6043848.r2.dev/products/1786396675402-efca0390a09e91efb0a6c5b09cace757b869cd98174260add56f400477c8eb39.gif,,,,,,Black,Diamond,,,Round,,,,,,,1 ct.,,Sterling Silver,,,,,,,,,
34382,SD121808020,250.0000,1,0.01,1,1 Carat Black Diamond Pendant in Sterling Silver,Very unique Black Diamond pendant in Sterling Silver. Pendant size is Approx. 15x15 mm. A great gift for any occasion.,,1 Carat Black Diamond Pendant in Sterling Silver,Affordable 1 Carat Black Diamond Pendant in Sterling Silver only from Alpha Imports Pendant designers.,"Diamond pendant, Sterling silver pendant, sterling silver Diamond pendant, Black diamond pendant",Diamond Pendants,https://pub-f1751cc6619d4c769aceeaffe6043848.r2.dev/products/1786396677090-d620f13312575208c6af8b6a6f28b26c782e7d683ef8289e87192b05991bcedd.gif,https://pub-f1751cc6619d4c769aceeaffe6043848.r2.dev/products/1786396677090-d620f13312575208c6af8b6a6f28b26c782e7d683ef8289e87192b05991bcedd.gif,,,,,,Black,Diamond,,,Round,,,,,,,1 ct.,,Sterling Silver,,,,,,,,,
34383,SD121808017,250.0000,1,0.01,1,1 Carat Black Diamond Pendant in Sterling Silver,Very unique Black Diamond pendant in Sterling Silver. Pendant size is Approx. 20x17 mm. A great gift for any occasion.,,1 Carat Black Diamond Pendant in Sterling Silver,Affordable 1 Carat Black Diamond Pendant in Sterling Silver only from Alpha Imports Pendant designers.,"Diamond pendant, Sterling silver pendant, sterling silver Diamond pendant, Black diamond pendant",Diamond Pendants,https://pub-f1751cc6619d4c769aceeaffe6043848.r2.dev/products/1786396678674-62976200a3e1d35eb92a30562d151d51967a557ceb780886b0979603f69577fb.gif,https://pub-f1751cc6619d4c769aceeaffe6043848.r2.dev/products/1786396678674-62976200a3e1d35eb92a30562d151d51967a557ceb780886b0979603f69577fb.gif,,,,,,Black,Diamond,,,Round,,,,,,,1 ct.,,Sterling Silver,,,,,,,,,
34418,HL041912001,449.0000,19,0.01,1,5000 Cts twt. Mix Shapes Faceted Hematite Lot size (5-30 cts),Originated from the mines in Brazil nice quality AAA Grade 5000 Cts twt. Mix Shapes Faceted Hematite Lot size (5-30 cts),,5000 Cts twt. Mix Shapes Faceted Hematite Lot size (5-30 cts),5000 Cts twt. Mix Shapes Faceted Hematite Lot size (5-30 cts),"Mix Shapes Lot, 5000, Carats, Hematite, 5-30 Carats, Lot",Semi Precious Deals And Steals,https://pub-f1751cc6619d4c769aceeaffe6043848.r2.dev/products/1786396680480-9c54d2a2f09b0badbf851a92c96752272536556907490fddba37b3a594810de9.gif,https://pub-f1751cc6619d4c769aceeaffe6043848.r2.dev/products/1786396680480-9c54d2a2f09b0badbf851a92c96752272536556907490fddba37b3a594810de9.gif,,,,,,Black,Hematite,AAA,Faceted,Mix,,,,,Brazil,Mix,5000 ct.,,,,,5-30 ct.,,,,,,
34419,HL041912002,299.0000,20,0.01,1,3000 Cts twt. Mix Shapes Faceted Hematite Lot size (5-30 cts),Originated from the mines in Brazil nice quality AAA Grade 3000 Cts twt. Mix Shapes Faceted Hematite Lot size (5-30 cts),,3000 Cts twt. Mix Shapes Faceted Hematite Lot size (5-30 cts),3000 Cts twt. Mix Shapes Faceted Hematite Lot size (5-30 cts),"Mix Shapes Lot, 3000, Carats, Hematite, 5-30 Carats, Lot",Semi Precious Deals And Steals,https://pub-f1751cc6619d4c769aceeaffe6043848.r2.dev/products/1786396680480-9c54d2a2f09b0badbf851a92c96752272536556907490fddba37b3a594810de9.gif,https://pub-f1751cc6619d4c769aceeaffe6043848.r2.dev/products/1786396680480-9c54d2a2f09b0badbf851a92c96752272536556907490fddba37b3a594810de9.gif,,,,,,Black,Hematite,AAA,Faceted,Mix,,,,,Brazil,Mix,3000 ct.,,,,,5-30 ct.,,,,,,
34420,HL041912003,149.0000,6,0.01,1,1000 Cts twt. Mix Shapes Faceted Hematite Lot size (10-50 cts),Originated from the mines in Brazil nice quality AAA Grade 1000 Cts twt. Mix Shapes Faceted Hematite Lot size (10-50 cts),,1000 Cts twt. Mix Shapes Faceted Hematite Lot size (10-50 cts),1000 Cts twt. Mix Shapes Faceted Hematite Lot size (10-50 cts),"Mix Shapes Lot, 1000, Carats, Hematite, 10-50 Carats, Lot",Semi Precious Deals And Steals,https://pub-f1751cc6619d4c769aceeaffe6043848.r2.dev/products/1786396680480-9c54d2a2f09b0badbf851a92c96752272536556907490fddba37b3a594810de9.gif,https://pub-f1751cc6619d4c769aceeaffe6043848.r2.dev/products/1786396680480-9c54d2a2f09b0badbf851a92c96752272536556907490fddba37b3a594810de9.gif,,,,,,Black,Hematite,AAA,Faceted,Mix,,,,,Brazil,Mix,1000 ct.,,,,,10-50 ct.,,,,,,
34421,HL041912004,99.0000,98,0.01,1,500 Cts twt. Mix Shapes Faceted Hematite Lot size (5-30 cts),Originated from the mines in Brazil nice quality AAA Grade 500 Cts twt. Mix Shapes Faceted Hematite Lot size (5-30 cts),,500 Cts twt. Mix Shapes Faceted Hematite Lot size (5-30 cts),500 Cts twt. Mix Shapes Faceted Hematite Lot size (5-30 cts),"Mix Shapes Lot, 500, Carats, Hematite, 5-30 Carats, Lot",Semi Precious Deals And Steals,https://pub-f1751cc6619d4c769aceeaffe6043848.r2.dev/products/1786396680480-9c54d2a2f09b0badbf851a92c96752272536556907490fddba37b3a594810de9.gif,https://pub-f1751cc6619d4c769aceeaffe6043848.r2.dev/products/1786396680480-9c54d2a2f09b0badbf851a92c96752272536556907490fddba37b3a594810de9.gif,,,,,,Black,Hematite,AAA,Faceted,Mix,,,,,Brazil,Mix,500 ct.,,,,,5-30 ct.,,,,,,
34422,HL041912005,49.0000,97,0.01,1,200 Cts twt. Mix Shapes Faceted Hematite Lot size (5-30 cts),Originated from the mines in Brazil nice quality AAA Grade 200 Cts twt. Mix Shapes Faceted Hematite Lot size (5-30 cts),,200 Cts twt. Mix Shapes Faceted Hematite Lot size (5-30 cts),200 Cts twt. Mix Shapes Faceted Hematite Lot size (5-30 cts),"Mix Shapes Lot, 200, Carats, Hematite, 5-30 Carats, Lot",Semi Precious Deals And Steals,https://pub-f1751cc6619d4c769aceeaffe6043848.r2.dev/products/1786396680480-9c54d2a2f09b0badbf851a92c96752272536556907490fddba37b3a594810de9.gif,https://pub-f1751cc6619d4c769aceeaffe6043848.r2.dev/products/1786396680480-9c54d2a2f09b0badbf851a92c96752272536556907490fddba37b3a594810de9.gif,,,,,,Black,Hematite,AAA,Faceted,Mix,,,,,Brazil,Mix,200 ct.,,,,,5-30 ct.,,,,,,
34693,FBD070912003,700.0000,4,0.01,1,7 Carat Fancy Pear Shape Black Diamond,Originated from the mines in Africa 7 carat Fancy Pear Shape Black Diamond.,,7 Carat Fancy Pear Shape Black Diamond,7 Carat Fancy Pear Shape Black Diamond,"7 Carat Black diamond, Fancy Pear Shape black Diamond, black diamond",Black Diamonds,https://pub-f1751cc6619d4c769aceeaffe6043848.r2.dev/products/1786396682614-50349fbbf01d5a366a02ea67a7d7778e2e05cbe7a14617d8fa9a3e2658c83263.gif,https://pub-f1751cc6619d4c769aceeaffe6043848.r2.dev/products/1786396682614-50349fbbf01d5a366a02ea67a7d7778e2e05cbe7a14617d8fa9a3e2658c83263.gif,,,,,,Black,Black Diamond,A,,Fancy Pear Shape,,Fair,10,Irradiated,,,7 ct.,Opaque,,,,,,,,,,
34694,FBD070912004,625.0000,4,0.01,1,6.25 Carat Fancy Pear Shape Black Diamond,Originated from the mines in Africa 6.25 carat Fancy Pear Shape Black Diamond.,,6.25 Carat Fancy Pear Shape Black Diamond,6.25 Carat Fancy Pear Shape Black Diamond,"6.25 Carat Black diamond, Fancy Pear Shape black Diamond, black diamond",Black Diamonds,https://pub-f1751cc6619d4c769aceeaffe6043848.r2.dev/products/1786396682614-50349fbbf01d5a366a02ea67a7d7778e2e05cbe7a14617d8fa9a3e2658c83263.gif,https://pub-f1751cc6619d4c769aceeaffe6043848.r2.dev/products/1786396682614-50349fbbf01d5a366a02ea67a7d7778e2e05cbe7a14617d8fa9a3e2658c83263.gif,,,,,,Black,Black Diamond,A,,Fancy Pear Shape,,Fair,10,Irradiated,,,6.25 ct.,Opaque,,,,,,,,,,
34695,FBD070912005,450.0000,4,0.01,1,4.50 Carat Fancy Pear Shape Black Diamond,Originated from the mines in Africa 4.50 carat Fancy Pear Shape Black Diamond.,,4.50 Carat Fancy Pear Shape Black Diamond,4.50 Carat Fancy Pear Shape Black Diamond,"4.50 Carat Black diamond, Fancy Pear Shape black Diamond, black diamond",Black Diamonds,https://pub-f1751cc6619d4c769aceeaffe6043848.r2.dev/products/1786396682614-50349fbbf01d5a366a02ea67a7d7778e2e05cbe7a14617d8fa9a3e2658c83263.gif,https://pub-f1751cc6619d4c769aceeaffe6043848.r2.dev/products/1786396682614-50349fbbf01d5a366a02ea67a7d7778e2e05cbe7a14617d8fa9a3e2658c83263.gif,,,,,,Black,Black Diamond,A,,Fancy Pear Shape,,Fair,10,Irradiated,,,4.50 ct.,Opaque,,,,,,,,,,
34696,FBD070912006,390.0000,4,0.01,1,3.90 Carat Fancy Pear Shape Black Diamond,Originated from the mines in Africa 3.90 carat Fancy Pear Shape Black Diamond.,,3.90 Carat Fancy Pear Shape Black Diamond,3.90 Carat Fancy Pear Shape Black Diamond,"3.90 Carat Black diamond, Fancy Pear Shape black Diamond, black diamond",Black Diamonds,https://pub-f1751cc6619d4c769aceeaffe6043848.r2.dev/products/1786396682614-50349fbbf01d5a366a02ea67a7d7778e2e05cbe7a14617d8fa9a3e2658c83263.gif,https://pub-f1751cc6619d4c769aceeaffe6043848.r2.dev/products/1786396682614-50349fbbf01d5a366a02ea67a7d7778e2e05cbe7a14617d8fa9a3e2658c83263.gif,,,,,,Black,Black Diamond,A,,Fancy Pear Shape,,Fair,10,Irradiated,,,3.90 ct.,Opaque,,,,,,,,,,
34697,FBD070912007,300.0000,10,0.01,1,3 Carat Fancy Pear Shape Black Diamond,Originated from the mines in Africa 3 carat Fancy Pear Shape Black Diamond.,,3 Carat Fancy Pear Shape Black Diamond,3 Carat Fancy Pear Shape Black Diamond,"3 Carat Black diamond, Fancy Pear Shape black Diamond, black diamond",Black Diamonds,https://pub-f1751cc6619d4c769aceeaffe6043848.r2.dev/products/1786396682614-50349fbbf01d5a366a02ea67a7d7778e2e05cbe7a14617d8fa9a3e2658c83263.gif,https://pub-f1751cc6619d4c769aceeaffe6043848.r2.dev/products/1786396682614-50349fbbf01d5a366a02ea67a7d7778e2e05cbe7a14617d8fa9a3e2658c83263.gif,,,,,,Black,Black Diamond,A,,Fancy Pear Shape,,Fair,10,Irradiated,,,3 ct.,Opaque,,,,,,,,,,
34700,FBD070912010,380.0000,3,0.01,1,7.60 Carat Fancy Pear Shape Black Diamond,Originated from the mines in Africa 7.60 carat fancy pear Shape Black Diamond.,,7.60 Carat Fancy Pear Shape Black Diamond,7.60 Carat Fancy Pear Shape Black Diamond,"7.60 Carat Black diamond, Fancy Pear Shape black Diamond, black diamond",Black Diamonds,https://pub-f1751cc6619d4c769aceeaffe6043848.r2.dev/products/1786396682614-50349fbbf01d5a366a02ea67a7d7778e2e05cbe7a14617d8fa9a3e2658c83263.gif,https://pub-f1751cc6619d4c769aceeaffe6043848.r2.dev/products/1786396682614-50349fbbf01d5a366a02ea67a7d7778e2e05cbe7a14617d8fa9a3e2658c83263.gif,,,,,,Black,Black Diamond,Commercial,,Fancy Pear Shape,,Fair,10,Irradiated,,,7.60 ct.,Opaque,,,,,,,,,,
34701,FBD070912011,295.0000,10,0.01,1,5.90 Carat Fancy Pear Shape Black Diamond,Originated from the mines in Africa 5.90 carat fancy pear Shape Black Diamond.,,5.90 Carat Fancy Pear Shape Black Diamond,5.90 Carat Fancy Pear Shape Black Diamond,"5.90 Carat Black diamond, Fancy Pear Shape black Diamond, black diamond",Black Diamonds,https://pub-f1751cc6619d4c769aceeaffe6043848.r2.dev/products/1786396682614-50349fbbf01d5a366a02ea67a7d7778e2e05cbe7a14617d8fa9a3e2658c83263.gif,https://pub-f1751cc6619d4c769aceeaffe6043848.r2.dev/products/1786396682614-50349fbbf01d5a366a02ea67a7d7778e2e05cbe7a14617d8fa9a3e2658c83263.gif,,,,,,Black,Black Diamond,Commercial,,Fancy Pear Shape,,Fair,10,Irradiated,,,5.90 ct.,Opaque,,,,,,,,,,
34702,FBD070912012,297.5000,10,0.01,1,5.95 Carat Fancy Pear Shape Black Diamond,Originated from the mines in Africa 5.95 carat fancy pear Shape Black Diamond.,,5.95 Carat Fancy Pear Shape Black Diamond,5.95 Carat Fancy Pear Shape Black Diamond,"5.95 Carat Black diamond, Fancy Pear Shape black Diamond, black diamond",Black Diamonds,https://pub-f1751cc6619d4c769aceeaffe6043848.r2.dev/products/1786396682614-50349fbbf01d5a366a02ea67a7d7778e2e05cbe7a14617d8fa9a3e2658c83263.gif,https://pub-f1751cc6619d4c769aceeaffe6043848.r2.dev/products/1786396682614-50349fbbf01d5a366a02ea67a7d7778e2e05cbe7a14617d8fa9a3e2658c83263.gif,,,,,,Black,Black Diamond,Commercial,,Fancy Pear Shape,,Fair,10,Irradiated,,,5.95 ct.,Opaque,,,,,,,,,,
34704,FBD070912014,285.0000,10,0.01,1,5.70 Carat Fancy Pear Shape Black Diamond,Originated from the mines in Africa 5.70 carat fancy pear Shape Black Diamond.,,5.70 Carat Fancy Pear Shape Black Diamond,5.70 Carat Fancy Pear Shape Black Diamond,"5.70 Carat Black diamond, Fancy Pear Shape black Diamond, black diamond",Black Diamonds,https://pub-f1751cc6619d4c769aceeaffe6043848.r2.dev/products/1786396682614-50349fbbf01d5a366a02ea67a7d7778e2e05cbe7a14617d8fa9a3e2658c83263.gif,https://pub-f1751cc6619d4c769aceeaffe6043848.r2.dev/products/1786396682614-50349fbbf01d5a366a02ea67a7d7778e2e05cbe7a14617d8fa9a3e2658c83263.gif,,,,,,Black,Black Diamond,Commercial,,Fancy Pear Shape,,Fair,10,Irradiated,,,5.70 ct.,Opaque,,,,,,,,,,
34705,FBD070912015,225.0000,10,0.01,1,4.50 Carat Fancy Pear Shape Black Diamond,Originated from the mines in Africa 4.50 carat fancy pear Shape Black Diamond.,,4.50 Carat Fancy Pear Shape Black Diamond,4.50 Carat Fancy Pear Shape Black Diamond,"4.50 Carat Black diamond, Fancy Pear Shape black Diamond, black diamond",Black Diamonds,https://pub-f1751cc6619d4c769aceeaffe6043848.r2.dev/products/1786396682614-50349fbbf01d5a366a02ea67a7d7778e2e05cbe7a14617d8fa9a3e2658c83263.gif,https://pub-f1751cc6619d4c769aceeaffe6043848.r2.dev/products/1786396682614-50349fbbf01d5a366a02ea67a7d7778e2e05cbe7a14617d8fa9a3e2658c83263.gif,,,,,,Black,Black Diamond,Commercial,,Fancy Pear Shape,,Fair,10,Irradiated,,,4.50 ct.,Opaque,,,,,,,,,,
35094,BD120312001,5.7500,469,0.01,1,2.25 mm Black Round Diamond AAA,Originated from the mines in Africa Nice luster 2.25 mm Black Round AAA Diamond.,,2.25 mm Black Round Diamond AAA,2.25 mm Black Round Diamond AAA,"2.25 mm Black diamond, Round black Diamond, aaa black diamond",Black Diamonds,https://pub-f1751cc6619d4c769aceeaffe6043848.r2.dev/products/1786396516012-33de54cd471769639aec56ae850c7ef1808d9d57ad6b8a618142908e8a2b27dc.jpg,https://pub-f1751cc6619d4c769aceeaffe6043848.r2.dev/products/1786396516012-33de54cd471769639aec56ae850c7ef1808d9d57ad6b8a618142908e8a2b27dc.jpg,,,,,,Black,Black Diamond,AAA,Brilliant,Round,,Fair,10,Irradiated,,2.25 mm,,Opaque,,,,,,,,,,
35186,MS022213001,200.0000,3,0.01,1,10 Carat Round Moissanite Synthetic Diamond,"Moissanite, in its natural form, is very rare. There is essentially no natural supply for this stone. As the natural material is very scarce lab-grown moissanite is the only commercially viable version of the mineral. Moissanite is regarded as an excellent fine jewel; its ethical production makes it a popular alternative to diamonds.",,10 Carat Round Moissanite Synthetic AAA Grade,Best deal on 10 Carat Round Moissanite Synthetic AAA Grade only from Alpha Imports,"Moissanite, 10 Carat, Created Moissanite, AAA Moissanite",Moissanite Synthetic,https://pub-f1751cc6619d4c769aceeaffe6043848.r2.dev/products/1786396516012-33de54cd471769639aec56ae850c7ef1808d9d57ad6b8a618142908e8a2b27dc.jpg,https://pub-f1751cc6619d4c769aceeaffe6043848.r2.dev/products/1786396516012-33de54cd471769639aec56ae850c7ef1808d9d57ad6b8a618142908e8a2b27dc.jpg,,,,,,Black,Moissanite,AAA,,Round,,Good,9.25,Created,,,10 ct.,,,,,,,,,,,
35187,MS022213002,180.0000,3,0.01,1,9 Carat Round Moissanite Synthetic Diamond,"Moissanite, in its natural form, is very rare. There is essentially no natural supply for this stone. As the natural material is very scarce lab-grown moissanite is the only commercially viable version of the mineral. Moissanite is regarded as an excellent fine jewel; its ethical production makes it a popular alternative to diamonds.",,9 Carat Round Moissanite Synthetic AAA Grade,Best deal on 9 Carat Round Moissanite Synthetic AAA Grade only from Alpha Imports,"Moissanite, 9 Carat, Created Moissanite, AAA Moissanite",Moissanite Synthetic,https://pub-f1751cc6619d4c769aceeaffe6043848.r2.dev/products/1786396516012-33de54cd471769639aec56ae850c7ef1808d9d57ad6b8a618142908e8a2b27dc.jpg,https://pub-f1751cc6619d4c769aceeaffe6043848.r2.dev/products/1786396516012-33de54cd471769639aec56ae850c7ef1808d9d57ad6b8a618142908e8a2b27dc.jpg,,,,,,Black,Moissanite,AAA,,Round,,Good,9.25,Created,,,9 ct.,,,,,,,,,,,
35188,MS022213003,160.0000,5,0.01,1,8 Carat Round Moissanite Synthetic Diamond,"Moissanite, in its natural form, is very rare. There is essentially no natural supply for this stone. As the natural material is very scarce lab-grown moissanite is the only commercially viable version of the mineral. Moissanite is regarded as an excellent fine jewel; its ethical production makes it a popular alternative to diamonds.",,8 Carat Round Moissanite Synthetic AAA Grade,Best deal on 8 Carat Round Moissanite Synthetic AAA Grade only from Alpha Imports,"Moissanite, 8 Carat, Created Moissanite, AAA Moissanite",Moissanite Synthetic,https://pub-f1751cc6619d4c769aceeaffe6043848.r2.dev/products/1786396516012-33de54cd471769639aec56ae850c7ef1808d9d57ad6b8a618142908e8a2b27dc.jpg,https://pub-f1751cc6619d4c769aceeaffe6043848.r2.dev/products/1786396516012-33de54cd471769639aec56ae850c7ef1808d9d57ad6b8a618142908e8a2b27dc.jpg,,,,,,Black,Moissanite,AAA,,Round,,Good,9.25,Created,,,8 ct.,,,,,,,,,,,
35189,MS022213004,120.0000,5,0.01,1,6 Carat Round Moissanite Synthetic Diamond,"Moissanite, in its natural form, is very rare. There is essentially no natural supply for this stone. As the natural material is very scarce lab-grown moissanite is the only commercially viable version of the mineral. Moissanite is regarded as an excellent fine jewel; its ethical production makes it a popular alternative to diamonds.",,6 Carat Round Moissanite Synthetic AAA Grade,Best deal on 6 Carat Round Moissanite Synthetic AAA Grade only from Alpha Imports,"Moissanite, 6 Carat, Created Moissanite, AAA Moissanite",Moissanite Synthetic,https://pub-f1751cc6619d4c769aceeaffe6043848.r2.dev/products/1786396516012-33de54cd471769639aec56ae850c7ef1808d9d57ad6b8a618142908e8a2b27dc.jpg,https://pub-f1751cc6619d4c769aceeaffe6043848.r2.dev/products/1786396516012-33de54cd471769639aec56ae850c7ef1808d9d57ad6b8a618142908e8a2b27dc.jpg,,,,,,Black,Moissanite,AAA,,Round,,Good,9.25,Created,,,6 ct.,,,,,,,,,,,
35190,MS022213005,100.0000,20,0.01,1,5 Carat Round Moissanite Synthetic Diamond,"Moissanite, in its natural form, is very rare. There is essentially no natural supply for this stone. As the natural material is very scarce lab-grown moissanite is the only commercially viable version of the mineral. Moissanite is regarded as an excellent fine jewel; its ethical production makes it a popular alternative to diamonds.",,5 Carat Round Moissanite Synthetic AAA Grade,Best deal on 5 Carat Round Moissanite Synthetic AAA Grade only from Alpha Imports,"Moissanite, 5 Carat, Created Moissanite, AAA Moissanite",Moissanite Synthetic,https://pub-f1751cc6619d4c769aceeaffe6043848.r2.dev/products/1786396516012-33de54cd471769639aec56ae850c7ef1808d9d57ad6b8a618142908e8a2b27dc.jpg,https://pub-f1751cc6619d4c769aceeaffe6043848.r2.dev/products/1786396516012-33de54cd471769639aec56ae850c7ef1808d9d57ad6b8a618142908e8a2b27dc.jpg,,,,,,Black,Moissanite,AAA,,Round,,Good,9.25,Created,,,5 ct.,,,,,,,,,,,
35191,MS022213006,80.0000,10,0.01,1,4 Carat Round Moissanite Synthetic Diamond,"Moissanite, in its natural form, is very rare. There is essentially no natural supply for this stone. As the natural material is very scarce lab-grown moissanite is the only commercially viable version of the mineral. Moissanite is regarded as an excellent fine jewel; its ethical production makes it a popular alternative to diamonds.",,4 Carat Round Moissanite Synthetic AAA Grade,Best deal on 4 Carat Round Moissanite Synthetic AAA Grade only from Alpha Imports,"Moissanite, 4 Carat, Created Moissanite, AAA Moissanite",Moissanite Synthetic,https://pub-f1751cc6619d4c769aceeaffe6043848.r2.dev/products/1786396516012-33de54cd471769639aec56ae850c7ef1808d9d57ad6b8a618142908e8a2b27dc.jpg,https://pub-f1751cc6619d4c769aceeaffe6043848.r2.dev/products/1786396516012-33de54cd471769639aec56ae850c7ef1808d9d57ad6b8a618142908e8a2b27dc.jpg,,,,,,Black,Moissanite,AAA,,Round,,Good,9.25,Created,,,4 ct.,,,,,,,,,,,
35192,MS022213007,60.0000,40,0.01,1,3 Carat Round Moissanite Synthetic Diamond,"Moissanite, in its natural form, is very rare. There is essentially no natural supply for this stone. As the natural material is very scarce lab-grown moissanite is the only commercially viable version of the mineral. Moissanite is regarded as an excellent fine jewel; its ethical production makes it a popular alternative to diamonds.",,3 Carat Round Moissanite Synthetic AAA Grade,Best deal on 3 Carat Round Moissanite Synthetic AAA Grade only from Alpha Imports,"Moissanite, 3 Carat, Created Moissanite, AAA Moissanite",Moissanite Synthetic,https://pub-f1751cc6619d4c769aceeaffe6043848.r2.dev/products/1786396516012-33de54cd471769639aec56ae850c7ef1808d9d57ad6b8a618142908e8a2b27dc.jpg,https://pub-f1751cc6619d4c769aceeaffe6043848.r2.dev/products/1786396516012-33de54cd471769639aec56ae850c7ef1808d9d57ad6b8a618142908e8a2b27dc.jpg,,,,,,Black,Moissanite,AAA,,Round,,Good,9.25,Created,,,3 ct.,,,,,,,,,,,
35193,MS022213008,40.0000,57,0.01,1,2 Carat Round Moissanite Synthetic Diamond,"Moissanite, in its natural form, is very rare. There is essentially no natural supply for this stone. As the natural material is very scarce lab-grown moissanite is the only commercially viable version of the mineral. Moissanite is regarded as an excellent fine jewel; its ethical production makes it a popular alternative to diamonds.",,2 Carat Round Moissanite Synthetic AAA Grade,Best deal on 2 Carat Round Moissanite Synthetic AAA Grade only from Alpha Imports,"Moissanite, 2 Carat, Created Moissanite, AAA Moissanite",Moissanite Synthetic,https://pub-f1751cc6619d4c769aceeaffe6043848.r2.dev/products/1786396516012-33de54cd471769639aec56ae850c7ef1808d9d57ad6b8a618142908e8a2b27dc.jpg,https://pub-f1751cc6619d4c769aceeaffe6043848.r2.dev/products/1786396516012-33de54cd471769639aec56ae850c7ef1808d9d57ad6b8a618142908e8a2b27dc.jpg,,,,,,Black,Moissanite,AAA,,Round,,Good,9.25,Created,,,2 ct.,,,,,,,,,,,
35194,MS022213009,20.0000,97,0.01,1,1 Carat Round Moissanite Synthetic Diamond,"Moissanite, in its natural form, is very rare. There is essentially no natural supply for this stone. As the natural material is very scarce lab-grown moissanite is the only commercially viable version of the mineral. Moissanite is regarded as an excellent fine jewel; its ethical production makes it a popular alternative to diamonds.",,1 Carat Round Moissanite Synthetic AAA Grade,Best deal on 1 Carat Round Moissanite Synthetic AAA Grade only from Alpha Imports,"Moissanite, 1 Carat, Created Moissanite, AAA Moissanite",Moissanite Synthetic,https://pub-f1751cc6619d4c769aceeaffe6043848.r2.dev/products/1786396516012-33de54cd471769639aec56ae850c7ef1808d9d57ad6b8a618142908e8a2b27dc.jpg,https://pub-f1751cc6619d4c769aceeaffe6043848.r2.dev/products/1786396516012-33de54cd471769639aec56ae850c7ef1808d9d57ad6b8a618142908e8a2b27dc.jpg,,,,,,Black,Moissanite,AAA,,Round,,Good,9.25,Created,,,1 ct.,,,,,,,,,,,
35196,MS022213011,32.0000,1,0.01,1,1.60 Carat Bead Moissanite Synthetic Diamond 5.8 mm,"Moissanite, in its natural form, is very rare. There is essentially no natural supply for this stone. As the natural material is very scarce lab-grown moissanite is the only commercially viable version of the mineral. Moissanite is regarded as an excellent fine jewel; its ethical production makes it a popular alternative to diamonds.",,1.60 Carat Bead Moissanite Synthetic AAA Grade 5.8 mm,Best deal on 1.60 Carat Bead Moissanite Synthetic AAA Grade 5.8 mm only from Alpha Imports,"Moissanite, 1.60 Carat, Created Moissanite, AAA Moissanite, Bead Moissanite",Moissanite Synthetic,https://pub-f1751cc6619d4c769aceeaffe6043848.r2.dev/products/1786396526106-966d4bfcdd40109f20fc4e86feda59f8ac27ea3a2a01c6b42ff6bb416df09010.jpg,https://pub-f1751cc6619d4c769aceeaffe6043848.r2.dev/products/1786396526106-966d4bfcdd40109f20fc4e86feda59f8ac27ea3a2a01c6b42ff6bb416df09010.jpg,,,,,,Black,Moissanite,AAA,Bead,Round,,Good,9.25,Created,,5.8 mm,1.60 ct.,,,,,,,,,,,
35198,MS022213013,35.0000,0,0.01,1,1.75 Carat Pear Shape Moissanite Synthetic Diamond,"Moissanite, in its natural form, is very rare. There is essentially no natural supply for this stone. As the natural material is very scarce lab-grown moissanite is the only commercially viable version of the mineral. Moissanite is regarded as an excellent fine jewel; its ethical production makes it a popular alternative to diamonds.",,1.75 Carat Pear Shape Moissanite Synthetic AAA Grade,Best deal on 1.75 Carat Pear Shape Moissanite Synthetic AAA Grade Grade only from Alpha Imports,"Moissanite, 1.75 Carat, Created Moissanite, AAA Moissanite, Pear Shape Moissanite",Moissanite Synthetic,https://pub-f1751cc6619d4c769aceeaffe6043848.r2.dev/products/1786396684249-a9fd83113c6e3b32bc22c428fa02e3c03f9f4f8be1bf49076d8ad14cfb7e7e52.gif,https://pub-f1751cc6619d4c769aceeaffe6043848.r2.dev/products/1786396684249-a9fd83113c6e3b32bc22c428fa02e3c03f9f4f8be1bf49076d8ad14cfb7e7e52.gif,,,,,,Black,Moissanite,AAA,,Pear,,Good,9.25,Created,,8.7x6.6 mm,1.75 ct.,,,,,,,,,,,
35199,MS022213014,36.4000,9,0.01,1,1.82 Carat Octagon Moissanite Synthetic Diamond,"Moissanite, in its natural form, is very rare. There is essentially no natural supply for this stone. As the natural material is very scarce lab-grown moissanite is the only commercially viable version of the mineral. Moissanite is regarded as an excellent fine jewel; its ethical production makes it a popular alternative to diamonds.",,1.82 Carat Octagon Moissanite Synthetic AAA Grade,Best deal on 1.82 Carat Octagon Moissanite Synthetic AAA Grade only from Alpha Imports,"Moissanite, 1.82 Carat, Created Moissanite, AAA Moissanite, Octagon Moissanite",Moissanite Synthetic,https://pub-f1751cc6619d4c769aceeaffe6043848.r2.dev/products/1786396685744-045aa19856e6e58e9960591714b72a2e72f36daba23da9599ce421f0bd507355.gif,https://pub-f1751cc6619d4c769aceeaffe6043848.r2.dev/products/1786396685744-045aa19856e6e58e9960591714b72a2e72f36daba23da9599ce421f0bd507355.gif,,,,,,Black,Moissanite,AAA,,Octagon,,Good,9.25,Created,,8x6 mm,1.82 ct.,,,,,,,,,,,
35200,MS022213015,24.0000,1,0.01,1,1.20 Carat Marquise Moissanite Synthetic Diamond,"Moissanite, in its natural form, is very rare. There is essentially no natural supply for this stone. As the natural material is very scarce lab-grown moissanite is the only commercially viable version of the mineral. Moissanite is regarded as an excellent fine jewel; its ethical production makes it a popular alternative to diamonds.",,1.20 Carat Marquise Moissanite Synthetic AAA Grade,Best deal on 1.20 Carat Marquise Moissanite Synthetic AAA Grade only from Alpha Imports,"Moissanite, 1.20 Carat, Created Moissanite, AAA Moissanite, Marquise Moissanite",Moissanite Synthetic,https://pub-f1751cc6619d4c769aceeaffe6043848.r2.dev/products/1786396687280-3c2fd320193299d4e8b8efd2282735e6ad5146ded04efb72006f4d8692f9c778.gif,https://pub-f1751cc6619d4c769aceeaffe6043848.r2.dev/products/1786396687280-3c2fd320193299d4e8b8efd2282735e6ad5146ded04efb72006f4d8692f9c778.gif,,,,,,Black,Moissanite,AAA,,Marquise,,Good,9.25,Created,,10.9x5 mm,1.20 ct.,,,,,,,,,,,
35201,MS022213016,25.6000,0,0.01,1,1.28 Carat Princess Cut Moissanite Synthetic Diamond,"Moissanite, in its natural form, is very rare. There is essentially no natural supply for this stone. As the natural material is very scarce lab-grown moissanite is the only commercially viable version of the mineral. Moissanite is regarded as an excellent fine jewel; its ethical production makes it a popular alternative to diamonds.",,1.28 Carat Princess Cut Moissanite Synthetic AAA Grade,Best deal on 1.28 Carat Princess Cut Moissanite Synthetic AAA Grade only from Alpha Imports,"Moissanite, 1.28 Carat, Created Moissanite, AAA Moissanite, Princess Cut Moissanite",Moissanite Synthetic,https://pub-f1751cc6619d4c769aceeaffe6043848.r2.dev/products/1786396688612-cab05d3b01fae5619ee42ffd48d665a3c1b764ed79e83f3ee05034f84233063e.gif,https://pub-f1751cc6619d4c769aceeaffe6043848.r2.dev/products/1786396688612-cab05d3b01fae5619ee42ffd48d665a3c1b764ed79e83f3ee05034f84233063e.gif,,,,,,Black,Moissanite,AAA,,Princess Cut,,Good,9.25,Created,,6.6x6.4 mm,1.28 ct.,,,,,,,,,,,
35202,MS022213017,97.6000,0,0.01,1,4.88 Carat Heart Moissanite Synthetic Diamond,"Moissanite, in its natural form, is very rare. There is essentially no natural supply for this stone. As the natural material is very scarce lab-grown moissanite is the only commercially viable version of the mineral. Moissanite is regarded as an excellent fine jewel; its ethical production makes it a popular alternative to diamonds.",,4.88 Carat Heart Moissanite Synthetic AAA Grade,Best deal on 4.88 Carat Heart Moissanite Synthetic AAA Grade only from Alpha Imports,"Moissanite, 4.88 Carat, Created Moissanite, AAA Moissanite, Heart Moissanite",Moissanite Synthetic,https://pub-f1751cc6619d4c769aceeaffe6043848.r2.dev/products/1786396690962-f627227fcfab0e8f33233768e684a8a4708d576263a164047c21ef5f9a6d2c6b.gif,https://pub-f1751cc6619d4c769aceeaffe6043848.r2.dev/products/1786396690962-f627227fcfab0e8f33233768e684a8a4708d576263a164047c21ef5f9a6d2c6b.gif,,,,,,Black,Moissanite,AAA,,Heart,,Good,9.25,Created,,13x11.8 mm,4.88 ct.,,,,,,,,,,,
35203,MS022213018,29.0000,0,0.01,1,1.45 Carat Emerald Cut Moissanite Synthetic Diamond,"Moissanite, in its natural form, is very rare. There is essentially no natural supply for this stone. As the natural material is very scarce lab-grown moissanite is the only commercially viable version of the mineral. Moissanite is regarded as an excellent fine jewel; its ethical production makes it a popular alternative to diamonds.",,1.45 Carat Emerald Cut Moissanite Synthetic AAA Grade,Best deal on 1.45 Carat Emerald Cut Moissanite Synthetic AAA Grade only from Alpha Imports,"Moissanite, 1.45 Carat, Created Moissanite, AAA Moissanite, Emerald Cut Moissanite",Moissanite Synthetic,https://pub-f1751cc6619d4c769aceeaffe6043848.r2.dev/products/1786396692815-ea9ed104aa3420cf6ced2408283f2a6a90758556dc43a8b2eacf4d6b16edf555.gif,https://pub-f1751cc6619d4c769aceeaffe6043848.r2.dev/products/1786396692815-ea9ed104aa3420cf6ced2408283f2a6a90758556dc43a8b2eacf4d6b16edf555.gif,,,,,,Black,Moissanite,AAA,,Emerald Cut,,Good,9.25,Created,,7x6 mm,1.45 ct.,,,,,,,,,,,
35204,MS022213019,36.0000,1,0.01,1,1.80 Carat Trillion Moissanite Synthetic Diamond,"Moissanite, in its natural form, is very rare. There is essentially no natural supply for this stone. As the natural material is very scarce lab-grown moissanite is the only commercially viable version of the mineral. Moissanite is regarded as an excellent fine jewel; its ethical production makes it a popular alternative to diamonds.",,1.80 Carat Trillion Moissanite Synthetic AAA Grade,Best deal on 1.80 Carat Trillion Moissanite Synthetic AAA Grade only from Alpha Imports,"Moissanite, 1.80 Carat, Created Moissanite, AAA Moissanite, Trillion Moissanite",Moissanite Synthetic,https://pub-f1751cc6619d4c769aceeaffe6043848.r2.dev/products/1786396694185-359ebf8a14a5147b7d0218080cd2b1252d70df9caf24c9d015f4c642f64330b2.gif,https://pub-f1751cc6619d4c769aceeaffe6043848.r2.dev/products/1786396694185-359ebf8a14a5147b7d0218080cd2b1252d70df9caf24c9d015f4c642f64330b2.gif,,,,,,Black,Moissanite,AAA,,Trillion,,Good,9.25,Created,,8.6x7.3 mm,1.80 ct.,,,,,,,,,,,
35206,MS022213021,27.0000,0,0.01,1,1.35 Carat Cushion Moissanite Synthetic Diamond,"Moissanite, in its natural form, is very rare. There is essentially no natural supply for this stone. As the natural material is very scarce lab-grown moissanite is the only commercially viable version of the mineral. Moissanite is regarded as an excellent fine jewel; its ethical production makes it a popular alternative to diamonds.",,1.35 Carat Cushion Moissanite Synthetic AAA Grade,Best deal on 1.35 Carat Cushion Moissanite Synthetic AAA Grade only from Alpha Imports,"Moissanite, 1.35 Carat, Created Moissanite, AAA Moissanite, Cushion Moissanite",Moissanite Synthetic,https://pub-f1751cc6619d4c769aceeaffe6043848.r2.dev/products/1786396521295-38b4f14c917c7161fdb6143286356c242411213ac119947a06f03644a83d08e0.jpg,https://pub-f1751cc6619d4c769aceeaffe6043848.r2.dev/products/1786396521295-38b4f14c917c7161fdb6143286356c242411213ac119947a06f03644a83d08e0.jpg,,,,,,Black,Moissanite,AAA,Both Side Checker Board,Cushion,,Good,9.25,Created,,9.2x7 mm,1.35 ct.,,,,,,,,,,,
35831,MS090513002,100.0000,9,0.01,1,5 Carat Princess Cut Moissanite Synthetic Diamond,"Moissanite, in its natural form, is very rare. There is essentially no natural supply for this stone. As the natural material is very scarce, lab-grown moissanite is the only commercially viable version of the mineral. Moissanite is regarded as an excellent fine jewel; its ethical production makes it a popular alternative to diamonds.",,5 Carat Princess Cut Moissanite Synthetic AAA Grade,Best deal on 5 Carat Princess Cut Moissanite Synthetic AAA Grade only from Alpha Imports,"Moissanite, 5 Carat, Created Moissanite, AAA Moissanite, Princess Cut Moissanite",Moissanite Synthetic,https://pub-f1751cc6619d4c769aceeaffe6043848.r2.dev/products/1786396688612-cab05d3b01fae5619ee42ffd48d665a3c1b764ed79e83f3ee05034f84233063e.gif,https://pub-f1751cc6619d4c769aceeaffe6043848.r2.dev/products/1786396688612-cab05d3b01fae5619ee42ffd48d665a3c1b764ed79e83f3ee05034f84233063e.gif,,,,,,Black,Moissanite,AAA,,Princess Cut,,Good,9.25,Created,,,5 ct.,,,,,,,,,,,
35832,MS090513003,80.0000,10,0.01,1,4 Carat Princess Cut Moissanite Synthetic Diamond,"Moissanite, in its natural form, is very rare. There is essentially no natural supply for this stone. As the natural material is very scarce, lab-grown moissanite is the only commercially viable version of the mineral. Moissanite is regarded as an excellent fine jewel; its ethical production makes it a popular alternative to diamonds.",,4 Carat Princess Cut Moissanite Synthetic AAA Grade,Best deal on 4 Carat Princess Cut Moissanite Synthetic AAA Grade only from Alpha Imports,"Moissanite, 4 Carat, Created Moissanite, AAA Moissanite, Princess Cut Moissanite",Moissanite Synthetic,https://pub-f1751cc6619d4c769aceeaffe6043848.r2.dev/products/1786396688612-cab05d3b01fae5619ee42ffd48d665a3c1b764ed79e83f3ee05034f84233063e.gif,https://pub-f1751cc6619d4c769aceeaffe6043848.r2.dev/products/1786396688612-cab05d3b01fae5619ee42ffd48d665a3c1b764ed79e83f3ee05034f84233063e.gif,,,,,,Black,Moissanite,AAA,,Princess Cut,,Good,9.25,Created,,,4 ct.,,,,,,,,,,,
35833,MS090513004,60.0000,10,0.01,1,3 Carat Princess Cut Moissanite Synthetic Diamond,"Moissanite, in its natural form, is very rare. There is essentially no natural supply for this stone. As the natural material is very scarce, lab-grown moissanite is the only commercially viable version of the mineral. Moissanite is regarded as an excellent fine jewel; its ethical production makes it a popular alternative to diamonds.",,3 Carat Princess Cut Moissanite Synthetic AAA Grade,Best deal on 3 Carat Princess Cut Moissanite Synthetic AAA Grade only from Alpha Imports,"Moissanite, 3 Carat, Created Moissanite, AAA Moissanite, Princess Cut Moissanite",Moissanite Synthetic,https://pub-f1751cc6619d4c769aceeaffe6043848.r2.dev/products/1786396688612-cab05d3b01fae5619ee42ffd48d665a3c1b764ed79e83f3ee05034f84233063e.gif,https://pub-f1751cc6619d4c769aceeaffe6043848.r2.dev/products/1786396688612-cab05d3b01fae5619ee42ffd48d665a3c1b764ed79e83f3ee05034f84233063e.gif,,,,,,Black,Moissanite,AAA,,Princess Cut,,Good,9.25,Created,,,3 ct.,,,,,,,,,,,
35834,MS090513005,40.0000,9,0.01,1,2 Carat Princess Cut Moissanite Synthetic Diamond,"Moissanite, in its natural form, is very rare. There is essentially no natural supply for this stone. As the natural material is very scarce, lab-grown moissanite is the only commercially viable version of the mineral. Moissanite is regarded as an excellent fine jewel; its ethical production makes it a popular alternative to diamonds.",,2 Carat Princess Cut Moissanite Synthetic AAA Grade,Best deal on 2 Carat Princess Cut Moissanite Synthetic AAA Grade only from Alpha Imports,"Moissanite, 2 Carat, Created Moissanite, AAA Moissanite, Princess Cut Moissanite",Moissanite Synthetic,https://pub-f1751cc6619d4c769aceeaffe6043848.r2.dev/products/1786396688612-cab05d3b01fae5619ee42ffd48d665a3c1b764ed79e83f3ee05034f84233063e.gif,https://pub-f1751cc6619d4c769aceeaffe6043848.r2.dev/products/1786396688612-cab05d3b01fae5619ee42ffd48d665a3c1b764ed79e83f3ee05034f84233063e.gif,,,,,,Black,Moissanite,AAA,,Princess Cut,,Good,9.25,Created,,,2 ct.,,,,,,,,,,,
35835,MS090513006,20.0000,0,0.01,1,1 Carat Princess Cut Moissanite Synthetic Diamond,"Moissanite, in its natural form, is very rare. There is essentially no natural supply for this stone. As the natural material is very scarce, lab-grown moissanite is the only commercially viable version of the mineral. Moissanite is regarded as an excellent fine jewel; its ethical production makes it a popular alternative to diamonds.",,1 Carat Princess Cut Moissanite Synthetic AAA Grade,Best deal on 1 Carat Princess Cut Moissanite Synthetic AAA Grade only from Alpha Imports,"Moissanite, 1 Carat, Created Moissanite, AAA Moissanite, Princess Cut Moissanite",Moissanite Synthetic,https://pub-f1751cc6619d4c769aceeaffe6043848.r2.dev/products/1786396688612-cab05d3b01fae5619ee42ffd48d665a3c1b764ed79e83f3ee05034f84233063e.gif,https://pub-f1751cc6619d4c769aceeaffe6043848.r2.dev/products/1786396688612-cab05d3b01fae5619ee42ffd48d665a3c1b764ed79e83f3ee05034f84233063e.gif,,,,,,Black,Moissanite,AAA,,Princess Cut,,Good,9.25,Created,,,1 ct.,,,,,,,,,,,
36071,BD111413001,25.0000,120,0.01,1,0.25 Carat Princess Cut Black Diamond AAA Grade,Alpha Imports offers lowest prices possible on diamonds and make them more affordable. This is a 0.25 carat Princess Cut Black Diamond in AAA grade.,,0.25 Carat Princess Cut Black Diamond AAA Grade,0.25 Carat Princess Cut Black Diamond AAA Grade,"0.25 carat Black diamond, Princess Cut black Diamond, AAA black diamond",Black Diamonds,https://pub-f1751cc6619d4c769aceeaffe6043848.r2.dev/products/1786396688612-cab05d3b01fae5619ee42ffd48d665a3c1b764ed79e83f3ee05034f84233063e.gif,https://pub-f1751cc6619d4c769aceeaffe6043848.r2.dev/products/1786396688612-cab05d3b01fae5619ee42ffd48d665a3c1b764ed79e83f3ee05034f84233063e.gif,,,,,,Black,Black Diamond,AAA,Good,Princess Cut,,,10,Irradiated,,,0.25 ct.,Opaque,,,,,,,,,,
36072,BD111413002,50.0000,96,0.01,1,0.50 Carat Princess Cut Black Diamond AAA Grade,Alpha Imports offers lowest prices possible on diamonds and make them more affordable. This is a 0.50  carat Princess Cut Black Diamond in AAA grade.,,0.50 Carat Princess Cut Black Diamond AAA Grade,0.50 Carat Princess Cut Black Diamond AAA Grade,"0.50 carat Black diamond, Princess Cut black Diamond, AAA black diamond",Black Diamonds,https://pub-f1751cc6619d4c769aceeaffe6043848.r2.dev/products/1786396688612-cab05d3b01fae5619ee42ffd48d665a3c1b764ed79e83f3ee05034f84233063e.gif,https://pub-f1751cc6619d4c769aceeaffe6043848.r2.dev/products/1786396688612-cab05d3b01fae5619ee42ffd48d665a3c1b764ed79e83f3ee05034f84233063e.gif,,,,,,Black,Black Diamond,AAA,Good,Princess Cut,,,10,Irradiated,,,0.50 ct.,Opaque,,,,,,,,,,
36073,BD111413003,200.0000,41,0.01,1,1 Carat Princess Cut Black Diamond AAA Grade,Alpha Imports offers lowest prices possible on diamonds and make them more affordable. This is a 1  carat Princess Cut Black Diamond in AAA grade.,,1 Carat Princess Cut Black Diamond AAA Grade,1 Carat Princess Cut Black Diamond AAA Grade,"1 carat Black diamond, Princess Cut black Diamond, AAA black diamond",Black Diamonds,https://pub-f1751cc6619d4c769aceeaffe6043848.r2.dev/products/1786396688612-cab05d3b01fae5619ee42ffd48d665a3c1b764ed79e83f3ee05034f84233063e.gif,https://pub-f1751cc6619d4c769aceeaffe6043848.r2.dev/products/1786396688612-cab05d3b01fae5619ee42ffd48d665a3c1b764ed79e83f3ee05034f84233063e.gif,,,,,,Black,Black Diamond,AAA,Good,Princess Cut,,,10,Irradiated,,,1 ct.,Opaque,,,,,,,,,,
36074,BD111413004,50.0000,10,0.01,1,0.25 Carat Marquise Black Diamond,Alpha Imports offers lowest prices possible on diamonds and make them more affordable. This is a 0.25  carat Marquise Black Diamond.,,0.25 Carat Marquise Black Diamond AAA Grade,0.25 Carat Marquise Black Diamond AAA Grade,"0.25 carat Black diamond, Marquise black Diamond,",Black Diamonds,https://pub-f1751cc6619d4c769aceeaffe6043848.r2.dev/products/1786396696701-33f00f776cec26e0638d367ab98c58a2c042511a72460cc15434aa45fcf2aac0.gif,https://pub-f1751cc6619d4c769aceeaffe6043848.r2.dev/products/1786396696701-33f00f776cec26e0638d367ab98c58a2c042511a72460cc15434aa45fcf2aac0.gif,,,,,,Black,Black Diamond,,Good,Marquise,,,10,,,,0.25 ct.,,,,,,,,,,,
36123,SSE120613001,199.0000,23,0.01,1,2 Ct Twt Black Diamond Stud Earrings in Sterling Silver,<h5>Delicately designed in sterling silver. The Stud earrings glow with the passionate fill of round Black Diamond. Very warm graceful and feminine.</h5>,,2 Ct Twt Black Diamond Stud Earrings in Sterling Silver,2 Ct Twt Black Diamond Stud Earrings in Sterling Silver,"2 Carats Black Diamond Stud Earrings, Sterling Silver, AAA Black Diamond Stud Earrings, Champagne Diamond Stud Earrings",Diamond Stud Earrings,https://pub-f1751cc6619d4c769aceeaffe6043848.r2.dev/products/1786396480478-5736d84072aab95a319577cf4d732e9a781910ea33ad7dcd6eaa28fb6b609738.jpg,https://pub-f1751cc6619d4c769aceeaffe6043848.r2.dev/products/1786396480478-5736d84072aab95a319577cf4d732e9a781910ea33ad7dcd6eaa28fb6b609738.jpg,https://pub-f1751cc6619d4c769aceeaffe6043848.r2.dev/products/1786396481917-f5095e3e91258a74d54996da1cd4e01cd3d5041e5b6d9be838e09d50889014a5.jpg,,,,,Black,Black Diamond,AAA,,Round,,,,Treated,,,,,Sterling Silver,1 Grams,,,,,,,,
36125,SSR121013001,199.0000,4,0.01,1,2 Carat Black Diamond Solitaire Ring in Sterling Silver,This is a genuine black diamond solitaire ring in sterling silver. approximately a two carat black diamond makes this engagement ring a show stealer. The hottest look in jewelry Black Diamonds get their deep beauty from a special irradiation process. New trend!!,,2 Carat Black Diamond Solitaire Ring in Sterling Silver,2 Carat Black Diamond Solitaire Ring in Sterling Silver,"Black Diamond, Solitaire Ring, Diamond Ring, Black Diamond Solitaire, Engagement Ring, Diamond Engagement Ring",Silver Solitaire Rings,https://pub-f1751cc6619d4c769aceeaffe6043848.r2.dev/products/1786396477767-3320ccefb6983fdf4e3a8d47bd2f81412e5c31ee984b06cbb252b6b8573e5f6e.jpg,https://pub-f1751cc6619d4c769aceeaffe6043848.r2.dev/products/1786396477767-3320ccefb6983fdf4e3a8d47bd2f81412e5c31ee984b06cbb252b6b8573e5f6e.jpg,,,,,,Black,Black Diamond,,,Round,,,,Irradiated,,,2 ct.,Opaque,Sterling Silver,2 Grams,,,,,,,,
36126,SSR121013002,99.0000,0,0.01,1,1 Carat Black Diamond Solitaire Ring in Sterling Silver,This is a genuine black diamond solitaire ring in sterling silver. approximately a 1 carat black diamond makes this engagement ring a show stealer. The hottest look in jewelry Black Diamonds get their deep beauty from a special irradiation process. New trend!!,,1 Carat Black Diamond Solitaire Ring in Sterling Silver,1 Carat Black Diamond Solitaire Ring in Sterling Silver,"Black Diamond, Solitaire Ring, Diamond Ring, Black Diamond Solitaire, Engagement Ring, Diamond Engagement Ring",Silver Solitaire Rings,https://pub-f1751cc6619d4c769aceeaffe6043848.r2.dev/products/1786396477767-3320ccefb6983fdf4e3a8d47bd2f81412e5c31ee984b06cbb252b6b8573e5f6e.jpg,https://pub-f1751cc6619d4c769aceeaffe6043848.r2.dev/products/1786396477767-3320ccefb6983fdf4e3a8d47bd2f81412e5c31ee984b06cbb252b6b8573e5f6e.jpg,,,,,,Black,Black Diamond,,,Round,,,,Irradiated,,,1 ct.,Opaque,Sterling Silver,2 Grams,,,,,,,,
36127,SSR121013003,74.9900,10,0.01,1,0.50 Carat Black Diamond Solitaire Ring in Sterling Silver,This is a genuine black diamond solitaire ring in sterling silver. approximately a 0.50 carat black diamond makes this engagement ring a show stealer. The hottest look in jewelry Black Diamonds get their deep beauty from a special irradiation process. New trend!!,,0.50 Carat Black Diamond Solitaire Ring in Sterling Silver,0.50 Carat Black Diamond Solitaire Ring in Sterling Silver,"Black Diamond, Solitaire Ring, Diamond Ring, Black Diamond Solitaire, Engagement Ring, Diamond Engagement Ring",Silver Solitaire Rings,https://pub-f1751cc6619d4c769aceeaffe6043848.r2.dev/products/1786396477767-3320ccefb6983fdf4e3a8d47bd2f81412e5c31ee984b06cbb252b6b8573e5f6e.jpg,https://pub-f1751cc6619d4c769aceeaffe6043848.r2.dev/products/1786396477767-3320ccefb6983fdf4e3a8d47bd2f81412e5c31ee984b06cbb252b6b8573e5f6e.jpg,,,,,,Black,Black Diamond,,,Round,,,,Irradiated,,,0.50 ct.,Opaque,Sterling Silver,2 Grams,,,,,,,,
36128,SSR121013004,49.9900,9,0.01,1,0.25 Carat Black Diamond Solitaire Ring in Sterling Silver,This is a genuine black diamond solitaire ring in sterling silver. approximately a 0.25 carat black diamond makes this engagement ring a show stealer. The hottest look in jewelry Black Diamonds get their deep beauty from a special irradiation process. New trend!!,,0.25 Carat Black Diamond Solitaire Ring in Sterling Silver,0.25 Carat Black Diamond Solitaire Ring in Sterling Silver,"Black Diamond, Solitaire Ring, Diamond Ring, Black Diamond Solitaire, Engagement Ring, Diamond Engagement Ring",Silver Solitaire Rings,https://pub-f1751cc6619d4c769aceeaffe6043848.r2.dev/products/1786396477767-3320ccefb6983fdf4e3a8d47bd2f81412e5c31ee984b06cbb252b6b8573e5f6e.jpg,https://pub-f1751cc6619d4c769aceeaffe6043848.r2.dev/products/1786396477767-3320ccefb6983fdf4e3a8d47bd2f81412e5c31ee984b06cbb252b6b8573e5f6e.jpg,,,,,,Black,Black Diamond,,,Round,,,,Irradiated,,,0.25 ct.,Opaque,Sterling Silver,2 Grams,,,,,,,,
36323,BD022714044,28.0000,80,0.01,1,4 mm Princess Cut Black Diamond,Buy Black diamonds at whole sale prices. Best deal on 4 mm Princess Cut Black Diamond.,,4 mm Princess Cut Black Diamond,4 mm Princess Cut Black Diamond,"4 mm Princess Cut, Black Diamond, 4 mm Black Diamond, Princess Cut Diamond",Black Diamonds,https://pub-f1751cc6619d4c769aceeaffe6043848.r2.dev/products/1786396688612-cab05d3b01fae5619ee42ffd48d665a3c1b764ed79e83f3ee05034f84233063e.gif,https://pub-f1751cc6619d4c769aceeaffe6043848.r2.dev/products/1786396688612-cab05d3b01fae5619ee42ffd48d665a3c1b764ed79e83f3ee05034f84233063e.gif,,,,,,Black,Black Diamond,,Good,Princess Cut,,,,Treated,,4 mm,,,,,,,,,,,,
36325,BD022714046,300.0000,9,0.01,1,3.5 mm Princess Cut Black Diamond 10 Pc Lot,"Diamond lots at below wholesale prices from Alpha Imports. These all time popular lots are widely used by jewelers, designers, eBay sellers and hobbyists. Available in various size configurations. Please check the table below for more details about this lot.",,3.5 mm Princess Cut Black Diamond 10 Pc Lot,3.5 mm Princess Cut Black Diamond 10 Pc Lot,"3.5 mm Princess Cut, Black Diamond, 3.5 mm Black Diamond, Princess Cut Diamond",Black Diamonds,https://pub-f1751cc6619d4c769aceeaffe6043848.r2.dev/products/1786396698384-4a55a42aab7495fcaf2e5610bd0ba5bdbf8fe30771c69fd78479078aed7ac98b.gif,https://pub-f1751cc6619d4c769aceeaffe6043848.r2.dev/products/1786396698384-4a55a42aab7495fcaf2e5610bd0ba5bdbf8fe30771c69fd78479078aed7ac98b.gif,,,,,,Black,Black Diamond,,Good,Princess Cut,,,,Treated,,3.5 mm,,,,,,,,,,,,
36326,BD022714047,150.0000,17,0.01,1,3.5 mm Princess Cut Black Diamond 5 Pc Lot,"Diamond lots at below wholesale prices from Alpha Imports. These all time popular lots are widely used by jewelers, designers, eBay sellers and hobbyists. Available in various size configurations. Please check the table below for more details about this lot.",,3.5 mm Princess Cut Black Diamond 5 Pc Lot,3.5 mm Princess Cut Black Diamond 5 Pc Lot,"3.5 mm Princess Cut, Black Diamond, 3.5 mm Black Diamond, Princess Cut Diamond",Black Diamonds,https://pub-f1751cc6619d4c769aceeaffe6043848.r2.dev/products/1786396700124-309026fd0612b39c8928c35d728f08ce5518be3bef9e5ad64463c2e7af985565.gif,https://pub-f1751cc6619d4c769aceeaffe6043848.r2.dev/products/1786396700124-309026fd0612b39c8928c35d728f08ce5518be3bef9e5ad64463c2e7af985565.gif,,,,,,Black,Black Diamond,,Good,Princess Cut,,,,Treated,,3.5 mm,,,,,,,,,,,,
36327,BD022714048,20.0000,188,0.01,1,3.5 mm Princess Cut Black Diamond,Buy Black diamonds at whole sale prices. Best deal on 3.5 mm Princess Cut Black Diamond.,,3.5 mm Princess Cut Black Diamond,3.5 mm Princess Cut Black Diamond,"3.5 mm Princess Cut, Black Diamond, 3.5 mm Black Diamond, Princess Cut Diamond",Black Diamonds,https://pub-f1751cc6619d4c769aceeaffe6043848.r2.dev/products/1786396688612-cab05d3b01fae5619ee42ffd48d665a3c1b764ed79e83f3ee05034f84233063e.gif,https://pub-f1751cc6619d4c769aceeaffe6043848.r2.dev/products/1786396688612-cab05d3b01fae5619ee42ffd48d665a3c1b764ed79e83f3ee05034f84233063e.gif,,,,,,Black,Black Diamond,,Good,Princess Cut,,,,Treated,,3.5 mm,,,,,,,,,,,,
36331,BD022714052,12.0000,60,0.01,1,3 mm Princess Cut Black Diamond,Buy Black diamonds at whole sale prices. Best deal on 3 mm Princess Cut Black Diamond.,,3 mm Princess Cut Black Diamond,3 mm Princess Cut Black Diamond,"3 mm Princess Cut, Black Diamond, 3 mm Black Diamond, Princess Cut Diamond",Black Diamonds,https://pub-f1751cc6619d4c769aceeaffe6043848.r2.dev/products/1786396688612-cab05d3b01fae5619ee42ffd48d665a3c1b764ed79e83f3ee05034f84233063e.gif,https://pub-f1751cc6619d4c769aceeaffe6043848.r2.dev/products/1786396688612-cab05d3b01fae5619ee42ffd48d665a3c1b764ed79e83f3ee05034f84233063e.gif,,,,,,Black,Black Diamond,,Good,Princess Cut,,,,Treated,,3 mm,,,,,,,,,,,,
36332,BD031914001,700.0000,20,0.01,1,3.50 Carat Round Black Diamond,Originated from the mines in Africa Nice luster 3.50 Carats Round Black Diamond. Large black diamonds usually have some surface flaws. These flaws are small and negligible.,,3.50 Carat Round Black Diamond,3.50 Carat Round Black Diamond,"3.50, Black diamond, Round black Diamond",Black Diamonds,https://pub-f1751cc6619d4c769aceeaffe6043848.r2.dev/products/1786396516012-33de54cd471769639aec56ae850c7ef1808d9d57ad6b8a618142908e8a2b27dc.jpg,https://pub-f1751cc6619d4c769aceeaffe6043848.r2.dev/products/1786396516012-33de54cd471769639aec56ae850c7ef1808d9d57ad6b8a618142908e8a2b27dc.jpg,,,,,,Black,Black Diamond,,,Round,,,10,Irradiated,Africa,,3.50  ct.,Opaque,,,,,,,,,,
36336,BD022714056,6.5000,0,0.01,1,2.5 mm Princess Cut Black Diamond,Buy Black diamonds at whole sale prices. Best deal on 2.5 mm Princess Cut Black Diamond.,,2.5 mm Princess Cut Black Diamond,2.5 mm Princess Cut Black Diamond,"2.5 mm Princess Cut, Black Diamond, 2.5 mm Black Diamond, Princess Cut Diamond",Black Diamonds,https://pub-f1751cc6619d4c769aceeaffe6043848.r2.dev/products/1786396688612-cab05d3b01fae5619ee42ffd48d665a3c1b764ed79e83f3ee05034f84233063e.gif,https://pub-f1751cc6619d4c769aceeaffe6043848.r2.dev/products/1786396688612-cab05d3b01fae5619ee42ffd48d665a3c1b764ed79e83f3ee05034f84233063e.gif,,,,,,Black,Black Diamond,,Good,Princess Cut,,,,Treated,,2.5 mm,,,,,,,,,,,,
36337,BD022714057,90.0000,10,0.01,1,2 mm Princess Cut Black Diamond 25 Pc Lot,"Diamond lots at below wholesale prices from Alpha Imports. These all time popular lots are widely used by jewelers, designers, eBay sellers and hobbyists. Available in various size configurations. Please check the table below for more details about this lot.",,2 mm Princess Cut Black Diamond 25 Pc Lot,2 mm Princess Cut Black Diamond 25 Pc Lot,"2 mm Princess Cut, Black Diamond, 2 mm Black Diamond, Princess Cut Diamond",Black Diamonds,https://pub-f1751cc6619d4c769aceeaffe6043848.r2.dev/products/1786396701659-c0c2543a32fb6c85f8f980978b63b30b883e1aed5c39ba8fef885d9c9d7f8d63.gif,https://pub-f1751cc6619d4c769aceeaffe6043848.r2.dev/products/1786396701659-c0c2543a32fb6c85f8f980978b63b30b883e1aed5c39ba8fef885d9c9d7f8d63.gif,,,,,,Black,Black Diamond,,Good,Princess Cut,,,,Treated,,2 mm,,,,,,,,,,,,
36338,BD022714058,80.0000,8,0.01,1,2 mm Princess Cut Black Diamond 10 Pc Lot,"Diamond lots at below wholesale prices from Alpha Imports. These all time popular lots are widely used by jewelers, designers, eBay sellers and hobbyists. Available in various size configurations. Please check the table below for more details about this lot.",,2 mm Princess Cut Black Diamond 10 Pc Lot,2 mm Princess Cut Black Diamond 10 Pc Lot,"2 mm Princess Cut, Black Diamond, 2 mm Black Diamond, Princess Cut Diamond",Black Diamonds,https://pub-f1751cc6619d4c769aceeaffe6043848.r2.dev/products/1786396698384-4a55a42aab7495fcaf2e5610bd0ba5bdbf8fe30771c69fd78479078aed7ac98b.gif,https://pub-f1751cc6619d4c769aceeaffe6043848.r2.dev/products/1786396698384-4a55a42aab7495fcaf2e5610bd0ba5bdbf8fe30771c69fd78479078aed7ac98b.gif,,,,,,Black,Black Diamond,,Good,Princess Cut,,,,Treated,,2 mm,,,,,,,,,,,,
36339,BD022714059,20.0000,39,0.01,1,2 mm Princess Cut Black Diamond 5 Pc Lot,"Diamond lots at below wholesale prices from Alpha Imports. These all time popular lots are widely used by jewelers, designers, eBay sellers and hobbyists. Available in various size configurations. Please check the table below for more details about this lot.",,2 mm Princess Cut Black Diamond 5 Pc Lot,2 mm Princess Cut Black Diamond 5 Pc Lot,"2 mm Princess Cut, Black Diamond, 2 mm Black Diamond, Princess Cut Diamond",Black Diamonds,https://pub-f1751cc6619d4c769aceeaffe6043848.r2.dev/products/1786396700124-309026fd0612b39c8928c35d728f08ce5518be3bef9e5ad64463c2e7af985565.gif,https://pub-f1751cc6619d4c769aceeaffe6043848.r2.dev/products/1786396700124-309026fd0612b39c8928c35d728f08ce5518be3bef9e5ad64463c2e7af985565.gif,,,,,,Black,Black Diamond,,Good,Princess Cut,,,,Treated,,2 mm,,,,,,,,,,,,
36340,BD022714060,5.0000,184,0.01,1,2 mm Princess Cut Black Diamond,Buy Black diamonds at whole sale prices. Best deal on 2 mm Princess Cut Black Diamond.,,2 mm Princess Cut Black Diamond,2 mm Princess Cut Black Diamond,"2 mm Princess Cut, Black Diamond, 2 mm Black Diamond, Princess Cut Diamond",Black Diamonds,https://pub-f1751cc6619d4c769aceeaffe6043848.r2.dev/products/1786396688612-cab05d3b01fae5619ee42ffd48d665a3c1b764ed79e83f3ee05034f84233063e.gif,https://pub-f1751cc6619d4c769aceeaffe6043848.r2.dev/products/1786396688612-cab05d3b01fae5619ee42ffd48d665a3c1b764ed79e83f3ee05034f84233063e.gif,,,,,,Black,Black Diamond,,Good,Princess Cut,,,,Treated,,2 mm,,,,,,,,,,,,
36341,BD022714061,25.0000,200,0.01,1,1 mm Princess Cut Black Diamond 25 Pc Lot,"Diamond lots at below wholesale prices from Alpha Imports. These all time popular lots are widely used by jewelers, designers, eBay sellers and hobbyists. Available in various size configurations. Please check the table below for more details about this lot.",,1 mm Princess Cut Black Diamond 25 Pc Lot,1 mm Princess Cut Black Diamond 25 Pc Lot,"1 mm Princess Cut, Black Diamond, 1 mm Black Diamond, Princess Cut Diamond",Black Diamonds,https://pub-f1751cc6619d4c769aceeaffe6043848.r2.dev/products/1786396701659-c0c2543a32fb6c85f8f980978b63b30b883e1aed5c39ba8fef885d9c9d7f8d63.gif,https://pub-f1751cc6619d4c769aceeaffe6043848.r2.dev/products/1786396701659-c0c2543a32fb6c85f8f980978b63b30b883e1aed5c39ba8fef885d9c9d7f8d63.gif,,,,,,Black,Black Diamond,,Good,Princess Cut,,,,Treated,,1 mm,,,,,,,,,,,,
36342,BD022714062,24.0000,99,0.01,1,1 mm Princess Cut Black Diamond 10 Pc Lot,"Diamond lots at below wholesale prices from Alpha Imports. These all time popular lots are widely used by jewelers, designers, eBay sellers and hobbyists. Available in various size configurations. Please check the table below for more details about this lot.",,1 mm Princess Cut Black Diamond 10 Pc Lot,1 mm Princess Cut Black Diamond 10 Pc Lot,"1 mm Princess Cut, Black Diamond, 1 mm Black Diamond, Princess Cut Diamond",Black Diamonds,https://pub-f1751cc6619d4c769aceeaffe6043848.r2.dev/products/1786396698384-4a55a42aab7495fcaf2e5610bd0ba5bdbf8fe30771c69fd78479078aed7ac98b.gif,https://pub-f1751cc6619d4c769aceeaffe6043848.r2.dev/products/1786396698384-4a55a42aab7495fcaf2e5610bd0ba5bdbf8fe30771c69fd78479078aed7ac98b.gif,,,,,,Black,Black Diamond,,Good,Princess Cut,,,,Treated,,1 mm,,,,,,,,,,,,
36343,BD022714063,8.0000,170,0.01,1,1 mm Princess Cut Black Diamond 5 Pc Lot,"Diamond lots at below wholesale prices from Alpha Imports. These all time popular lots are widely used by jewelers, designers, eBay sellers and hobbyists. Available in various size configurations. Please check the table below for more details about this lot.",,1 mm Princess Cut Black Diamond 5 Pc Lot,1 mm Princess Cut Black Diamond 5 Pc Lot,"1 mm Princess Cut, Black Diamond, 1 mm Black Diamond, Princess Cut Diamond",Black Diamonds,https://pub-f1751cc6619d4c769aceeaffe6043848.r2.dev/products/1786396700124-309026fd0612b39c8928c35d728f08ce5518be3bef9e5ad64463c2e7af985565.gif,https://pub-f1751cc6619d4c769aceeaffe6043848.r2.dev/products/1786396700124-309026fd0612b39c8928c35d728f08ce5518be3bef9e5ad64463c2e7af985565.gif,,,,,,Black,Black Diamond,,Good,Princess Cut,,,,Treated,,1 mm,,,,,,,,,,,,
36344,BD022714064,2.0000,199,0.01,1,1 mm Princess Cut Black Diamond,Buy Black diamonds at whole sale prices. Best deal on 1 mm Princess Cut Black Diamond.,,1 mm Princess Cut Black Diamond,1 mm Princess Cut Black Diamond,"1 mm Princess Cut, Black Diamond, 1 mm Black Diamond, Princess Cut Diamond",Black Diamonds,https://pub-f1751cc6619d4c769aceeaffe6043848.r2.dev/products/1786396688612-cab05d3b01fae5619ee42ffd48d665a3c1b764ed79e83f3ee05034f84233063e.gif,https://pub-f1751cc6619d4c769aceeaffe6043848.r2.dev/products/1786396688612-cab05d3b01fae5619ee42ffd48d665a3c1b764ed79e83f3ee05034f84233063e.gif,,,,,,Black,Black Diamond,,Good,Princess Cut,,,,Treated,,1 mm,,,,,,,,,,,,
36345,BLD032814001,150.0000,9,0.01,1,1 Carat twt. Black Diamond Lot size 0.01-0.05 Ct.,"Diamond lots at below wholesale prices from Alpha Imports. These all time popular lots are widely used by jewelers, designers, eBay sellers and hobbyists. Available in various size configurations. Please check the table below for more details about this lot.",,1 Carat twt. Black Diamond Lot size 0.01-0.05 Ct.,1 Carat twt. Black Diamond Lot size 0.01-0.05 Ct.,"Black Diamonds, Lot, 1 carat, 0.01-0.05 Ct., Diamond Lot",Black Diamonds,https://pub-f1751cc6619d4c769aceeaffe6043848.r2.dev/products/1786396483492-020f9cf216558cacf73a2d0e5dd5f0d0958d4ee89c6663e02ae565581310880e.jpg,https://pub-f1751cc6619d4c769aceeaffe6043848.r2.dev/products/1786396483492-020f9cf216558cacf73a2d0e5dd5f0d0958d4ee89c6663e02ae565581310880e.jpg,,,,,,Black,Black Diamond,AAA,Very Good,Round,,Very Nice,10,Treated,Africa,,1 ct.,Opaque,,,,0.01-0.05 ct.,,,,,,
36346,BLD032814002,300.0000,19,0.01,1,3 Carat twt. Black Diamond Lot size 0.01-0.05 Ct.,"Diamond lots at below wholesale prices from Alpha Imports. These all time popular lots are widely used by jewelers, designers, eBay sellers and hobbyists. Available in various size configurations. Please check the table below for more details about this lot.",,3 Carat twt. Black Diamond Lot size 0.01-0.05 Ct.,3 Carat twt. Black Diamond Lot size 0.01-0.05 Ct.,"Black Diamonds, Lot, 3 carat, 0.01-0.05 Ct., Diamond Lot",Black Diamonds,https://pub-f1751cc6619d4c769aceeaffe6043848.r2.dev/products/1786396483492-020f9cf216558cacf73a2d0e5dd5f0d0958d4ee89c6663e02ae565581310880e.jpg,https://pub-f1751cc6619d4c769aceeaffe6043848.r2.dev/products/1786396483492-020f9cf216558cacf73a2d0e5dd5f0d0958d4ee89c6663e02ae565581310880e.jpg,,,,,,Black,Black Diamond,AAA,Very Good,Round,,Very Nice,10,Treated,Africa,,3 ct.,Opaque,,,,0.01-0.05 ct.,,,,,,
36347,BLD032814003,400.0000,18,0.01,1,5 Carat twt. Black Diamond Lot size 0.01-0.05 Ct.,"Diamond lots at below wholesale prices from Alpha Imports. These all time popular lots are widely used by jewelers, designers, eBay sellers and hobbyists. Available in various size configurations. Please check the table below for more details about this lot.",,5 Carat twt. Black Diamond Lot size 0.01-0.05 Ct.,5 Carat twt. Black Diamond Lot size 0.01-0.05 Ct.,"Black Diamonds, Lot, 5 carat, 0.01-0.05 Ct., Diamond Lot",Black Diamonds,https://pub-f1751cc6619d4c769aceeaffe6043848.r2.dev/products/1786396483492-020f9cf216558cacf73a2d0e5dd5f0d0958d4ee89c6663e02ae565581310880e.jpg,https://pub-f1751cc6619d4c769aceeaffe6043848.r2.dev/products/1786396483492-020f9cf216558cacf73a2d0e5dd5f0d0958d4ee89c6663e02ae565581310880e.jpg,,,,,,Black,Black Diamond,AAA,Very Good,Round,,Very Nice,10,Treated,Africa,,5 ct.,Opaque,,,,0.01-0.05 ct.,,,,,,
36348,BLD032814004,700.0000,20,0.01,1,10 Carat twt. Black Diamond Lot size 0.01-0.05 Ct.,"Diamond lots at below wholesale prices from Alpha Imports. These all time popular lots are widely used by jewelers, designers, eBay sellers and hobbyists. Available in various size configurations. Please check the table below for more details about this lot.",,10 Carat twt. Black Diamond Lot size 0.01-0.05 Ct.,10 Carat twt. Black Diamond Lot size 0.01-0.05 Ct.,"Black Diamonds, Lot, 10 carat, 0.01-0.05 Ct., Diamond Lot",Black Diamonds,https://pub-f1751cc6619d4c769aceeaffe6043848.r2.dev/products/1786396483492-020f9cf216558cacf73a2d0e5dd5f0d0958d4ee89c6663e02ae565581310880e.jpg,https://pub-f1751cc6619d4c769aceeaffe6043848.r2.dev/products/1786396483492-020f9cf216558cacf73a2d0e5dd5f0d0958d4ee89c6663e02ae565581310880e.jpg,,,,,,Black,Black Diamond,AAA,Very Good,Round,,Very Nice,10,Treated,Africa,,10 ct.,Opaque,,,,0.01-0.05 ct.,,,,,,
36549,BD101314001,63.0000,28,0.01,1,1.5 mm Princess Cut Black Diamond 10 Pc Lot,"Diamond lots at below wholesale prices from Alpha Imports. These all time popular lots are widely used by jewelers, designers, eBay sellers and hobbyists. Available in various size configurations. Please check the table below for more details about this lot.",,1.5 mm Princess Cut Black Diamond 10 Pc Lot,1.5 mm Princess Cut Black Diamond 10 Pc Lot,"1.5 mm Princess Cut, Black Diamond, 1.5 mm Black Diamond, Princess Cut Diamond",Black Diamonds,https://pub-f1751cc6619d4c769aceeaffe6043848.r2.dev/products/1786396698384-4a55a42aab7495fcaf2e5610bd0ba5bdbf8fe30771c69fd78479078aed7ac98b.gif,https://pub-f1751cc6619d4c769aceeaffe6043848.r2.dev/products/1786396698384-4a55a42aab7495fcaf2e5610bd0ba5bdbf8fe30771c69fd78479078aed7ac98b.gif,,,,,,Black,Black Diamond,,Good,Princess Cut,,,,Treated,,1.5 mm,,,,,,,,,,,,
36656,BDC021215001,1004.0000,10,0.01,1,5.02 Ct Round Black Diamond with Certificate,This is nice LARGE round Black Diamond with cerificate. Weight of this stone is:&nbsp;5.02 ct. Large black diamonds usually have some surface flaws. These flaws are small and negligible.,,5.02 Ct Round Black Diamond with Certificate,Unique 5.02 Ct Round Black Diamond with Certificate from your online diamond supplier Alpha Imports,"5.02 Ct black diamond, round black diamond, Certified Black Diamond",Black Diamonds,https://pub-f1751cc6619d4c769aceeaffe6043848.r2.dev/products/1786396516012-33de54cd471769639aec56ae850c7ef1808d9d57ad6b8a618142908e8a2b27dc.jpg,https://pub-f1751cc6619d4c769aceeaffe6043848.r2.dev/products/1786396516012-33de54cd471769639aec56ae850c7ef1808d9d57ad6b8a618142908e8a2b27dc.jpg,,,,,,Black,Diamond,,,Round,,,10,Irradiated,,,5.02 ct.,Opaque,,,,,,,,,,
36657,BDC021215002,402.0000,4,0.01,1,2.01 Ct Round Black Diamond with Certificate,This is nice LARGE round Black Diamond with cerificate. Weight of this stone is:&nbsp;2.01 ct. Large black diamonds usually have some surface flaws. These flaws are small and negligible.,,2.01 Ct Round Black Diamond with Certificate,Unique 2.01 Ct Round Black Diamond with Certificate from your online diamond supplier Alpha Imports,"2.01 Ct black diamond, round black diamond, Certified Black Diamond",Black Diamonds,https://pub-f1751cc6619d4c769aceeaffe6043848.r2.dev/products/1786396516012-33de54cd471769639aec56ae850c7ef1808d9d57ad6b8a618142908e8a2b27dc.jpg,https://pub-f1751cc6619d4c769aceeaffe6043848.r2.dev/products/1786396516012-33de54cd471769639aec56ae850c7ef1808d9d57ad6b8a618142908e8a2b27dc.jpg,,,,,,Black,Diamond,,,Round,,,10,Irradiated,,,2.01 ct.,Opaque,,,,,,,,,,
36680,BDM031715002,200.0000,9,0.01,1,1 Carat Marquise Black Diamond,Originated from the mines in Africa Nice luster 1 Carat Marquise shape Black Diamond. Black diamonds usually have some surface flaws. These flaws are small and negligible.,,1 Carat Marquise Black Diamond,1 Carat Marquise Black Diamond,"1, Black diamond, Marquise, Black Diamond",Black Diamonds,https://pub-f1751cc6619d4c769aceeaffe6043848.r2.dev/products/1786396687280-3c2fd320193299d4e8b8efd2282735e6ad5146ded04efb72006f4d8692f9c778.gif,https://pub-f1751cc6619d4c769aceeaffe6043848.r2.dev/products/1786396687280-3c2fd320193299d4e8b8efd2282735e6ad5146ded04efb72006f4d8692f9c778.gif,,,,,,Black,Black Diamond,,,Marquise,,,10,Irradiated,Africa,,1  ct.,Opaque,,,,,,,,,,
36681,BD031715003,1810.0000,2,0.01,1,9.05 Carat Round Black Diamond,Originated from the mines in Africa Nice luster 9.05 Carats Round Black Diamond. Large black diamonds usually have some surface flaws. These flaws are small and negligible.,,9.05 Carat Round Black Diamond,9.05 Carat Round Black Diamond,"9.05, Black diamond, Round black Diamond",Black Diamonds,https://pub-f1751cc6619d4c769aceeaffe6043848.r2.dev/products/1786396516012-33de54cd471769639aec56ae850c7ef1808d9d57ad6b8a618142908e8a2b27dc.jpg,https://pub-f1751cc6619d4c769aceeaffe6043848.r2.dev/products/1786396516012-33de54cd471769639aec56ae850c7ef1808d9d57ad6b8a618142908e8a2b27dc.jpg,,,,,,Black,Black Diamond,,,Round,,,10,Irradiated,Africa,,9.05  ct.,Opaque,,,,,,,,,,
36685,BDC031715007,524.2500,10,0.01,1,6.99 Carats Round Black Diamond Commercial Grade,"Originated from the mines in Africa Fair luster 6.99 Carats Round Black Diamond in commercial grade.Large commercial black diamonds usually have some surface flaws. These flaws can be scratch, nicks or chips.",,6.99 Carats Round Black  Diamond Commercial Grade,6.99 Carats Round Black  Diamond Commercial Grade,"6.99 Carats, Black, Round, Diamond, Commercial, Grade",Black Diamonds,https://pub-f1751cc6619d4c769aceeaffe6043848.r2.dev/products/1786396516012-33de54cd471769639aec56ae850c7ef1808d9d57ad6b8a618142908e8a2b27dc.jpg,https://pub-f1751cc6619d4c769aceeaffe6043848.r2.dev/products/1786396516012-33de54cd471769639aec56ae850c7ef1808d9d57ad6b8a618142908e8a2b27dc.jpg,,,,,,Black,Diamond,Commercial,,Round,Opaque,,10,,Africa,,6.99 ct.,,,,,,,,,,,
36716,BDL040815001,100.0000,100,0.01,1,1 Ct Twt Princess Cut Black Diamond in size 1 mm,Buy Black diamonds at whole sale prices. Best deal on 1 mm Princess Cut Black Diamond total weight 1 carat.,,1 Ct Twt Princess Cut Black Diamond in size 1 mm,1 Ct Twt Princess Cut Black Diamond in size 1 mm,"1 mm Princess Cut, Black Diamond, 1 mm Black Diamond, Princess Cut Diamond",Black Diamonds,https://pub-f1751cc6619d4c769aceeaffe6043848.r2.dev/products/1786396688612-cab05d3b01fae5619ee42ffd48d665a3c1b764ed79e83f3ee05034f84233063e.gif,https://pub-f1751cc6619d4c769aceeaffe6043848.r2.dev/products/1786396688612-cab05d3b01fae5619ee42ffd48d665a3c1b764ed79e83f3ee05034f84233063e.gif,,,,,,Black,Black Diamond,,Good,Princess Cut,,,,Treated,,1 mm,1 ct.,,,,,,,,,,,
36717,BDL040815002,100.0000,100,0.01,1,1 Ct Twt Princess Cut Black Diamond in size 1.25 mm,Buy Black diamonds at whole sale prices. Best deal on 1.25 mm Princess Cut Black Diamond total weight 1 carat.,,1 Ct Twt Princess Cut Black Diamond in size 1.25 mm,1 Ct Twt Princess Cut Black Diamond in size 1.25 mm,"1.25 mm Princess Cut, Black Diamond, 1.25 mm Black Diamond, Princess Cut Diamond",Black Diamonds,https://pub-f1751cc6619d4c769aceeaffe6043848.r2.dev/products/1786396688612-cab05d3b01fae5619ee42ffd48d665a3c1b764ed79e83f3ee05034f84233063e.gif,https://pub-f1751cc6619d4c769aceeaffe6043848.r2.dev/products/1786396688612-cab05d3b01fae5619ee42ffd48d665a3c1b764ed79e83f3ee05034f84233063e.gif,,,,,,Black,Black Diamond,,Good,Princess Cut,,,,Treated,,1.25 mm,1 ct.,,,,,,,,,,,
36718,BDL040815003,100.0000,100,0.01,1,1 Ct Twt Princess Cut Black Diamond in size 1.5 mm,Buy Black diamonds at whole sale prices. Best deal on 1.5 mm Princess Cut Black Diamond total weight 1 carat.,,1 Ct Twt Princess Cut Black Diamond in size 1.5 mm,1 Ct Twt Princess Cut Black Diamond in size 1.5 mm,"1.5 mm Princess Cut, Black Diamond, 1.5 mm Black Diamond, Princess Cut Diamond",Black Diamonds,https://pub-f1751cc6619d4c769aceeaffe6043848.r2.dev/products/1786396688612-cab05d3b01fae5619ee42ffd48d665a3c1b764ed79e83f3ee05034f84233063e.gif,https://pub-f1751cc6619d4c769aceeaffe6043848.r2.dev/products/1786396688612-cab05d3b01fae5619ee42ffd48d665a3c1b764ed79e83f3ee05034f84233063e.gif,,,,,,Black,Black Diamond,,Good,Princess Cut,,,,Treated,,1.5 mm,1 ct.,,,,,,,,,,,
36719,BDL040815004,100.0000,99,0.01,1,1 Ct Twt Princess Cut Black Diamond in size 1.75 mm,Buy Black diamonds at whole sale prices. Best deal on 1.75 mm Princess Cut Black Diamond total weight 1 carat.,,1 Ct Twt Princess Cut Black Diamond in size 1.75 mm,1 Ct Twt Princess Cut Black Diamond in size 1.75 mm,"1.75 mm Princess Cut, Black Diamond, 1.75 mm Black Diamond, Princess Cut Diamond",Black Diamonds,https://pub-f1751cc6619d4c769aceeaffe6043848.r2.dev/products/1786396688612-cab05d3b01fae5619ee42ffd48d665a3c1b764ed79e83f3ee05034f84233063e.gif,https://pub-f1751cc6619d4c769aceeaffe6043848.r2.dev/products/1786396688612-cab05d3b01fae5619ee42ffd48d665a3c1b764ed79e83f3ee05034f84233063e.gif,,,,,,Black,Black Diamond,,Good,Princess Cut,,,,Treated,,1.75 mm,1 ct.,,,,,,,,,,,
36720,BDL040815005,100.0000,99,0.01,1,1 Ct Twt Princess Cut Black Diamond in size 2 mm,Buy Black diamonds at whole sale prices. Best deal on 2 mm Princess Cut Black Diamond total weight 1 carat.,,1 Ct Twt Princess Cut Black Diamond in size 2 mm,1 Ct Twt Princess Cut Black Diamond in size 2 mm,"2 mm Princess Cut, Black Diamond, 2 mm Black Diamond, Princess Cut Diamond",Black Diamonds,https://pub-f1751cc6619d4c769aceeaffe6043848.r2.dev/products/1786396688612-cab05d3b01fae5619ee42ffd48d665a3c1b764ed79e83f3ee05034f84233063e.gif,https://pub-f1751cc6619d4c769aceeaffe6043848.r2.dev/products/1786396688612-cab05d3b01fae5619ee42ffd48d665a3c1b764ed79e83f3ee05034f84233063e.gif,,,,,,Black,Black Diamond,,Good,Princess Cut,,,,Treated,,2 mm,1 ct.,,,,,,,,,,,
36721,BDL040815006,100.0000,99,0.01,1,1 Ct Twt Princess Cut Black Diamond in size 2.25 mm,Buy Black diamonds at whole sale prices. Best deal on 2.25 mm Princess Cut Black Diamond total weight 1 carat.,,1 Ct Twt Princess Cut Black Diamond in size 2.25 mm,1 Ct Twt Princess Cut Black Diamond in size 2.25 mm,"2.25 mm Princess Cut, Black Diamond, 2.25 mm Black Diamond, Princess Cut Diamond",Black Diamonds,https://pub-f1751cc6619d4c769aceeaffe6043848.r2.dev/products/1786396688612-cab05d3b01fae5619ee42ffd48d665a3c1b764ed79e83f3ee05034f84233063e.gif,https://pub-f1751cc6619d4c769aceeaffe6043848.r2.dev/products/1786396688612-cab05d3b01fae5619ee42ffd48d665a3c1b764ed79e83f3ee05034f84233063e.gif,,,,,,Black,Black Diamond,,Good,Princess Cut,,,,Treated,,2.25 mm,1 ct.,,,,,,,,,,,
36722,BDL040815007,100.0000,100,0.01,1,1 Ct Twt Princess Cut Black Diamond in size 2.5 mm,Buy Black diamonds at whole sale prices. Best deal on 2.5 mm Princess Cut Black Diamond total weight 1 carat.,,1 Ct Twt Princess Cut Black Diamond in size 2.5 mm,1 Ct Twt Princess Cut Black Diamond in size 2.5 mm,"2.50 mm Princess Cut, Black Diamond, 2.5 mm Black Diamond, Princess Cut Diamond",Black Diamonds,https://pub-f1751cc6619d4c769aceeaffe6043848.r2.dev/products/1786396688612-cab05d3b01fae5619ee42ffd48d665a3c1b764ed79e83f3ee05034f84233063e.gif,https://pub-f1751cc6619d4c769aceeaffe6043848.r2.dev/products/1786396688612-cab05d3b01fae5619ee42ffd48d665a3c1b764ed79e83f3ee05034f84233063e.gif,,,,,,Black,Black Diamond,,Good,Princess Cut,,,,Treated,,2.5 mm,1 ct.,,,,,,,,,,,
36723,BDL040815008,100.0000,97,0.01,1,1 Ct Twt Princess Cut Black Diamond in size 2.75 mm,Buy Black diamonds at whole sale prices. Best deal on 2.75 mm Princess Cut Black Diamond total weight 1 carat.,,1 Ct Twt Princess Cut Black Diamond in size 2.75 mm,1 Ct Twt Princess Cut Black Diamond in size 2.75 mm,"2.75 mm Princess Cut, Black Diamond, 2.75 mm Black Diamond, Princess Cut Diamond",Black Diamonds,https://pub-f1751cc6619d4c769aceeaffe6043848.r2.dev/products/1786396688612-cab05d3b01fae5619ee42ffd48d665a3c1b764ed79e83f3ee05034f84233063e.gif,https://pub-f1751cc6619d4c769aceeaffe6043848.r2.dev/products/1786396688612-cab05d3b01fae5619ee42ffd48d665a3c1b764ed79e83f3ee05034f84233063e.gif,,,,,,Black,Black Diamond,,Good,Princess Cut,,,,Treated,,2.75 mm,1 ct.,,,,,,,,,,,
36724,BDL040815009,100.0000,99,0.01,1,1 Ct Twt Princess Cut Black Diamond in size 3 mm,Buy Black diamonds at whole sale prices. Best deal on 3 mm Princess Cut Black Diamond total weight 1 carat.,,1 Ct Twt Princess Cut Black Diamond in size 3 mm,1 Ct Twt Princess Cut Black Diamond in size 3 mm,"3 mm Princess Cut, Black Diamond, 3 mm Black Diamond, Princess Cut Diamond",Black Diamonds,https://pub-f1751cc6619d4c769aceeaffe6043848.r2.dev/products/1786396688612-cab05d3b01fae5619ee42ffd48d665a3c1b764ed79e83f3ee05034f84233063e.gif,https://pub-f1751cc6619d4c769aceeaffe6043848.r2.dev/products/1786396688612-cab05d3b01fae5619ee42ffd48d665a3c1b764ed79e83f3ee05034f84233063e.gif,,,,,,Black,Black Diamond,,Good,Princess Cut,,,,Treated,,3 mm,1 ct.,,,,,,,,,,,
36799,SSP060315001,49.9900,10,0.01,1,0.25 Carat Black Diamond Pendant in Sterling Silver,This is a genuine black diamond solitaire Pendant in sterling silver. approximately a 0.25 carat black diamond makes this Pendant a show stealer. The hottest look in jewelry Black Diamonds get their deep beauty from a special irradiation process. New trend!!,,0.25 Carat Black Diamond Pendant in Sterling Silver,0.25 Carat Black Diamond Pendant in Sterling Silver,"Black Diamond, Solitaire Pendant, Diamond Pendant, Black Diamond Solitaire",Silver Solitaire Pendants,https://pub-f1751cc6619d4c769aceeaffe6043848.r2.dev/products/1786396704080-6ef328d2b274833ae4c29c1a6bc8ffe79a315f0e171909696d62bc0b1e0735e5.jpg,https://pub-f1751cc6619d4c769aceeaffe6043848.r2.dev/products/1786396704080-6ef328d2b274833ae4c29c1a6bc8ffe79a315f0e171909696d62bc0b1e0735e5.jpg,,,,,,Black,Black Diamond,,,Round,,,,Irradiated,,,0.25 ct.,,Sterling Silver,,,,,,,,,
36800,SSP060315002,74.9900,10,0.01,1,0.50 Carat Black Diamond Pendant in Sterling Silver,This is a genuine black diamond solitaire Pendant in sterling silver. approximately a 0.50 carat black diamond makes this Pendant a show stealer. The hottest look in jewelry Black Diamonds get their deep beauty from a special irradiation process. New trend!!,,0.50 Carat Black Diamond Pendant in Sterling Silver,0.50 Carat Black Diamond Pendant in Sterling Silver,"Black Diamond, Solitaire Pendant, Diamond Pendant, Black Diamond Solitaire",Silver Solitaire Pendants,https://pub-f1751cc6619d4c769aceeaffe6043848.r2.dev/products/1786396704080-6ef328d2b274833ae4c29c1a6bc8ffe79a315f0e171909696d62bc0b1e0735e5.jpg,https://pub-f1751cc6619d4c769aceeaffe6043848.r2.dev/products/1786396704080-6ef328d2b274833ae4c29c1a6bc8ffe79a315f0e171909696d62bc0b1e0735e5.jpg,,,,,,Black,Black Diamond,,,Round,,,,Irradiated,,,0.50 ct.,,Sterling Silver,,,,,,,,,
36801,SSP060315003,99.0000,0,0.01,1,1 Carat Black Diamond Pendant in Sterling Silver,This is a genuine black diamond solitaire Pendant in sterling silver. approximately a 1 carat black diamond makes this Pendant a show stealer. The hottest look in jewelry Black Diamonds get their deep beauty from a special irradiation process. New trend!!,,1 Carat Black Diamond Pendant in Sterling Silver,1 Carat Black Diamond Pendant in Sterling Silver,"Black Diamond, Solitaire Pendant, Diamond Pendant, Black Diamond Solitaire",Silver Solitaire Pendants,https://pub-f1751cc6619d4c769aceeaffe6043848.r2.dev/products/1786396704080-6ef328d2b274833ae4c29c1a6bc8ffe79a315f0e171909696d62bc0b1e0735e5.jpg,https://pub-f1751cc6619d4c769aceeaffe6043848.r2.dev/products/1786396704080-6ef328d2b274833ae4c29c1a6bc8ffe79a315f0e171909696d62bc0b1e0735e5.jpg,,,,,,Black,Black Diamond,,,Round,,,,Irradiated,,,1 ct.,,Sterling Silver,,,,,,,,,
36802,SSP060315004,199.0000,9,0.01,1,2 Carat Black Diamond Pendant in Sterling Silver,This is a genuine black diamond solitaire Pendant in sterling silver. approximately a 2 carat black diamond makes this Pendant a show stealer. The hottest look in jewelry Black Diamonds get their deep beauty from a special irradiation process. New trend!!,,2 Carat Black Diamond Pendant in Sterling Silver,2 Carat Black Diamond Pendant in Sterling Silver,"Black Diamond, Solitaire Pendant, Diamond Pendant, Black Diamond Solitaire",Silver Solitaire Pendants,https://pub-f1751cc6619d4c769aceeaffe6043848.r2.dev/products/1786396704080-6ef328d2b274833ae4c29c1a6bc8ffe79a315f0e171909696d62bc0b1e0735e5.jpg,https://pub-f1751cc6619d4c769aceeaffe6043848.r2.dev/products/1786396704080-6ef328d2b274833ae4c29c1a6bc8ffe79a315f0e171909696d62bc0b1e0735e5.jpg,,,,,,Black,Black Diamond,,,Round,,,,Irradiated,,,2 ct.,,Sterling Silver,,,,,,,,,
36810,BDM061715001,690.0000,6,0.01,1,3.45 Carat Marquise Black Diamond,Originated from the mines in Africa Nice luster 3.45 Carat Marquise shape Black Diamond. Black diamonds usually have some surface flaws. These flaws are small and negligible.,,3.45 Carat Marquise Black Diamond,3.45 Carat Marquise Black Diamond,"3.45, Black diamond, Marquise, Black Diamond",Black Diamonds,https://pub-f1751cc6619d4c769aceeaffe6043848.r2.dev/products/1786396687280-3c2fd320193299d4e8b8efd2282735e6ad5146ded04efb72006f4d8692f9c778.gif,https://pub-f1751cc6619d4c769aceeaffe6043848.r2.dev/products/1786396687280-3c2fd320193299d4e8b8efd2282735e6ad5146ded04efb72006f4d8692f9c778.gif,,,,,,Black,Black Diamond,,,Marquise,,,10,Irradiated,Africa,15x7 mm,3.45 ct.,Opaque,,,,,,,,,,
36811,BD061715002,2370.0000,10,0.01,1,11.85 Carat Square Octagon Black Diamond,Originated from the mines in Africa Nice luster 11.85 Carat Square Octagon shape Black Diamond. Black diamonds usually have some surface flaws. These flaws are small and negligible.,,11.85 Carat Square Octagon Black Diamond,11.85 Carat Square Octagon Black Diamond,"11.85, Black diamond, Marquise, Black Diamond",Black Diamonds,https://pub-f1751cc6619d4c769aceeaffe6043848.r2.dev/products/1786396705558-b262e9e4359dad34eb071626976747dd586b9e11243519eb40423aa7a7b5bdea.gif,https://pub-f1751cc6619d4c769aceeaffe6043848.r2.dev/products/1786396705558-b262e9e4359dad34eb071626976747dd586b9e11243519eb40423aa7a7b5bdea.gif,,,,,,Black,Black Diamond,,,Square Octagon,,,10,Irradiated,Africa,12x12 mm,11.85 ct.,Opaque,,,,,,,,,,
36812,BD061715003,1480.0000,10,0.01,1,7.40 Ct Twt Round Black Diamond Pair,Originated from the mines in Africa Nice luster 7.40 Carats Round Black Diamond Pair. Black diamonds usually have some surface flaws.,,7.40 Carats Round Black Diamond Pair,7.40 Carats Round Black Diamond Pair,"7.40 Carats, Black, Round, Diamond",Black Diamonds,https://pub-f1751cc6619d4c769aceeaffe6043848.r2.dev/products/1786396707457-0a2509e10838af2349200812c12e8b1e19f2b40a68dfe3a818f72b266e8ebdd8.gif,https://pub-f1751cc6619d4c769aceeaffe6043848.r2.dev/products/1786396707457-0a2509e10838af2349200812c12e8b1e19f2b40a68dfe3a818f72b266e8ebdd8.gif,,,,,,Black,Diamond,,,Round,Opaque,,10,,Africa,,7.40 ct.,,,,,,,,,,,
36813,BDL062315001,40.0000,53,0.01,1,1.25 mm Round Black Diamond 25 Piece Lot AAA Grade,"Black Diamond lots at below wholesale prices from Alpha Imports. Save big on Black Diamonds. Best deal on Black Diamonds lots in straight sizes. These all time popular black diamond lots are widely used by jewelers, designers, eBay sellers and hobbyists.",,1.25 mm Round Black Diamond 25 Piece Lot AAA Grade,"Best deal on 1.25 mm Round Black Diamond 25 Piece Lot AAA Grade-from Alpha Imports, New york","1.25 mm Black diamond, Round black Diamond, aaa black diamond, wholesale diamonds",Black Diamonds,https://pub-f1751cc6619d4c769aceeaffe6043848.r2.dev/products/1786396666908-b0cb8231798599bb7735c840b35740782b29c97320d31f5dd54de3d62b9099a1.gif,https://pub-f1751cc6619d4c769aceeaffe6043848.r2.dev/products/1786396666908-b0cb8231798599bb7735c840b35740782b29c97320d31f5dd54de3d62b9099a1.gif,,,,,,Black,Black Diamond,AAA,Good,Round,,Good,10,Irradiated,,1.25 mm,,Opaque,,,,,,,,,,
36814,BDL062315002,20.0000,96,0.01,1,1.25 mm Round Black Diamond 10 Piece Lot AAA Grade,"Black Diamond lots at below wholesale prices from Alpha Imports. Save big on Black Diamonds. Best deal on Black Diamonds lots in straight sizes. These all time popular black diamond lots are widely used by jewelers, designers, eBay sellers and hobbyists.",,1.25 mm Round Black Diamond 10 Piece Lot AAA Grade,"Best deal on 1.25 mm Round Black Diamond 10 Piece Lot AAA Grade-from Alpha Imports, New york","1.25 mm Black diamond, Round black Diamond, aaa black diamond, wholesale diamonds",Black Diamonds,https://pub-f1751cc6619d4c769aceeaffe6043848.r2.dev/products/1786396665141-84822d16657bee24f74f23f7fbbcbd3792fe8a20b979770ca7797508dc38f18a.gif,https://pub-f1751cc6619d4c769aceeaffe6043848.r2.dev/products/1786396665141-84822d16657bee24f74f23f7fbbcbd3792fe8a20b979770ca7797508dc38f18a.gif,,,,,,Black,Black Diamond,AAA,Good,Round,,Good,10,Irradiated,,1.25 mm,,Opaque,,,,,,,,,,
36815,BDL062315003,30.0000,71,0.01,1,1 mm Round Black Diamond 25 Piece Lot AAA Grade,"Black Diamond lots at below wholesale prices from Alpha Imports. Save big on Black Diamonds. Best deal on Black Diamonds lots in straight sizes. These all time popular black diamond lots are widely used by jewelers, designers, eBay sellers and hobbyists.",,1 mm Round Black Diamond 25 Piece Lot AAA Grade,"Best deal on 1 mm Round Black Diamond 25 Piece Lot AAA Grade-from Alpha Imports, New york","1 mm Black diamond, Round black Diamond, aaa black diamond, wholesale diamonds",Black Diamonds,https://pub-f1751cc6619d4c769aceeaffe6043848.r2.dev/products/1786396666908-b0cb8231798599bb7735c840b35740782b29c97320d31f5dd54de3d62b9099a1.gif,https://pub-f1751cc6619d4c769aceeaffe6043848.r2.dev/products/1786396666908-b0cb8231798599bb7735c840b35740782b29c97320d31f5dd54de3d62b9099a1.gif,,,,,,Black,Black Diamond,AAA,Good,Round,,Good,10,Irradiated,,1 mm,,Opaque,,,,,,,,,,
36816,BDL062315004,15.0000,106,0.01,1,1 mm Round Black Diamond 10 Piece Lot AAA Grade,"Black Diamond lots at below wholesale prices from Alpha Imports. Save big on Black Diamonds. Best deal on Black Diamonds lots in straight sizes. These all time popular black diamond lots are widely used by jewelers, designers, eBay sellers and hobbyists.",,1 mm Round Black Diamond 10 Piece Lot AAA Grade,"Best deal on 1 mm Round Black Diamond 10 Piece Lot AAA Grade-from Alpha Imports, New york","1 mm Black diamond, Round black Diamond, aaa black diamond, wholesale diamonds",Black Diamonds,https://pub-f1751cc6619d4c769aceeaffe6043848.r2.dev/products/1786396665141-84822d16657bee24f74f23f7fbbcbd3792fe8a20b979770ca7797508dc38f18a.gif,https://pub-f1751cc6619d4c769aceeaffe6043848.r2.dev/products/1786396665141-84822d16657bee24f74f23f7fbbcbd3792fe8a20b979770ca7797508dc38f18a.gif,,,,,,Black,Black Diamond,AAA,Good,Round,,Good,10,Irradiated,,1 mm,,Opaque,,,,,,,,,,
36910,BD072915005,2.2500,475,0.01,1,1.25 mm Black Round Diamond AAA,Originated from the mines in Africa Nice luster&nbsp;1.25 mm&nbsp;Black Round AAA Diamond.,,1.25 mm Black Round Diamond AAA,1.25 mm Black Round Diamond AAA,"1.25 mm Black diamond, Round black Diamond, aaa black diamond",Black Diamonds,https://pub-f1751cc6619d4c769aceeaffe6043848.r2.dev/products/1786396516012-33de54cd471769639aec56ae850c7ef1808d9d57ad6b8a618142908e8a2b27dc.jpg,https://pub-f1751cc6619d4c769aceeaffe6043848.r2.dev/products/1786396516012-33de54cd471769639aec56ae850c7ef1808d9d57ad6b8a618142908e8a2b27dc.jpg,,,,,,Black,Black Diamond,AAA,Brilliant,Round,,Fair,10,Irradiated,,1.25 mm,,Opaque,,,,,,,,,,
36911,BD072915006,1.7500,336,0.01,1,1 mm Black Round Diamond AAA,Originated from the mines in Africa Nice luster&nbsp;1 mm&nbsp;Black Round AAA Diamond.,,1 mm Black Round Diamond AAA,1 mm Black Round Diamond AAA,"1 mm Black diamond, Round black Diamond, aaa black diamond",Black Diamonds,https://pub-f1751cc6619d4c769aceeaffe6043848.r2.dev/products/1786396516012-33de54cd471769639aec56ae850c7ef1808d9d57ad6b8a618142908e8a2b27dc.jpg,https://pub-f1751cc6619d4c769aceeaffe6043848.r2.dev/products/1786396516012-33de54cd471769639aec56ae850c7ef1808d9d57ad6b8a618142908e8a2b27dc.jpg,,,,,,Black,Black Diamond,AAA,Brilliant,Round,,Fair,10,Irradiated,,1 mm,,Opaque,,,,,,,,,,
36912,BD072915007,1.0000,464,0.01,1,3/4 mm Black Round Diamond AAA,Originated from the mines in Africa Nice luster&nbsp;3/4 mm&nbsp;Black Round AAA Diamond.,,3/4 mm Black Round Diamond AAA,3/4 mm Black Round Diamond AAA,"3/4 mm Black diamond, Round black Diamond, aaa black diamond",Black Diamonds,https://pub-f1751cc6619d4c769aceeaffe6043848.r2.dev/products/1786396516012-33de54cd471769639aec56ae850c7ef1808d9d57ad6b8a618142908e8a2b27dc.jpg,https://pub-f1751cc6619d4c769aceeaffe6043848.r2.dev/products/1786396516012-33de54cd471769639aec56ae850c7ef1808d9d57ad6b8a618142908e8a2b27dc.jpg,,,,,,Black,Black Diamond,AAA,Brilliant,Round,,Fair,10,Irradiated,,0.75 mm (3/4 mm),,Opaque,,,,,,,,,,
36913,BD072915008,1.0000,494,0.01,1,1/2 mm Black Round Diamond AAA,Originated from the mines in Africa Nice luster&nbsp;1/2 mm&nbsp;Black Round AAA Diamond.,,1/2 mm Black Round Diamond AAA,1/2 mm Black Round Diamond AAA,"1/2 mm Black diamond, Round black Diamond, aaa black diamond",Black Diamonds,https://pub-f1751cc6619d4c769aceeaffe6043848.r2.dev/products/1786396516012-33de54cd471769639aec56ae850c7ef1808d9d57ad6b8a618142908e8a2b27dc.jpg,https://pub-f1751cc6619d4c769aceeaffe6043848.r2.dev/products/1786396516012-33de54cd471769639aec56ae850c7ef1808d9d57ad6b8a618142908e8a2b27dc.jpg,,,,,,Black,Black Diamond,AAA,Brilliant,Round,,Fair,10,Irradiated,,0.5 mm (1/2 mm),,Opaque,,,,,,,,,,
36914,BDL072915009,8.0000,129,0.01,1,3/4 mm Round Black Diamond 10 Piece Lot AAA Grade,"Black Diamond lots at below wholesale prices from Alpha Imports. Save big on Black Diamonds. Best deal on Black Diamonds lots in straight sizes. These all time popular black diamond lots are widely used by jewelers, designers, eBay sellers and hobbyists.",,3/4 mm Round Black Diamond 10 Piece Lot AAA Grade,"Best deal on 3/4 mm Round Black Diamond 10 Piece Lot AAA Grade-from Alpha Imports, New york","3/4 mm Black diamond, Round black Diamond, aaa black diamond, wholesale diamonds",Black Diamonds,https://pub-f1751cc6619d4c769aceeaffe6043848.r2.dev/products/1786396665141-84822d16657bee24f74f23f7fbbcbd3792fe8a20b979770ca7797508dc38f18a.gif,https://pub-f1751cc6619d4c769aceeaffe6043848.r2.dev/products/1786396665141-84822d16657bee24f74f23f7fbbcbd3792fe8a20b979770ca7797508dc38f18a.gif,,,,,,Black,Black Diamond,AAA,Good,Round,,Good,10,Irradiated,,0.75 mm (3/4 mm),,Opaque,,,,,,,,,,
36915,BDL072915010,8.0000,128,0.01,1,1/2 mm Round Black Diamond 10 Piece Lot AAA Grade,"Black Diamond lots at below wholesale prices from Alpha Imports. Save big on Black Diamonds. Best deal on Black Diamonds lots in straight sizes. These all time popular black diamond lots are widely used by jewelers, designers, eBay sellers and hobbyists.",,1/2 mm Round Black Diamond 10 Piece Lot AAA Grade,"Best deal on 1/2 mm Round Black Diamond 10 Piece Lot AAA Grade-from Alpha Imports, New york","1/2 mm Black diamond, Round black Diamond, aaa black diamond, wholesale diamonds",Black Diamonds,https://pub-f1751cc6619d4c769aceeaffe6043848.r2.dev/products/1786396665141-84822d16657bee24f74f23f7fbbcbd3792fe8a20b979770ca7797508dc38f18a.gif,https://pub-f1751cc6619d4c769aceeaffe6043848.r2.dev/products/1786396665141-84822d16657bee24f74f23f7fbbcbd3792fe8a20b979770ca7797508dc38f18a.gif,,,,,,Black,Black Diamond,AAA,Good,Round,,Good,10,Irradiated,,0.5 mm (1/2 mm),,Opaque,,,,,,,,,,
36927,BLD080315001,120.0000,24,0.01,1,1 Carat Twt P/Cut Black Diamond Lot size 1 - 2.5 mm,"Diamond lots at below wholesale prices from Alpha Imports. These all time popular lots are widely used by jewelers, designers, eBay sellers and hobbyists. Available in various size configurations. Please check the table below for more details about this lot.",,1 Carat twt P/Cut Black Diamond Lot size 1 - 2.5 mm,1 Carat twt P/Cut Black Diamond Lot size 1 - 2.5 mm,"Black Diamonds, Lot, 1 carat, 1 - 2.5 mm, Diamond Lot",Black Diamonds,https://pub-f1751cc6619d4c769aceeaffe6043848.r2.dev/products/1786396709300-a0ddd3843642f5f271f89d8063a8bf2f48163990ccfcef70e2c9e286227411be.gif,https://pub-f1751cc6619d4c769aceeaffe6043848.r2.dev/products/1786396709300-a0ddd3843642f5f271f89d8063a8bf2f48163990ccfcef70e2c9e286227411be.gif,,,,,,Black,Black Diamond,AAA,Very Good,Princess Cut,,Very Nice,10,Treated,Africa,,1 ct.,Opaque,,,,,1-2.5 mm,,,,,
36986,BD090215001,100.0000,91,0.01,1,0.50 Carats Black Round Diamond AAA,Originated from the mines in Africa Nice luster 0.50 Carats Black Round AAA Diamond.,,0.50 Carats Black Round Diamond AAA,0.50 Carats Black Round Diamond AAA,"0.50 Black diamond, Round black Diamond, aaa black diamond",Black Diamonds,https://pub-f1751cc6619d4c769aceeaffe6043848.r2.dev/products/1786396516012-33de54cd471769639aec56ae850c7ef1808d9d57ad6b8a618142908e8a2b27dc.jpg,https://pub-f1751cc6619d4c769aceeaffe6043848.r2.dev/products/1786396516012-33de54cd471769639aec56ae850c7ef1808d9d57ad6b8a618142908e8a2b27dc.jpg,,,,,,Black,Black Diamond,AAA,Brilliant,Round,,Fair,10,Irradiated,Africa,,0.50 ct.,Opaque,,,,,,,,,,
36987,BD091015001,368.0000,4,0.01,1,1.84 Carat Certified Black Diamond AAA Grade,Nice luster 1.84 Carat AAA Grade Round Black Diamond. Comes with a copy of certificate.,,1.84 Carat Certified Black Diamond AAA Grade,1.84 Carat Certified Black Diamond AAA Grade,"1.84 Black diamond, Round black Diamond, aaa black diamond",Black Diamonds,https://pub-f1751cc6619d4c769aceeaffe6043848.r2.dev/products/1786396516012-33de54cd471769639aec56ae850c7ef1808d9d57ad6b8a618142908e8a2b27dc.jpg,https://pub-f1751cc6619d4c769aceeaffe6043848.r2.dev/products/1786396516012-33de54cd471769639aec56ae850c7ef1808d9d57ad6b8a618142908e8a2b27dc.jpg,,,,,,Black,Black Diamond,AAA,Brilliant,Round,,Fair,,Irradiated,,,1.84 ct.,Opaque,,,,,,,,,,
36988,BD091015002,512.0000,10,0.01,1,2.56 Carat Certified Black Diamond AAA Grade,Nice luster 2.56 Carat AAA Grade Round Black Diamond. Comes with a copy of certificate.,,2.56 Carat Certified Black Diamond AAA Grade,2.56 Carat Certified Black Diamond AAA Grade,"2.56 Black diamond, Round black Diamond, aaa black diamond",Black Diamonds,https://pub-f1751cc6619d4c769aceeaffe6043848.r2.dev/products/1786396516012-33de54cd471769639aec56ae850c7ef1808d9d57ad6b8a618142908e8a2b27dc.jpg,https://pub-f1751cc6619d4c769aceeaffe6043848.r2.dev/products/1786396516012-33de54cd471769639aec56ae850c7ef1808d9d57ad6b8a618142908e8a2b27dc.jpg,,,,,,Black,Black Diamond,AAA,Brilliant,Round,,Fair,,Irradiated,,,2.56 ct.,Opaque,,,,,,,,,,
37016,BD100815001,1220.0000,10,0.01,1,6.10 Carat Round Black Diamond AAA Grade,Nice luster 6.10 Carat AAA Grade Round Black Diamond.,,6.10 Carat Certified Black Diamond AAA Grade,6.10 Carat Certified Black Diamond AAA Grade,"6.10 Black diamond, Round black Diamond, aaa black diamond",Black Diamonds,https://pub-f1751cc6619d4c769aceeaffe6043848.r2.dev/products/1786396516012-33de54cd471769639aec56ae850c7ef1808d9d57ad6b8a618142908e8a2b27dc.jpg,https://pub-f1751cc6619d4c769aceeaffe6043848.r2.dev/products/1786396516012-33de54cd471769639aec56ae850c7ef1808d9d57ad6b8a618142908e8a2b27dc.jpg,,,,,,Black,Black Diamond,AAA,Brilliant,Round,,Good,,Irradiated,,12 mm,6.10 ct.,Opaque,,,,,,,,,,
37017,BD100815002,540.0000,19,0.01,1,2.70 Carat Oval Black Diamond AAA Grade,Nice luster 2.70 Carat AAA Grade Oval Black Diamond.,,2.70 Carat Oval Black Diamond AAA Grade,2.70 Carat Oval Black Diamond AAA Grade,"2.70 Black diamond, Oval black Diamond, aaa black diamond",Black Diamonds,https://pub-f1751cc6619d4c769aceeaffe6043848.r2.dev/products/1786396711142-3740014a9571c71eeb4cbf0e1e49da78c5846cff6e5390e7373d27c691608564.gif,https://pub-f1751cc6619d4c769aceeaffe6043848.r2.dev/products/1786396711142-3740014a9571c71eeb4cbf0e1e49da78c5846cff6e5390e7373d27c691608564.gif,,,,,,Black,Black Diamond,AAA,Good,Oval,,Good,,Irradiated,,9x7 mm,2.70 ct.,Opaque,,,,,,,,,,
37095,BDN022416001,1120.0000,10,0.01,1,5.60 Carat Round Black Diamond AAA Grade,Get the best value for your money. Buy Black Diamonds at below whole sale prices. Nice luster 5.60 Carat AAA Grade Round Black Diamond.,,5.60 Carat Certified Black Diamond AAA Grade,5.60 Carat Certified Black Diamond AAA Grade,"5.60 Black diamond, Round black Diamond, aaa black diamond",Black Diamonds,https://pub-f1751cc6619d4c769aceeaffe6043848.r2.dev/products/1786396712987-f5711b4f43f1ff1c81ab127e1bfdbb1b79fdaa105fa59c61553e074905d6b468.gif,https://pub-f1751cc6619d4c769aceeaffe6043848.r2.dev/products/1786396712987-f5711b4f43f1ff1c81ab127e1bfdbb1b79fdaa105fa59c61553e074905d6b468.gif,,,,,,Black,Black Diamond,AAA,Brilliant,Round,,Good,,Irradiated,,,5.60 ct.,Opaque,,,,,,,,,,
37097,BDN022416002,890.0000,10,0.01,1,4.45 Carat Round Black Diamond AAA Grade,Get the best value for your money. Buy Black Diamonds at below whole sale prices. Nice luster 4.45 Carat AAA Grade Round Black Diamond.,,4.45 Carat Certified Black Diamond AAA Grade,4.45 Carat Certified Black Diamond AAA Grade,"4.45 Black diamond, Round black Diamond, aaa black diamond",Black Diamonds,https://pub-f1751cc6619d4c769aceeaffe6043848.r2.dev/products/1786396712987-f5711b4f43f1ff1c81ab127e1bfdbb1b79fdaa105fa59c61553e074905d6b468.gif,https://pub-f1751cc6619d4c769aceeaffe6043848.r2.dev/products/1786396712987-f5711b4f43f1ff1c81ab127e1bfdbb1b79fdaa105fa59c61553e074905d6b468.gif,,,,,,Black,Black Diamond,AAA,Brilliant,Round,,Good,,Irradiated,,,4.45 ct.,Opaque,,,,,,,,,,
37098,BDN022416003,930.0000,10,0.01,1,4.65 Carat Round Black Diamond AAA Grade,Get the best value for your money. Buy Black Diamonds at below whole sale prices. Nice luster 4.65 Carat AAA Grade Round Black Diamond.,,4.65 Carat Certified Black Diamond AAA Grade,4.65 Carat Certified Black Diamond AAA Grade,"4.65 Black diamond, Round black Diamond, aaa black diamond",Black Diamonds,https://pub-f1751cc6619d4c769aceeaffe6043848.r2.dev/products/1786396712987-f5711b4f43f1ff1c81ab127e1bfdbb1b79fdaa105fa59c61553e074905d6b468.gif,https://pub-f1751cc6619d4c769aceeaffe6043848.r2.dev/products/1786396712987-f5711b4f43f1ff1c81ab127e1bfdbb1b79fdaa105fa59c61553e074905d6b468.gif,,,,,,Black,Black Diamond,AAA,Brilliant,Round,,Good,,Irradiated,,,4.65 ct.,Opaque,,,,,,,,,,
37099,BDN022416004,840.0000,10,0.01,1,4.20 Carat Round Black Diamond AAA Grade,Get the best value for your money. Buy Black Diamonds at below whole sale prices. Nice luster 4.20 Carat AAA Grade Round Black Diamond.,,4.20 Carat Certified Black Diamond AAA Grade,4.20 Carat Certified Black Diamond AAA Grade,"4.20 Black diamond, Round black Diamond, aaa black diamond",Black Diamonds,https://pub-f1751cc6619d4c769aceeaffe6043848.r2.dev/products/1786396712987-f5711b4f43f1ff1c81ab127e1bfdbb1b79fdaa105fa59c61553e074905d6b468.gif,https://pub-f1751cc6619d4c769aceeaffe6043848.r2.dev/products/1786396712987-f5711b4f43f1ff1c81ab127e1bfdbb1b79fdaa105fa59c61553e074905d6b468.gif,,,,,,Black,Black Diamond,AAA,Brilliant,Round,,Good,,Irradiated,,,4.20 ct.,Opaque,,,,,,,,,,
37100,BDN022416005,880.0000,10,0.01,1,4.40 Carat Round Black Diamond AAA Grade,Get the best value for your money. Buy Black Diamonds at below whole sale prices. Nice luster 4.40 Carat AAA Grade Round Black Diamond.,,4.40 Carat Certified Black Diamond AAA Grade,4.40 Carat Certified Black Diamond AAA Grade,"4.40 Black diamond, Round black Diamond, aaa black diamond",Black Diamonds,https://pub-f1751cc6619d4c769aceeaffe6043848.r2.dev/products/1786396712987-f5711b4f43f1ff1c81ab127e1bfdbb1b79fdaa105fa59c61553e074905d6b468.gif,https://pub-f1751cc6619d4c769aceeaffe6043848.r2.dev/products/1786396712987-f5711b4f43f1ff1c81ab127e1bfdbb1b79fdaa105fa59c61553e074905d6b468.gif,,,,,,Black,Black Diamond,AAA,Brilliant,Round,,Good,,Irradiated,,,4.40 ct.,Opaque,,,,,,,,,,
37101,BDN022416006,830.0000,10,0.01,1,4.15 Carat Round Black Diamond AAA Grade,Get the best value for your money. Buy Black Diamonds at below whole sale prices. Nice luster 4.15 Carat AAA Grade Round Black Diamond.,,4.15 Carat Certified Black Diamond AAA Grade,4.15 Carat Certified Black Diamond AAA Grade,"4.15 Black diamond, Round black Diamond, aaa black diamond",Black Diamonds,https://pub-f1751cc6619d4c769aceeaffe6043848.r2.dev/products/1786396712987-f5711b4f43f1ff1c81ab127e1bfdbb1b79fdaa105fa59c61553e074905d6b468.gif,https://pub-f1751cc6619d4c769aceeaffe6043848.r2.dev/products/1786396712987-f5711b4f43f1ff1c81ab127e1bfdbb1b79fdaa105fa59c61553e074905d6b468.gif,,,,,,Black,Black Diamond,AAA,Brilliant,Round,,Good,,Irradiated,,,4.15 ct.,Opaque,,,,,,,,,,
37102,BDN022416007,1010.0000,10,0.01,1,5.05 Carat Round Black Diamond AAA Grade,Get the best value for your money. Buy Black Diamonds at below whole sale prices. Nice luster 5.05 Carat AAA Grade Round Black Diamond.,,5.05 Carat Certified Black Diamond AAA Grade,5.05 Carat Certified Black Diamond AAA Grade,"5.05 Black diamond, Round black Diamond, aaa black diamond",Black Diamonds,https://pub-f1751cc6619d4c769aceeaffe6043848.r2.dev/products/1786396712987-f5711b4f43f1ff1c81ab127e1bfdbb1b79fdaa105fa59c61553e074905d6b468.gif,https://pub-f1751cc6619d4c769aceeaffe6043848.r2.dev/products/1786396712987-f5711b4f43f1ff1c81ab127e1bfdbb1b79fdaa105fa59c61553e074905d6b468.gif,,,,,,Black,Black Diamond,AAA,Brilliant,Round,,Good,,Irradiated,,,5.05 ct.,Opaque,,,,,,,,,,
37103,BDN022416008,630.0000,19,0.01,1,3.15 Carat Round Black Diamond AAA Grade,Get the best value for your money. Buy Black Diamonds at below whole sale prices. Nice luster 3.15 Carat AAA Grade Round Black Diamond.,,3.15 Carat Certified Black Diamond AAA Grade,3.15 Carat Certified Black Diamond AAA Grade,"3.15 Black diamond, Round black Diamond, aaa black diamond",Black Diamonds,https://pub-f1751cc6619d4c769aceeaffe6043848.r2.dev/products/1786396712987-f5711b4f43f1ff1c81ab127e1bfdbb1b79fdaa105fa59c61553e074905d6b468.gif,https://pub-f1751cc6619d4c769aceeaffe6043848.r2.dev/products/1786396712987-f5711b4f43f1ff1c81ab127e1bfdbb1b79fdaa105fa59c61553e074905d6b468.gif,,,,,,Black,Black Diamond,AAA,Brilliant,Round,,Good,,Irradiated,,,3.15 ct.,Opaque,,,,,,,,,,
37104,BDN022416009,560.0000,20,0.01,1,2.80 Carat Round Black Diamond AAA Grade,Get the best value for your money. Buy Black Diamonds at below whole sale prices. Nice luster 2.80 Carat AAA Grade Round Black Diamond.,,2.80 Carat Certified Black Diamond AAA Grade,2.80 Carat Certified Black Diamond AAA Grade,"2.80 Black diamond, Round black Diamond, aaa black diamond",Black Diamonds,https://pub-f1751cc6619d4c769aceeaffe6043848.r2.dev/products/1786396712987-f5711b4f43f1ff1c81ab127e1bfdbb1b79fdaa105fa59c61553e074905d6b468.gif,https://pub-f1751cc6619d4c769aceeaffe6043848.r2.dev/products/1786396712987-f5711b4f43f1ff1c81ab127e1bfdbb1b79fdaa105fa59c61553e074905d6b468.gif,,,,,,Black,Black Diamond,AAA,Brilliant,Round,,Good,,Irradiated,,,2.80 ct.,Opaque,,,,,,,,,,
37105,BDN022416010,520.0000,10,0.01,1,2.60 Carat Round Black Diamond AAA Grade,Get the best value for your money. Buy Black Diamonds at below whole sale prices. Nice luster 2.60 Carat AAA Grade Round Black Diamond.,,2.60 Carat Certified Black Diamond AAA Grade,2.60 Carat Certified Black Diamond AAA Grade,"2.60 Black diamond, Round black Diamond, aaa black diamond",Black Diamonds,https://pub-f1751cc6619d4c769aceeaffe6043848.r2.dev/products/1786396712987-f5711b4f43f1ff1c81ab127e1bfdbb1b79fdaa105fa59c61553e074905d6b468.gif,https://pub-f1751cc6619d4c769aceeaffe6043848.r2.dev/products/1786396712987-f5711b4f43f1ff1c81ab127e1bfdbb1b79fdaa105fa59c61553e074905d6b468.gif,,,,,,Black,Black Diamond,AAA,Brilliant,Round,,Good,,Irradiated,,,2.60 ct.,Opaque,,,,,,,,,,
37106,BDN022416011,580.0000,20,0.01,1,2.90 Carat Round Black Diamond AAA Grade,Get the best value for your money. Buy Black Diamonds at below whole sale prices. Nice luster 2.90 Carat AAA Grade Round Black Diamond.,,2.90 Carat Certified Black Diamond AAA Grade,2.60 Carat Certified Black Diamond AAA Grade,"2.90 Black diamond, Round black Diamond, aaa black diamond",Black Diamonds,https://pub-f1751cc6619d4c769aceeaffe6043848.r2.dev/products/1786396712987-f5711b4f43f1ff1c81ab127e1bfdbb1b79fdaa105fa59c61553e074905d6b468.gif,https://pub-f1751cc6619d4c769aceeaffe6043848.r2.dev/products/1786396712987-f5711b4f43f1ff1c81ab127e1bfdbb1b79fdaa105fa59c61553e074905d6b468.gif,,,,,,Black,Black Diamond,AAA,Brilliant,Round,,Good,,Irradiated,,,2.90 ct.,Opaque,,,,,,,,,,
37107,BDN022416012,1170.0000,2,0.01,1,5.85 Carat Round Black Diamond AAA Grade,Get the best value for your money. Buy Black Diamonds at below whole sale prices. Nice luster 5.85 Carat AAA Grade Round Black Diamond.,,5.85 Carat Certified Black Diamond AAA Grade,5.85 Carat Certified Black Diamond AAA Grade,"5.85 Black diamond, Round black Diamond, aaa black diamond",Black Diamonds,https://pub-f1751cc6619d4c769aceeaffe6043848.r2.dev/products/1786396712987-f5711b4f43f1ff1c81ab127e1bfdbb1b79fdaa105fa59c61553e074905d6b468.gif,https://pub-f1751cc6619d4c769aceeaffe6043848.r2.dev/products/1786396712987-f5711b4f43f1ff1c81ab127e1bfdbb1b79fdaa105fa59c61553e074905d6b468.gif,,,,,,Black,Black Diamond,AAA,Brilliant,Round,,Good,,Irradiated,,,5.85 ct.,Opaque,,,,,,,,,,
37108,BDN022416013,1130.0000,10,0.01,1,5.65 Carat Round Black Diamond AAA Grade,Get the best value for your money. Buy Black Diamonds at below whole sale prices. Nice luster 5.65 Carat AAA Grade Round Black Diamond.,,5.65 Carat Certified Black Diamond AAA Grade,5.65 Carat Certified Black Diamond AAA Grade,"5.65 Black diamond, Round black Diamond, aaa black diamond",Black Diamonds,https://pub-f1751cc6619d4c769aceeaffe6043848.r2.dev/products/1786396712987-f5711b4f43f1ff1c81ab127e1bfdbb1b79fdaa105fa59c61553e074905d6b468.gif,https://pub-f1751cc6619d4c769aceeaffe6043848.r2.dev/products/1786396712987-f5711b4f43f1ff1c81ab127e1bfdbb1b79fdaa105fa59c61553e074905d6b468.gif,,,,,,Black,Black Diamond,AAA,Brilliant,Round,,Good,,Irradiated,,,5.65 ct.,Opaque,,,,,,,,,,
37109,BDN022416014,940.0000,10,0.01,1,4.70 Carat Round Black Diamond AAA Grade,Get the best value for your money. Buy Black Diamonds at below whole sale prices. Nice luster 4.70 Carat AAA Grade Round Black Diamond.,,4.70 Carat Certified Black Diamond AAA Grade,4.70 Carat Certified Black Diamond AAA Grade,"4.70 Black diamond, Round black Diamond, aaa black diamond",Black Diamonds,https://pub-f1751cc6619d4c769aceeaffe6043848.r2.dev/products/1786396712987-f5711b4f43f1ff1c81ab127e1bfdbb1b79fdaa105fa59c61553e074905d6b468.gif,https://pub-f1751cc6619d4c769aceeaffe6043848.r2.dev/products/1786396712987-f5711b4f43f1ff1c81ab127e1bfdbb1b79fdaa105fa59c61553e074905d6b468.gif,,,,,,Black,Black Diamond,AAA,Brilliant,Round,,Good,,Irradiated,,,4.70 ct.,Opaque,,,,,,,,,,
37110,BDN022416015,1340.0000,10,0.01,1,6.70 Carat Round Black Diamond AAA Grade,Get the best value for your money. Buy Black Diamonds at below whole sale prices. Nice luster 6.70 Carat AAA Grade Round Black Diamond.,,6.70 Carat Certified Black Diamond AAA Grade,6.70 Carat Certified Black Diamond AAA Grade,"6.70 Black diamond, Round black Diamond, aaa black diamond",Black Diamonds,https://pub-f1751cc6619d4c769aceeaffe6043848.r2.dev/products/1786396712987-f5711b4f43f1ff1c81ab127e1bfdbb1b79fdaa105fa59c61553e074905d6b468.gif,https://pub-f1751cc6619d4c769aceeaffe6043848.r2.dev/products/1786396712987-f5711b4f43f1ff1c81ab127e1bfdbb1b79fdaa105fa59c61553e074905d6b468.gif,,,,,,Black,Black Diamond,AAA,Brilliant,Round,,Good,,Irradiated,,,6.70 ct.,Opaque,,,,,,,,,,
37111,BDN022416016,920.0000,10,0.01,1,4.60 Carat Round Black Diamond AAA Grade,Get the best value for your money. Buy Black Diamonds at below whole sale prices. Nice luster 4.60 Carat AAA Grade Round Black Diamond.,,4.60 Carat Certified Black Diamond AAA Grade,4.60 Carat Certified Black Diamond AAA Grade,"4.60 Black diamond, Round black Diamond, aaa black diamond",Black Diamonds,https://pub-f1751cc6619d4c769aceeaffe6043848.r2.dev/products/1786396712987-f5711b4f43f1ff1c81ab127e1bfdbb1b79fdaa105fa59c61553e074905d6b468.gif,https://pub-f1751cc6619d4c769aceeaffe6043848.r2.dev/products/1786396712987-f5711b4f43f1ff1c81ab127e1bfdbb1b79fdaa105fa59c61553e074905d6b468.gif,,,,,,Black,Black Diamond,AAA,Brilliant,Round,,Good,,Irradiated,,,4.60 ct.,Opaque,,,,,,,,,,
37113,BD030116001,198.0000,10,0.01,1,0.99 Carat Certified Black Diamond AAA Grade,Nice luster 0.99 Carat AAA Grade Round Black Diamond. Comes with a copy of certificate.,,0.99 Carat Certified Black Diamond AAA Grade,0.99 Carat Certified Black Diamond AAA Grade,"0.99 Black diamond, Round black Diamond, aaa black diamond",Black Diamonds,https://pub-f1751cc6619d4c769aceeaffe6043848.r2.dev/products/1786396516012-33de54cd471769639aec56ae850c7ef1808d9d57ad6b8a618142908e8a2b27dc.jpg,https://pub-f1751cc6619d4c769aceeaffe6043848.r2.dev/products/1786396516012-33de54cd471769639aec56ae850c7ef1808d9d57ad6b8a618142908e8a2b27dc.jpg,,,,,,Black,Black Diamond,AAA,Brilliant,Round,,Nice,,Irradiated,,,0.99 ct.,Opaque,,,,,,,,,,
37114,BD030116002,220.0000,7,0.01,1,1.10 Carat Certified Black Diamond AAA Grade,Nice luster 1.10 Carat AAA Grade Round Black Diamond. Comes with a copy of certificate.,,1.10 Carat Certified Black Diamond AAA Grade,1.10 Carat Certified Black Diamond AAA Grade,"1.10 Black diamond, Round black Diamond, aaa black diamond",Black Diamonds,https://pub-f1751cc6619d4c769aceeaffe6043848.r2.dev/products/1786396516012-33de54cd471769639aec56ae850c7ef1808d9d57ad6b8a618142908e8a2b27dc.jpg,https://pub-f1751cc6619d4c769aceeaffe6043848.r2.dev/products/1786396516012-33de54cd471769639aec56ae850c7ef1808d9d57ad6b8a618142908e8a2b27dc.jpg,,,,,,Black,Black Diamond,AAA,Brilliant,Round,,Nice,,Irradiated,,,1.10 ct.,Opaque,,,,,,,,,,
37115,BD030116003,220.0000,10,0.01,1,1.10 Carat Certified Black Diamond AAA Grade,Nice luster 1.10 Carat AAA Grade Round Black Diamond. Comes with a copy of certificate.,,1.10 Carat Certified Black Diamond AAA Grade,1.10 Carat Certified Black Diamond AAA Grade,"1.10 Black diamond, Round black Diamond, aaa black diamond",Black Diamonds,https://pub-f1751cc6619d4c769aceeaffe6043848.r2.dev/products/1786396516012-33de54cd471769639aec56ae850c7ef1808d9d57ad6b8a618142908e8a2b27dc.jpg,https://pub-f1751cc6619d4c769aceeaffe6043848.r2.dev/products/1786396516012-33de54cd471769639aec56ae850c7ef1808d9d57ad6b8a618142908e8a2b27dc.jpg,,,,,,Black,Black Diamond,AAA,Brilliant,Round,,Nice,,Irradiated,,,1.10 ct.,Opaque,,,,,,,,,,
37116,BD030116004,234.0000,9,0.01,1,1.17 Carat Certified Black Diamond AAA Grade,Nice luster 1.17 Carat AAA Grade Round Black Diamond. Comes with a copy of certificate.,,1.17 Carat Certified Black Diamond AAA Grade,1.17 Carat Certified Black Diamond AAA Grade,"1.17 Black diamond, Round black Diamond, aaa black diamond",Black Diamonds,https://pub-f1751cc6619d4c769aceeaffe6043848.r2.dev/products/1786396516012-33de54cd471769639aec56ae850c7ef1808d9d57ad6b8a618142908e8a2b27dc.jpg,https://pub-f1751cc6619d4c769aceeaffe6043848.r2.dev/products/1786396516012-33de54cd471769639aec56ae850c7ef1808d9d57ad6b8a618142908e8a2b27dc.jpg,,,,,,Black,Black Diamond,AAA,Brilliant,Round,,Nice,,Irradiated,,,1.17 ct.,Opaque,,,,,,,,,,
37117,BD030116005,242.0000,10,0.01,1,1.21 Carat Certified Black Diamond AAA Grade,Nice luster 1.21 Carat AAA Grade Round Black Diamond. Comes with a copy of certificate.,,1.21 Carat Certified Black Diamond AAA Grade,1.21 Carat Certified Black Diamond AAA Grade,"1.21 Black diamond, Round black Diamond, aaa black diamond",Black Diamonds,https://pub-f1751cc6619d4c769aceeaffe6043848.r2.dev/products/1786396516012-33de54cd471769639aec56ae850c7ef1808d9d57ad6b8a618142908e8a2b27dc.jpg,https://pub-f1751cc6619d4c769aceeaffe6043848.r2.dev/products/1786396516012-33de54cd471769639aec56ae850c7ef1808d9d57ad6b8a618142908e8a2b27dc.jpg,,,,,,Black,Black Diamond,AAA,Brilliant,Round,,Nice,,Irradiated,,,1.21 ct.,Opaque,,,,,,,,,,
37118,BD030116006,306.0000,3,0.01,1,1.53 Carat Certified Black Diamond AAA Grade,Nice luster 1.53 Carat AAA Grade Round Black Diamond. Comes with a copy of certificate.,,1.53 Carat Certified Black Diamond AAA Grade,1.53 Carat Certified Black Diamond AAA Grade,"1.53 Black diamond, Round black Diamond, aaa black diamond",Black Diamonds,https://pub-f1751cc6619d4c769aceeaffe6043848.r2.dev/products/1786396516012-33de54cd471769639aec56ae850c7ef1808d9d57ad6b8a618142908e8a2b27dc.jpg,https://pub-f1751cc6619d4c769aceeaffe6043848.r2.dev/products/1786396516012-33de54cd471769639aec56ae850c7ef1808d9d57ad6b8a618142908e8a2b27dc.jpg,,,,,,Black,Black Diamond,AAA,Brilliant,Round,,Nice,,Irradiated,,,1.53 ct.,Opaque,,,,,,,,,,
37119,BD030116007,344.0000,5,0.01,1,1.72 Carat Certified Black Diamond AAA Grade,Nice luster 1.72 Carat AAA Grade Round Black Diamond. Comes with a copy of certificate.,,1.72 Carat Certified Black Diamond AAA Grade,1.72 Carat Certified Black Diamond AAA Grade,"1.72 Black diamond, Round black Diamond, aaa black diamond",Black Diamonds,https://pub-f1751cc6619d4c769aceeaffe6043848.r2.dev/products/1786396516012-33de54cd471769639aec56ae850c7ef1808d9d57ad6b8a618142908e8a2b27dc.jpg,https://pub-f1751cc6619d4c769aceeaffe6043848.r2.dev/products/1786396516012-33de54cd471769639aec56ae850c7ef1808d9d57ad6b8a618142908e8a2b27dc.jpg,,,,,,Black,Black Diamond,AAA,Brilliant,Round,,Nice,,Irradiated,,,1.72 ct.,Opaque,,,,,,,,,,
37120,BD030116008,1100.0000,10,0.01,1,5.50 Carat Certified Black Diamond AAA Grade,Nice luster 5.50 Carat AAA Grade Round Black Diamond. Comes with a copy of certificate.,,5.50 Carat Certified Black Diamond AAA Grade,5.50 Carat Certified Black Diamond AAA Grade,"5.50 Black diamond, Round black Diamond, aaa black diamond",Black Diamonds,https://pub-f1751cc6619d4c769aceeaffe6043848.r2.dev/products/1786396516012-33de54cd471769639aec56ae850c7ef1808d9d57ad6b8a618142908e8a2b27dc.jpg,https://pub-f1751cc6619d4c769aceeaffe6043848.r2.dev/products/1786396516012-33de54cd471769639aec56ae850c7ef1808d9d57ad6b8a618142908e8a2b27dc.jpg,,,,,,Black,Black Diamond,AAA,Brilliant,Round,,Nice,,Irradiated,,,5.50 ct.,Opaque,,,,,,,,,,
37140,BD032216002,920.0000,10,0.01,1,4.60 Carat Princess Cut Black Diamond AAA Grade,Alpha Imports offers lowest prices possible on diamonds and make them more affordable. This is a 4.60 carat Princess Cut Black Diamond in AAA grade.,,4.60 Carat Princess Cut Black Diamond AAA Grade,4.60 Carat Princess Cut Black Diamond AAA Grade,"4.60 carat Black diamond, Princess Cut black Diamond, AAA black diamond",Black Diamonds,https://pub-f1751cc6619d4c769aceeaffe6043848.r2.dev/products/1786396714672-06fd2d59c7ff14b6b814e39a2efc685fb9ad1f02b6744cf0875566f22085f64c.gif,https://pub-f1751cc6619d4c769aceeaffe6043848.r2.dev/products/1786396714672-06fd2d59c7ff14b6b814e39a2efc685fb9ad1f02b6744cf0875566f22085f64c.gif,,,,,,Black,Black Diamond,AAA,Good,Princess Cut,,,10,Irradiated,,8.4x8.2 mm,4.60 ct.,Opaque,,,,,,,,,,
37383,BD081816001,400.0000,8,0.01,1,2 Carat Princess Cut Black Diamond AAA Grade,Alpha Imports offers lowest prices possible on diamonds and make them more affordable. This is a 2 carat Princess Cut Black Diamond in AAA grade.,,2 Carat Princess Cut Black Diamond AAA Grade,2 Carat Princess Cut Black Diamond AAA Grade,"2 carat Black diamond, Princess Cut black Diamond, AAA black diamond",Black Diamonds,https://pub-f1751cc6619d4c769aceeaffe6043848.r2.dev/products/1786396714672-06fd2d59c7ff14b6b814e39a2efc685fb9ad1f02b6744cf0875566f22085f64c.gif,https://pub-f1751cc6619d4c769aceeaffe6043848.r2.dev/products/1786396714672-06fd2d59c7ff14b6b814e39a2efc685fb9ad1f02b6744cf0875566f22085f64c.gif,,,,,,Black,Black Diamond,AAA,Good,Princess Cut,,,10,Irradiated,,,2 ct.,Opaque,,,,,,,,,,
37421,ONY091316009,4.0000,0,0.01,1,6 mm Natural Faceted Black Onyx Bead Strand 15 Inch,Top Natural Faceted Black Onyx bead strand. This is a 15 inch Faceted Black Onyx bead strand.,,6 mm Natural Faceted Black Onyx Bead Strand 15 Inch,One of the kind 6 mm Natural Faceted Black Onyx Bead Strand 15 Inch Only from Alpha Imports your bead necklace supplier.,"Black Onyx Strand, 15 Inche Strand, Faceted Black Onyx Bead, Strand",Gemstone Bead Necklace,https://pub-f1751cc6619d4c769aceeaffe6043848.r2.dev/products/1786396716468-68cb4d80b7c8601b7f93c15526468427ec48440dbfa5d9d693b56479ccc555de.gif,https://pub-f1751cc6619d4c769aceeaffe6043848.r2.dev/products/1786396716468-68cb4d80b7c8601b7f93c15526468427ec48440dbfa5d9d693b56479ccc555de.gif,,,,,,Black,Black Onyx,,Faceted,Round,,,,,,6 mm,,,,,,,,,,,,
37422,ONY091316010,3.0000,223,0.01,1,18x13 mm Drilled Black Onyx Bead,This is a 18x13 Black Onyx bead. This black Onyx bead is pre drilled for jewelry making. It is sold as single bead. Bracelet picture is only for reference purpose.,,18x13 mm Drilled Black Onyx Bead,18x13 mm Drilled Black Onyx Bead,"18x13 mm, Black Onyx, Bead, Black Onyx Bead, 18x13 mm Bead",Onyx,https://pub-f1751cc6619d4c769aceeaffe6043848.r2.dev/products/1786396718210-4209a78a8f718c2d3169e571e7d30d24538f8f88fa61363224fe5219e00ce456.gif,https://pub-f1751cc6619d4c769aceeaffe6043848.r2.dev/products/1786396718210-4209a78a8f718c2d3169e571e7d30d24538f8f88fa61363224fe5219e00ce456.gif,,,,,,Black,Onyx,,,,,Nice,,,,18x13 mm,,,,,,,,,,,,
37425,PEA091316012,24.0000,11,0.01,1,25x18 mm Mother of Pearl/Black Onyx Oval Pair,Get the best deal on these 25x18 mm Mother of Pearl/Black Onyx Oval Pair. Create beautiful pair of earrings or cufflinks. A great value.,,25x18 mm Mother of Pearl/Black Onyx Oval Pair,Find here 25x18 mm Mother of Pearl/Black Onyx Oval Pair- only from Alpha Imports NY,"25x18 mm. Mother of Pearl, Black Onyx,  25x18 Oval",Pearls,https://pub-f1751cc6619d4c769aceeaffe6043848.r2.dev/products/1786396719776-73fe0b8b8aa181079a529a2c6a759bac6588994fde624f172c7c2fcc9423b8ab.gif,https://pub-f1751cc6619d4c769aceeaffe6043848.r2.dev/products/1786396719776-73fe0b8b8aa181079a529a2c6a759bac6588994fde624f172c7c2fcc9423b8ab.gif,,,,,,White/Black,Mother of Pearl,,,Oval,,Good,,,,25x18 mm,,,,,,,,,,,,
37426,PEA091316013,24.0000,6,0.01,1,25x18 mm Mother of Pearl/Black Onyx Oval Pair,Get the best deal on these 25x18 mm Mother of Pearl/Black Onyx Oval Pair. Create beautiful pair of earrings or cufflinks. A great value.,,25x18 mm Mother of Pearl/Black Onyx Oval Pair,Find here 25x18 mm Mother of Pearl/Black Onyx Oval Pair- only from Alpha Imports NY,"25x18 mm. Mother of Pearl, Black Onyx,  25x18 Oval",Pearls,https://pub-f1751cc6619d4c769aceeaffe6043848.r2.dev/products/1786396721386-e9a91c8ebffc2eafd7e73e414657c5476efdbfb0e65f19906a55bf038dd0c2d4.gif,https://pub-f1751cc6619d4c769aceeaffe6043848.r2.dev/products/1786396721386-e9a91c8ebffc2eafd7e73e414657c5476efdbfb0e65f19906a55bf038dd0c2d4.gif,,,,,,White/Black,Mother of Pearl,,,Oval,,Good,,,,25x18 mm,,,,,,,,,,,,
37427,PEA091316014,12.0000,5,0.01,1,16x12 mm Mother of Pearl/Black Onyx Oval Pair,Get the best deal on these 16x12 mm Mother of Pearl/Black Onyx Oval Pair. Create beautiful pair of earrings or cufflinks. A great value.,,16x12 mm Mother of Pearl/Black Onyx Oval Pair,Find here 16x12 mm Mother of Pearl/Black Onyx Oval Pair- only from Alpha Imports NY,"16x12 mm, Mother of Pearl, Black Onyx,  16x12 Oval",Pearls,https://pub-f1751cc6619d4c769aceeaffe6043848.r2.dev/products/1786396723376-b6cd7c388064eebebe89ab5325ce4aa0dfd37302555ea67c70246ec803a324ed.gif,https://pub-f1751cc6619d4c769aceeaffe6043848.r2.dev/products/1786396723376-b6cd7c388064eebebe89ab5325ce4aa0dfd37302555ea67c70246ec803a324ed.gif,,,,,,White/Black,Mother of Pearl,,,Oval,,Good,,,,16x12 mm,,,,,,,,,,,,
37433,BDE112816025,74.9900,46,0.01,1,0.25 Ct Twt Black Diamond Earrings in 14k Gold,Large round black diamonds are the focal points of these simple yet dramatically elegant stud earrings. The dark luminous diamonds are beautifully complemented by graceful yellow gold settings.,,0.25 Carats Black Diamond Earrings in 14k White or Yellow Gold,0.25 Carats Black Diamond Earrings in 14k White or Yellow Gold,"0.25, Carats, Black, Diamond, Earrings, in, 14k, Gold, White, Yellow",Diamond Stud Earrings,https://pub-f1751cc6619d4c769aceeaffe6043848.r2.dev/products/1786396479135-142624314ff6234c15d6193851281fcf8defe62624ca8d41f10afcdb060599ea.jpg,https://pub-f1751cc6619d4c769aceeaffe6043848.r2.dev/products/1786396479135-142624314ff6234c15d6193851281fcf8defe62624ca8d41f10afcdb060599ea.jpg,,https://pub-f1751cc6619d4c769aceeaffe6043848.r2.dev/products/1786396480478-5736d84072aab95a319577cf4d732e9a781910ea33ad7dcd6eaa28fb6b609738.jpg,https://pub-f1751cc6619d4c769aceeaffe6043848.r2.dev/products/1786396481917-f5095e3e91258a74d54996da1cd4e01cd3d5041e5b6d9be838e09d50889014a5.jpg,,,Black,Diamond,,Brilliant,Round,,,,Irradiated,,,0.25 ct.,,14K White or Yellow Gold,0.5 Grams,,,,,,,,
37444,BS011817001,0.6000,1968,0.01,1,3 mm Round Black Sapphire in A Grade,Black Sapphire is very popular to make inexpensive jewelry. The affordable price point and its hardness make black sapphire a cheaper alternative to other options. You may consider getting a black sapphire for your ring or pendant if you want a stone that has the color of onyx but is much harder.,,3 mm Round Black Sapphire in A Grade,3 mm Round Black Sapphire in A Grade,"3 mm, Round, Black, Sapphire, A Grade",Blue Sapphire,https://pub-f1751cc6619d4c769aceeaffe6043848.r2.dev/products/1786396725233-c7db317df6b91f32822166733ce3f6937e4f175e1282490af2500fa206c95d12.gif,https://pub-f1751cc6619d4c769aceeaffe6043848.r2.dev/products/1786396725233-c7db317df6b91f32822166733ce3f6937e4f175e1282490af2500fa206c95d12.gif,,,,,,Black,Black Sapphire,A,Faceted,Round,,,9,,Thailand,3 mm,0.15 ct.,,,,,,,,,,,
37445,BS011817002,1.0000,1481,0.01,1,4 mm Round Black Sapphire in A Grade,Black Sapphire is very popular to make inexpensive jewelry. The affordable price point and its hardness make black sapphire a cheaper alternative to other options. You may consider getting a black sapphire for your ring or pendant if you want a stone that has the color of onyx but is much harder.,,4 mm Round Black Sapphire in A Grade,4 mm Round Black Sapphire in A Grade,"4 mm, Round, Black, Sapphire, A Grade",Blue Sapphire,https://pub-f1751cc6619d4c769aceeaffe6043848.r2.dev/products/1786396725233-c7db317df6b91f32822166733ce3f6937e4f175e1282490af2500fa206c95d12.gif,https://pub-f1751cc6619d4c769aceeaffe6043848.r2.dev/products/1786396725233-c7db317df6b91f32822166733ce3f6937e4f175e1282490af2500fa206c95d12.gif,,,,,,Black,Black Sapphire,A,Faceted,Round,,,9,,Thailand,4 mm,0.35 ct.,,,,,,,,,,,
37446,BS011817003,3.0000,0,0.01,1,6 mm Round Black Sapphire in A Grade,Black Sapphire is very popular to make inexpensive jewelry. The affordable price point and its hardness make black sapphire a cheaper alternative to other options. You may consider getting a black sapphire for your ring or pendant if you want a stone that has the color of onyx but is much harder.,,6 mm Round Black Sapphire in A Grade,6 mm Round Black Sapphire in A Grade,"6 mm, Round, Black, Sapphire, A Grade",Blue Sapphire,https://pub-f1751cc6619d4c769aceeaffe6043848.r2.dev/products/1786396725233-c7db317df6b91f32822166733ce3f6937e4f175e1282490af2500fa206c95d12.gif,https://pub-f1751cc6619d4c769aceeaffe6043848.r2.dev/products/1786396725233-c7db317df6b91f32822166733ce3f6937e4f175e1282490af2500fa206c95d12.gif,,,,,,Black,Black Sapphire,A,Faceted,Round,,,9,,Thailand,6 mm,1.20 ct.,,,,,,,,,,,
37447,BS011817004,20.0000,98,0.01,1,10 mm Round Black Sapphire in A Grade,Black Sapphire is very popular to make inexpensive jewelry. The affordable price point and its hardness make black sapphire a cheaper alternative to other options. You may consider getting a black sapphire for your ring or pendant if you want a stone that has the color of onyx but is much harder.,,10 mm Round Black Sapphire in A Grade,10 mm Round Black Sapphire in A Grade,"10 mm, Round, Black, Sapphire, A Grade",Blue Sapphire,https://pub-f1751cc6619d4c769aceeaffe6043848.r2.dev/products/1786396725233-c7db317df6b91f32822166733ce3f6937e4f175e1282490af2500fa206c95d12.gif,https://pub-f1751cc6619d4c769aceeaffe6043848.r2.dev/products/1786396725233-c7db317df6b91f32822166733ce3f6937e4f175e1282490af2500fa206c95d12.gif,,,,,,Black,Black Sapphire,A,Faceted,Round,,,9,,Thailand,10 mm,5 ct.,,,,,,,,,,,
37448,BS011817005,30.0000,80,0.01,1,12 mm Round Black Sapphire in A Grade,Black Sapphire is very popular to make inexpensive jewelry. The affordable price point and its hardness make black sapphire a cheaper alternative to other options. You may consider getting a black sapphire for your ring or pendant if you want a stone that has the color of onyx but is much harder.,,12 mm Round Black Sapphire in A Grade,12 mm Round Black Sapphire in A Grade,"12 mm, Round, Black, Sapphire, A Grade",Blue Sapphire,https://pub-f1751cc6619d4c769aceeaffe6043848.r2.dev/products/1786396725233-c7db317df6b91f32822166733ce3f6937e4f175e1282490af2500fa206c95d12.gif,https://pub-f1751cc6619d4c769aceeaffe6043848.r2.dev/products/1786396725233-c7db317df6b91f32822166733ce3f6937e4f175e1282490af2500fa206c95d12.gif,,,,,,Black,Black Sapphire,A,Faceted,Round,,,9,,Thailand,12 mm,7.50 ct.,,,,,,,,,,,
37449,BS011817006,0.5000,1987,0.01,1,5x3 mm Oval Black Sapphire in A Grade,Black Sapphire is very popular to make inexpensive jewelry. The affordable price point and its hardness make black sapphire a cheaper alternative to other options. You may consider getting a black sapphire for your ring or pendant if you want a stone that has the color of onyx but is much harder.,,5x3 mm Oval Black Sapphire in A Grade,5x3 mm Oval Black Sapphire in A Grade,"5x3 mm, Oval, Black, Sapphire, A Grade",Blue Sapphire,https://pub-f1751cc6619d4c769aceeaffe6043848.r2.dev/products/1786396727055-76e91ed1c5611a8aff54b41e7e32dd6922474fcc17dc565ddcae41b5b1093c67.gif,https://pub-f1751cc6619d4c769aceeaffe6043848.r2.dev/products/1786396727055-76e91ed1c5611a8aff54b41e7e32dd6922474fcc17dc565ddcae41b5b1093c67.gif,,,,,,Black,Black Sapphire,A,Faceted,Oval,,,9,,Thailand,5x3 mm,0.25 ct.,,,,,,,,,,,
37450,BS011817007,0.7500,2000,0.01,1,5x4 mm Oval Black Sapphire in A Grade,Black Sapphire is very popular to make inexpensive jewelry. The affordable price point and its hardness make black sapphire a cheaper alternative to other options. You may consider getting a black sapphire for your ring or pendant if you want a stone that has the color of onyx but is much harder.,,5x4 mm Oval Black Sapphire in A Grade,5x4 mm Oval Black Sapphire in A Grade,"5x4 mm, Oval, Black, Sapphire, A Grade",Blue Sapphire,https://pub-f1751cc6619d4c769aceeaffe6043848.r2.dev/products/1786396727055-76e91ed1c5611a8aff54b41e7e32dd6922474fcc17dc565ddcae41b5b1093c67.gif,https://pub-f1751cc6619d4c769aceeaffe6043848.r2.dev/products/1786396727055-76e91ed1c5611a8aff54b41e7e32dd6922474fcc17dc565ddcae41b5b1093c67.gif,,,,,,Black,Black Sapphire,A,Faceted,Oval,,,9,,Thailand,5x4 mm,0.40 ct.,,,,,,,,,,,
37451,BS011817008,1.0000,674,0.01,1,6x4 mm Oval Black Sapphire in A Grade,Black Sapphire is very popular to make inexpensive jewelry. The affordable price point and its hardness make black sapphire a cheaper alternative to other options. You may consider getting a black sapphire for your ring or pendant if you want a stone that has the color of onyx but is much harder.,,6x4 mm Oval Black Sapphire in A Grade,6x4 mm Oval Black Sapphire in A Grade,"6x4 mm, Oval, Black, Sapphire, A Grade",Blue Sapphire,https://pub-f1751cc6619d4c769aceeaffe6043848.r2.dev/products/1786396727055-76e91ed1c5611a8aff54b41e7e32dd6922474fcc17dc565ddcae41b5b1093c67.gif,https://pub-f1751cc6619d4c769aceeaffe6043848.r2.dev/products/1786396727055-76e91ed1c5611a8aff54b41e7e32dd6922474fcc17dc565ddcae41b5b1093c67.gif,,,,,,Black,Black Sapphire,A,Faceted,Oval,,,9,,Thailand,6x4 mm,0.60 ct.,,,,,,,,,,,
37452,BS011817009,2.0000,673,0.01,1,7x5 mm Oval Black Sapphire in A Grade,Black Sapphire is very popular to make inexpensive jewelry. The affordable price point and its hardness make black sapphire a cheaper alternative to other options. You may consider getting a black sapphire for your ring or pendant if you want a stone that has the color of onyx but is much harder.,,7x5 mm Oval Black Sapphire in A Grade,7x5 mm Oval Black Sapphire in A Grade,"7x5 mm, Oval, Black, Sapphire, A Grade",Blue Sapphire,https://pub-f1751cc6619d4c769aceeaffe6043848.r2.dev/products/1786396727055-76e91ed1c5611a8aff54b41e7e32dd6922474fcc17dc565ddcae41b5b1093c67.gif,https://pub-f1751cc6619d4c769aceeaffe6043848.r2.dev/products/1786396727055-76e91ed1c5611a8aff54b41e7e32dd6922474fcc17dc565ddcae41b5b1093c67.gif,,,,,,Black,Black Sapphire,A,Faceted,Oval,,,9,,Thailand,7x5 mm,1 ct.,,,,,,,,,,,
37453,BS011817010,3.0000,9,0.01,1,8x6 mm Oval Black Sapphire in A Grade,Black Sapphire is very popular to make inexpensive jewelry. The affordable price point and its hardness make black sapphire a cheaper alternative to other options. You may consider getting a black sapphire for your ring or pendant if you want a stone that has the color of onyx but is much harder.,,8x6 mm Oval Black Sapphire in A Grade,8x6 mm Oval Black Sapphire in A Grade,"8x6 mm, Oval, Black, Sapphire, A Grade",Blue Sapphire,https://pub-f1751cc6619d4c769aceeaffe6043848.r2.dev/products/1786396727055-76e91ed1c5611a8aff54b41e7e32dd6922474fcc17dc565ddcae41b5b1093c67.gif,https://pub-f1751cc6619d4c769aceeaffe6043848.r2.dev/products/1786396727055-76e91ed1c5611a8aff54b41e7e32dd6922474fcc17dc565ddcae41b5b1093c67.gif,,,,,,Black,Black Sapphire,A,Faceted,Oval,,,9,,Thailand,8x6 mm,1.50 ct.,,,,,,,,,,,
37454,BS011817011,5.0000,45,0.01,1,9x7 mm Oval Black Sapphire in A Grade,Black Sapphire is very popular to make inexpensive jewelry. The affordable price point and its hardness make black sapphire a cheaper alternative to other options. You may consider getting a black sapphire for your ring or pendant if you want a stone that has the color of onyx but is much harder.,,9x7 mm Oval Black Sapphire in A Grade,9x7 mm Oval Black Sapphire in A Grade,"9x7 mm, Oval, Black, Sapphire, A Grade",Blue Sapphire,https://pub-f1751cc6619d4c769aceeaffe6043848.r2.dev/products/1786396727055-76e91ed1c5611a8aff54b41e7e32dd6922474fcc17dc565ddcae41b5b1093c67.gif,https://pub-f1751cc6619d4c769aceeaffe6043848.r2.dev/products/1786396727055-76e91ed1c5611a8aff54b41e7e32dd6922474fcc17dc565ddcae41b5b1093c67.gif,,,,,,Black,Black Sapphire,A,Faceted,Oval,,,9,,Thailand,9x7 mm,2 ct.,,,,,,,,,,,
37455,BS011817012,10.0000,35,0.01,1,10x8 mm Oval Black Sapphire in A Grade,Black Sapphire is very popular to make inexpensive jewelry. The affordable price point and its hardness make black sapphire a cheaper alternative to other options. You may consider getting a black sapphire for your ring or pendant if you want a stone that has the color of onyx but is much harder.,,10x8 mm Oval Black Sapphire in A Grade,10x8 mm Oval Black Sapphire in A Grade,"10x8 mm, Oval, Black, Sapphire, A Grade",Blue Sapphire,https://pub-f1751cc6619d4c769aceeaffe6043848.r2.dev/products/1786396727055-76e91ed1c5611a8aff54b41e7e32dd6922474fcc17dc565ddcae41b5b1093c67.gif,https://pub-f1751cc6619d4c769aceeaffe6043848.r2.dev/products/1786396727055-76e91ed1c5611a8aff54b41e7e32dd6922474fcc17dc565ddcae41b5b1093c67.gif,,,,,,Black,Black Sapphire,A,Faceted,Oval,,,9,,Thailand,10x8 mm,3.50 ct.,,,,,,,,,,,
37456,BS011817013,20.0000,15,0.01,1,11x9 mm Oval Black Sapphire in A Grade,Black Sapphire is very popular to make inexpensive jewelry. The affordable price point and its hardness make black sapphire a cheaper alternative to other options. You may consider getting a black sapphire for your ring or pendant if you want a stone that has the color of onyx but is much harder.,,11x9 mm Oval Black Sapphire in A Grade,11x9 mm Oval Black Sapphire in A Grade,"11x9 mm, Oval, Black, Sapphire, A Grade",Blue Sapphire,https://pub-f1751cc6619d4c769aceeaffe6043848.r2.dev/products/1786396727055-76e91ed1c5611a8aff54b41e7e32dd6922474fcc17dc565ddcae41b5b1093c67.gif,https://pub-f1751cc6619d4c769aceeaffe6043848.r2.dev/products/1786396727055-76e91ed1c5611a8aff54b41e7e32dd6922474fcc17dc565ddcae41b5b1093c67.gif,,,,,,Black,Black Sapphire,A,Faceted,Oval,,,9,,Thailand,11x9 mm,6 ct.,,,,,,,,,,,
37457,BS011817014,40.0000,41,0.01,1,14x10 mm Oval Black Sapphire in A Grade,Black Sapphire is very popular to make inexpensive jewelry. The affordable price point and its hardness make black sapphire a cheaper alternative to other options. You may consider getting a black sapphire for your ring or pendant if you want a stone that has the color of onyx but is much harder.,,14x10 mm Oval Black Sapphire in A Grade,14x10 mm Oval Black Sapphire in A Grade,"14x10 mm, Oval, Black, Sapphire, A Grade",Blue Sapphire,https://pub-f1751cc6619d4c769aceeaffe6043848.r2.dev/products/1786396727055-76e91ed1c5611a8aff54b41e7e32dd6922474fcc17dc565ddcae41b5b1093c67.gif,https://pub-f1751cc6619d4c769aceeaffe6043848.r2.dev/products/1786396727055-76e91ed1c5611a8aff54b41e7e32dd6922474fcc17dc565ddcae41b5b1093c67.gif,,,,,,Black,Black Sapphire,A,Faceted,Oval,,,9,,Thailand,14x10 mm,6.50 ct.,,,,,,,,,,,
37604,BD07071708,202.0000,9,0.01,1,1.01 Carat Oval Black Diamond AAA Grade,Nice luster 1.01 Carat AAA Grade Oval Black Diamond. approximately 7x5 mm.,,1.01 Carat Oval Black Diamond AAA Grade,1.01 Carat Oval Black Diamond AAA Grade,"1.01 Black diamond, Oval black Diamond, aaa black diamond",Black Diamonds,https://pub-f1751cc6619d4c769aceeaffe6043848.r2.dev/products/1786396711142-3740014a9571c71eeb4cbf0e1e49da78c5846cff6e5390e7373d27c691608564.gif,https://pub-f1751cc6619d4c769aceeaffe6043848.r2.dev/products/1786396711142-3740014a9571c71eeb4cbf0e1e49da78c5846cff6e5390e7373d27c691608564.gif,,,,,,Black,Black Diamond,AAA,Good,Oval,,Good,,Irradiated,,7x5 mm,1.01 ct.,Opaque,,,,,,,,,,
37605,BD07071709,294.0000,20,0.01,1,1.47 Carat Marquise Black Diamond AAA Grade,Originated from the mines in Africa Nice luster 1.47 Carat Marquise shape Black Diamond. Black diamonds usually have some surface flaws. These flaws are small and negligible.,,1.47 Carat Marquise Black Diamond AAA Grade,1.47 Carat Marquise Black Diamond AAA Grade,"1.47, Black diamond, Marquise, Black Diamond",Black Diamonds,https://pub-f1751cc6619d4c769aceeaffe6043848.r2.dev/products/1786396687280-3c2fd320193299d4e8b8efd2282735e6ad5146ded04efb72006f4d8692f9c778.gif,https://pub-f1751cc6619d4c769aceeaffe6043848.r2.dev/products/1786396687280-3c2fd320193299d4e8b8efd2282735e6ad5146ded04efb72006f4d8692f9c778.gif,,,,,,Black,Black Diamond,AAA,,Marquise,,,10,Irradiated,Africa,,1.47 ct.,Opaque,,,,,,,,,,
37606,BD07071710,482.0000,10,0.01,1,2.41 Carat Cushion Black Diamond AAA Grade,Originated from the mines in Africa Nice luster 2.41 Carat Cushion shape Black Diamond. Black diamonds usually have some surface flaws. These flaws are small and negligible.,,2.41 Carat Cushion Black Diamond AAA Grade,2.41 Carat Cushion Black Diamond AAA Grade,"2.41, Black diamond, Cushion, Black Diamond",Black Diamonds,https://pub-f1751cc6619d4c769aceeaffe6043848.r2.dev/products/1786396728858-3a5807e4461d3f032b89debce025fe3a01b87eb07d45c7c3d33e83764cc717a6.gif,https://pub-f1751cc6619d4c769aceeaffe6043848.r2.dev/products/1786396728858-3a5807e4461d3f032b89debce025fe3a01b87eb07d45c7c3d33e83764cc717a6.gif,,,,,,Black,Black Diamond,AAA,,Cushion,,,10,Irradiated,Africa,,2.41 ct.,Opaque,,,,,,,,,,
37615,BD071717001,1180.0000,5,0.01,1,5.90 Carat Fancy Heart Black Diamond AAA Grade,Originated from the mines in Africa Nice luster 5.90 Carat Fancy Heart shape Black Diamond. Black diamonds usually have some surface flaws. These flaws are small and negligible.,,5.90 Carat Fancy Heart Black Diamond AAA Grade,5.90 Carat Fancy Heart Black Diamond AAA Grade,"5.90, Black diamond, Fancy Heart, Black Diamond",Black Diamonds,https://pub-f1751cc6619d4c769aceeaffe6043848.r2.dev/products/1786396730395-94814ef77d94d756d9381ed6d166bb6189f920befe07a50027a307f59f33ac92.gif,https://pub-f1751cc6619d4c769aceeaffe6043848.r2.dev/products/1786396730395-94814ef77d94d756d9381ed6d166bb6189f920befe07a50027a307f59f33ac92.gif,,,,,,Black,Black Diamond,AAA,,Fancy Heart,,,10,Irradiated,Africa,,5.90 ct.,Opaque,,,,,,,,,,
37616,BD071717002,1160.0000,9,0.01,1,5.80 Carat Round Black Diamond AAA Grade,Get the best value for your money. Buy Black Diamonds at below whole sale prices. Nice luster 5.80 Carat AAA Grade Round Black Diamond.,,5.80 Carat Certified Black Diamond AAA Grade,5.80 Carat Certified Black Diamond AAA Grade,"5.80 Black diamond, Round black Diamond, aaa black diamond",Black Diamonds,https://pub-f1751cc6619d4c769aceeaffe6043848.r2.dev/products/1786396712987-f5711b4f43f1ff1c81ab127e1bfdbb1b79fdaa105fa59c61553e074905d6b468.gif,https://pub-f1751cc6619d4c769aceeaffe6043848.r2.dev/products/1786396712987-f5711b4f43f1ff1c81ab127e1bfdbb1b79fdaa105fa59c61553e074905d6b468.gif,,,,,,Black,Black Diamond,AAA,Very Good,Round,,Good,,Irradiated,,,5.80 ct.,Opaque,,,,,,,,,,
37645,BDL081711020,169.9900,3,0.01,1,3.5 mm Round Black Diamond 10 Piece Lot AAA Grade,"Black Diamond lots at below wholesale prices from Alpha Imports. Save big on Black Diamonds. Best deal on Black Diamonds lots in straight sizes. These all time popular black diamond lots are widely used by jewelers, designers, eBay sellers and hobbyists.",,3.5 mm Round Black Diamond 10 Piece Lot AAA Grade,"Best deal on 3.5 mm Round Black Diamond 10 Piece Lot AAA Grade-from Alpha Imports, New york","3.5 mm Black diamond, Round black Diamond, aaa black diamond, wholesale diamonds",Black Diamonds,https://pub-f1751cc6619d4c769aceeaffe6043848.r2.dev/products/1786396665141-84822d16657bee24f74f23f7fbbcbd3792fe8a20b979770ca7797508dc38f18a.gif,https://pub-f1751cc6619d4c769aceeaffe6043848.r2.dev/products/1786396665141-84822d16657bee24f74f23f7fbbcbd3792fe8a20b979770ca7797508dc38f18a.gif,,,,,,Black,Black Diamond,AAA,Good,Round,,Good,10,Irradiated,,3.5 mm,,Opaque,,,,,,,,,,
