category_id,parent_id,category_name,attribute_id,filter_name,filter_value_id,filter_value
27,22,Emerald,1,TREATMENT,6,Natural
27,22,Emerald,1,TREATMENT,4,Oiled
27,22,Emerald,2,ORIGIN,25,Columbia
27,22,Emerald,3,CUT,61,Cabochon
27,22,Emerald,3,CUT,60,Faceted
27,22,Emerald,4,CLARITY/GRADE,157,A
27,22,Emerald,4,CLARITY/GRADE,145,AA
27,22,Emerald,4,CLARITY/GRADE,144,AAA
27,22,Emerald,6,WEIGHT,3639,0.038 ct.
27,22,Emerald,6,WEIGHT,3640,0.047 ct.
27,22,Emerald,6,WEIGHT,3641,0.059 ct.
27,22,Emerald,6,WEIGHT,3502,0.06 ct.
27,22,Emerald,6,WEIGHT,3613,0.07 ct.
27,22,Emerald,6,WEIGHT,3642,0.08 ct.
27,22,Emerald,6,WEIGHT,3533,0.09 ct.
27,22,Emerald,6,WEIGHT,3643,0.10 ct.
27,22,Emerald,6,WEIGHT,3595,0.11 ct.
27,22,Emerald,6,WEIGHT,3620,0.13 ct.
27,22,Emerald,6,WEIGHT,3534,0.15 ct.
27,22,Emerald,6,WEIGHT,2056,0.16
27,22,Emerald,6,WEIGHT,3633,0.16 ct.
27,22,Emerald,6,WEIGHT,3660,0.18 ct.
27,22,Emerald,6,WEIGHT,3666,0.19 ct.
27,22,Emerald,6,WEIGHT,3644,0.20 ct.
27,22,Emerald,6,WEIGHT,3654,0.21 ct.
27,22,Emerald,6,WEIGHT,3505,0.22 ct.
27,22,Emerald,6,WEIGHT,3667,0.23 ct.
27,22,Emerald,6,WEIGHT,3535,0.24 ct.
27,22,Emerald,6,WEIGHT,2065,0.25
27,22,Emerald,6,WEIGHT,3562,0.25 ct.
27,22,Emerald,6,WEIGHT,3645,0.26 ct.
27,22,Emerald,6,WEIGHT,1983,0.27 ct.
27,22,Emerald,6,WEIGHT,3601,0.28 ct.
27,22,Emerald,6,WEIGHT,3668,0.29 ct.
27,22,Emerald,6,WEIGHT,3655,0.33 ct.
27,22,Emerald,6,WEIGHT,3646,0.34 ct.
27,22,Emerald,6,WEIGHT,3555,0.35 ct.
27,22,Emerald,6,WEIGHT,3656,0.38 ct.
27,22,Emerald,6,WEIGHT,3547,0.4 ct.
27,22,Emerald,6,WEIGHT,3647,0.41 ct.
27,22,Emerald,6,WEIGHT,3657,0.44 ct.
27,22,Emerald,6,WEIGHT,3661,0.47 ct.
27,22,Emerald,6,WEIGHT,3510,0.48 ct.
27,22,Emerald,6,WEIGHT,3558,0.5 ct.
27,22,Emerald,6,WEIGHT,2015,0.53
27,22,Emerald,6,WEIGHT,3662,0.53 ct.
27,22,Emerald,6,WEIGHT,4888,0.55 ct
27,22,Emerald,6,WEIGHT,3578,0.6 ct.
27,22,Emerald,6,WEIGHT,3648,0.61 ct.
27,22,Emerald,6,WEIGHT,3464,0.63 ct.
27,22,Emerald,6,WEIGHT,3468,0.64 ct.
27,22,Emerald,6,WEIGHT,3543,0.65 ct.
27,22,Emerald,6,WEIGHT,1984,0.68 ct.
27,22,Emerald,6,WEIGHT,3580,0.7 ct.
27,22,Emerald,6,WEIGHT,1938,0.75
27,22,Emerald,6,WEIGHT,3524,0.75 ct.
27,22,Emerald,6,WEIGHT,3579,0.8 ct.
27,22,Emerald,6,WEIGHT,4872,0.82 ct
27,22,Emerald,6,WEIGHT,3663,0.85 ct.
27,22,Emerald,6,WEIGHT,3658,0.98 ct.
27,22,Emerald,6,WEIGHT,3559,1 ct.
27,22,Emerald,6,WEIGHT,2434,1.25 ct.
27,22,Emerald,6,WEIGHT,3607,1.3 ct.
27,22,Emerald,6,WEIGHT,4887,1.5 ct.
27,22,Emerald,6,WEIGHT,3591,1.75 ct.
27,22,Emerald,6,WEIGHT,3463,10.27 ct.
27,22,Emerald,6,WEIGHT,3455,14.72 ct.
27,22,Emerald,6,WEIGHT,3467,15.01 ct.
27,22,Emerald,6,WEIGHT,3454,15.66 ct.
27,22,Emerald,6,WEIGHT,3458,16.26 ct.
27,22,Emerald,6,WEIGHT,3466,18.79 ct.
27,22,Emerald,6,WEIGHT,1742,2
27,22,Emerald,6,WEIGHT,3561,2 ct.
27,22,Emerald,6,WEIGHT,3456,2.37 ct.
27,22,Emerald,6,WEIGHT,3581,2.5 ct.
27,22,Emerald,6,WEIGHT,3659,2.7 ct.
27,22,Emerald,6,WEIGHT,3462,29.99 ct.
27,22,Emerald,6,WEIGHT,3461,42.06 ct.
27,22,Emerald,6,WEIGHT,3459,5.76 ct.
27,22,Emerald,6,WEIGHT,3457,5.87 ct.
27,22,Emerald,6,WEIGHT,3460,7.67 ct.
27,22,Emerald,7,SIZE,6434,1.25 mm
27,22,Emerald,7,SIZE,6437,1.5 mm
27,22,Emerald,7,SIZE,6471,1.75 mm
27,22,Emerald,7,SIZE,6561,10x5 mm
27,22,Emerald,7,SIZE,5996,10x8 mm
27,22,Emerald,7,SIZE,5924,12x6 mm
27,22,Emerald,7,SIZE,6360,2 mm
27,22,Emerald,7,SIZE,6532,2.25 mm
27,22,Emerald,7,SIZE,6363,2.5 mm
27,22,Emerald,7,SIZE,6372,2.75 mm
27,22,Emerald,7,SIZE,6573,2x3 mm
27,22,Emerald,7,SIZE,6344,3 mm
27,22,Emerald,7,SIZE,6371,3.25 mm
27,22,Emerald,7,SIZE,6362,3.5 mm
27,22,Emerald,7,SIZE,6585,3.5x2 mm
27,22,Emerald,7,SIZE,6575,3.5x4.5 mm
27,22,Emerald,7,SIZE,6391,3.75 mm
27,22,Emerald,7,SIZE,6583,3x1.5 mm
27,22,Emerald,7,SIZE,6584,3x2 mm
27,22,Emerald,7,SIZE,6574,3x4 mm
27,22,Emerald,7,SIZE,6177,4 mm
27,22,Emerald,7,SIZE,6475,4.25 mm
27,22,Emerald,7,SIZE,6178,4.5 mm
27,22,Emerald,7,SIZE,6586,4.5x2.5 mm
27,22,Emerald,7,SIZE,6533,4.75 mm
27,22,Emerald,7,SIZE,6566,4x2 mm
27,22,Emerald,7,SIZE,6534,4x3 mm
27,22,Emerald,7,SIZE,6076,5 mm
27,22,Emerald,7,SIZE,6539,5.25 mm
27,22,Emerald,7,SIZE,6173,5.5 mm
27,22,Emerald,7,SIZE,6579,5.5x5.5 mm
27,22,Emerald,7,SIZE,6571,5.75 mm
27,22,Emerald,7,SIZE,6567,5x2.5 mm
27,22,Emerald,7,SIZE,6587,5x2.5mm
27,22,Emerald,7,SIZE,6535,5x3 mm
27,22,Emerald,7,SIZE,6536,5x4 mm
27,22,Emerald,7,SIZE,6578,5x5 mm
27,22,Emerald,7,SIZE,6588,6.5x3.5 mm
27,22,Emerald,7,SIZE,6577,6.5x5.5 mm
27,22,Emerald,7,SIZE,6568,6x3 mm
27,22,Emerald,7,SIZE,6537,6x4 mm
27,22,Emerald,7,SIZE,6576,6x5 mm
27,22,Emerald,7,SIZE,6580,6x6 mm
27,22,Emerald,7,SIZE,6589,7x3.5 mm
27,22,Emerald,7,SIZE,6538,7x5 mm
27,22,Emerald,7,SIZE,6569,8x4 mm
27,22,Emerald,7,SIZE,6060,8x6 mm
27,22,Emerald,7,SIZE,6282,9 mm
27,22,Emerald,7,SIZE,6590,9x4.5 mm
27,22,Emerald,7,SIZE,6563,9x6 mm
27,22,Emerald,7,SIZE,6043,9x7 mm
27,22,Emerald,8,COLOR,7481,Green
27,22,Emerald,10,SHAPE,7691,Baguette
27,22,Emerald,10,SHAPE,7742,Emerald
27,22,Emerald,10,SHAPE,7717,Heart
27,22,Emerald,10,SHAPE,7684,Marquise
27,22,Emerald,10,SHAPE,7689,Octagon
27,22,Emerald,10,SHAPE,7666,Oval
27,22,Emerald,10,SHAPE,7672,Pear
27,22,Emerald,10,SHAPE,7670,Round
27,22,Emerald,10,SHAPE,7685,Square
27,22,Emerald,10,SHAPE,7668,Trillion
27,22,Emerald,11,LUSTER,7918,Nice
27,22,Emerald,12,HARDNESS,7943,7.5 - 8.0
27,22,Emerald,13,GRADE,8038,AA
27,22,Emerald,19,NAME,8401,Emerald
27,22,Emerald,19,NAME,8470,Emerald Cabochon
28,22,Ruby,1,TREATMENT,1,Heat Treated
28,22,Ruby,1,TREATMENT,6,Natural
28,22,Ruby,1,TREATMENT,3,None
28,22,Ruby,1,TREATMENT,11,Treated
28,22,Ruby,2,ORIGIN,21,Africa
28,22,Ruby,2,ORIGIN,50,Thailand
28,22,Ruby,3,CUT,61,Cabochon
28,22,Ruby,3,CUT,60,Faceted
28,22,Ruby,4,CLARITY/GRADE,157,A
28,22,Ruby,4,CLARITY/GRADE,145,AA
28,22,Ruby,4,CLARITY/GRADE,144,AAA
28,22,Ruby,4,CLARITY/GRADE,151,Commercial
28,22,Ruby,6,WEIGHT,3672,0.01 ct. Approx.
28,22,Ruby,6,WEIGHT,3673,0.02 ct. Approx.
28,22,Ruby,6,WEIGHT,3674,0.03 ct. Approx.
28,22,Ruby,6,WEIGHT,3675,0.04 ct. Approx.
28,22,Ruby,6,WEIGHT,3676,0.05 ct. Approx.
28,22,Ruby,6,WEIGHT,3714,0.06 ct. Approx.
28,22,Ruby,6,WEIGHT,3677,0.07 ct. Approx.
28,22,Ruby,6,WEIGHT,3745,0.08 ct. Approx.
28,22,Ruby,6,WEIGHT,3728,0.09 ct. Approx.
28,22,Ruby,6,WEIGHT,3678,0.1 ct. Approx.
28,22,Ruby,6,WEIGHT,3729,0.11 ct. Approx.
28,22,Ruby,6,WEIGHT,3679,0.12 ct. Approx.
28,22,Ruby,6,WEIGHT,3715,0.13 ct. Approx.
28,22,Ruby,6,WEIGHT,3680,0.15 ct. Approx.
28,22,Ruby,6,WEIGHT,3735,0.16 ct. Approx.
28,22,Ruby,6,WEIGHT,3716,0.17 ct. Approx.
28,22,Ruby,6,WEIGHT,3730,0.19 ct. Approx.
28,22,Ruby,6,WEIGHT,3704,0.2 ct. Approx.
28,22,Ruby,6,WEIGHT,3736,0.22 ct. Approx.
28,22,Ruby,6,WEIGHT,3681,0.23 ct. Approx.
28,22,Ruby,6,WEIGHT,3717,0.25 ct. Approx.
28,22,Ruby,6,WEIGHT,3737,0.26 ct. Approx.
28,22,Ruby,6,WEIGHT,3731,0.27 ct. Approx.
28,22,Ruby,6,WEIGHT,3682,0.3 ct. Approx.
28,22,Ruby,6,WEIGHT,3738,0.31 ct. Approx.
28,22,Ruby,6,WEIGHT,3683,0.32 ct. Approx.
28,22,Ruby,6,WEIGHT,3697,0.34 ct. Approx.
28,22,Ruby,6,WEIGHT,3684,0.35 ct. Approx.
28,22,Ruby,6,WEIGHT,3698,0.36 ct. Approx.
28,22,Ruby,6,WEIGHT,3685,0.4 ct. Approx.
28,22,Ruby,6,WEIGHT,3739,0.43 ct. Approx.
28,22,Ruby,6,WEIGHT,3705,0.45 ct. Approx.
28,22,Ruby,6,WEIGHT,3686,0.46 ct. Approx.
28,22,Ruby,6,WEIGHT,3732,0.47 ct. Approx.
28,22,Ruby,6,WEIGHT,3699,0.5 ct. Approx.
28,22,Ruby,6,WEIGHT,3687,0.54 ct. Approx.
28,22,Ruby,6,WEIGHT,3720,0.55 ct. Approx.
28,22,Ruby,6,WEIGHT,3740,0.58 ct. Approx.
28,22,Ruby,6,WEIGHT,3688,0.6 ct. Approx.
28,22,Ruby,6,WEIGHT,3741,0.62 ct. Approx.
28,22,Ruby,6,WEIGHT,3706,0.64 ct. Approx.
28,22,Ruby,6,WEIGHT,3733,0.68 ct. Approx.
28,22,Ruby,6,WEIGHT,3721,0.7 ct. Approx.
28,22,Ruby,6,WEIGHT,3689,0.72 ct. Approx.
28,22,Ruby,6,WEIGHT,3707,0.73 ct. Approx.
28,22,Ruby,6,WEIGHT,3722,0.75 ct. Approx.
28,22,Ruby,6,WEIGHT,3700,0.76 ct. Approx.
28,22,Ruby,6,WEIGHT,3708,0.8 ct. Approx.
28,22,Ruby,6,WEIGHT,3690,0.85 ct. Approx.
28,22,Ruby,6,WEIGHT,3515,0.9 ct.
28,22,Ruby,6,WEIGHT,3734,0.9 ct. Approx.
28,22,Ruby,6,WEIGHT,3691,0.94 ct. Approx.
28,22,Ruby,6,WEIGHT,3742,0.97 ct. Approx.
28,22,Ruby,6,WEIGHT,3701,1 ct. Approx.
28,22,Ruby,6,WEIGHT,3692,1.05 ct. Approx.
28,22,Ruby,6,WEIGHT,3724,1.15 ct. Approx.
28,22,Ruby,6,WEIGHT,3693,1.16 ct. Approx.
28,22,Ruby,6,WEIGHT,3743,1.2 ct. Approx.
28,22,Ruby,6,WEIGHT,3694,1.35 ct. Approx.
28,22,Ruby,6,WEIGHT,3519,1.38 ct.
28,22,Ruby,6,WEIGHT,3695,1.45 ct. Approx.
28,22,Ruby,6,WEIGHT,3744,1.46 ct. Approx.
28,22,Ruby,6,WEIGHT,3702,1.47 ct. Approx.
28,22,Ruby,6,WEIGHT,4887,1.5 ct.
28,22,Ruby,6,WEIGHT,3709,1.55 ct. Approx.
28,22,Ruby,6,WEIGHT,3696,1.6 ct. Approx.
28,22,Ruby,6,WEIGHT,3520,1.74 ct.
28,22,Ruby,6,WEIGHT,3591,1.75 ct.
28,22,Ruby,6,WEIGHT,4351,10.1 ct.
28,22,Ruby,6,WEIGHT,4352,11.1 ct.
28,22,Ruby,6,WEIGHT,3552,12 ct.
28,22,Ruby,6,WEIGHT,4349,12.95 ct.
28,22,Ruby,6,WEIGHT,4348,14.8 ct.
28,22,Ruby,6,WEIGHT,3561,2 ct.
28,22,Ruby,6,WEIGHT,3710,2.2 ct. Approx.
28,22,Ruby,6,WEIGHT,3353,2.5 ct.
28,22,Ruby,6,WEIGHT,3703,2.5 ct. Approx.
28,22,Ruby,6,WEIGHT,4343,2.95 ct.
28,22,Ruby,6,WEIGHT,4510,28 ct.
28,22,Ruby,6,WEIGHT,3538,3 ct.
28,22,Ruby,6,WEIGHT,3927,3.2 ct.
28,22,Ruby,6,WEIGHT,3549,4 ct.
28,22,Ruby,6,WEIGHT,3590,5 ct.
28,22,Ruby,6,WEIGHT,3712,5 ct. Approx.
28,22,Ruby,6,WEIGHT,4321,5.6 ct.
28,22,Ruby,6,WEIGHT,4954,6.15 ct.
28,22,Ruby,6,WEIGHT,3713,7.25 ct. Approx.
28,22,Ruby,6,WEIGHT,4353,7.4 ct.
28,22,Ruby,6,WEIGHT,4326,7.9 ct.
28,22,Ruby,6,WEIGHT,10115,8.31 ct.
28,22,Ruby,6,WEIGHT,4354,8.4 ct.
28,22,Ruby,6,WEIGHT,3471,Approx. 0.06 ct.
28,22,Ruby,6,WEIGHT,3472,Approx. 0.084 ct.
28,22,Ruby,6,WEIGHT,3473,Approx. 0.192 ct.
28,22,Ruby,6,WEIGHT,3474,Approx. 0.22 ct.
28,22,Ruby,6,WEIGHT,3475,Approx. 0.264 ct.
28,22,Ruby,6,WEIGHT,3476,Approx. 0.3 ct.
28,22,Ruby,6,WEIGHT,3477,Approx. 0.336 ct.
28,22,Ruby,6,WEIGHT,3487,Approx. 0.36 ct.
28,22,Ruby,6,WEIGHT,3478,Approx. 0.384 ct.
28,22,Ruby,6,WEIGHT,3479,Approx. 0.48 ct.
28,22,Ruby,6,WEIGHT,3488,Approx. 0.504 ct.
28,22,Ruby,6,WEIGHT,3480,Approx. 0.54 ct.
28,22,Ruby,6,WEIGHT,3481,Approx. 0.636 ct.
28,22,Ruby,6,WEIGHT,3489,Approx. 0.66 ct.
28,22,Ruby,6,WEIGHT,3482,Approx. 0.672 ct.
28,22,Ruby,6,WEIGHT,3483,Approx. 0.756 ct.
28,22,Ruby,6,WEIGHT,3484,Approx. 0.9 ct.
28,22,Ruby,6,WEIGHT,3485,Approx. 1.05 ct.
28,22,Ruby,6,WEIGHT,3486,Approx. 1.15 ct.
28,22,Ruby,6,WEIGHT,3490,Approx. 1.38 ct.
28,22,Ruby,6,WEIGHT,3491,Approx. 1.74 ct.
28,22,Ruby,6,WEIGHT,3492,Approx. 2.4 ct.
28,22,Ruby,6,WEIGHT,3493,Approx. 3.18 ct.
28,22,Ruby,7,SIZE,6431,1 mm
28,22,Ruby,7,SIZE,6434,1.25 mm
28,22,Ruby,7,SIZE,6437,1.5 mm
28,22,Ruby,7,SIZE,6591,1.50 mm
28,22,Ruby,7,SIZE,6605,1.5x3 mm
28,22,Ruby,7,SIZE,6471,1.75 mm
28,22,Ruby,7,SIZE,6603,10x12 mm
28,22,Ruby,7,SIZE,6561,10x5 mm
28,22,Ruby,7,SIZE,6556,10x7 mm
28,22,Ruby,7,SIZE,5996,10x8 mm
28,22,Ruby,7,SIZE,5983,11 x 9 mm
28,22,Ruby,7,SIZE,5920,12x10 mm
28,22,Ruby,7,SIZE,5924,12x6 mm
28,22,Ruby,7,SIZE,7455,13 x 11 mm
28,22,Ruby,7,SIZE,9465,13x10.5mm
28,22,Ruby,7,SIZE,7331,14 x 10 mm
28,22,Ruby,7,SIZE,7371,14 x 12 mm
28,22,Ruby,7,SIZE,5008,14.0x10.0 mm.
28,22,Ruby,7,SIZE,9464,14.5x10.5mm
28,22,Ruby,7,SIZE,6541,14x11 mm
28,22,Ruby,7,SIZE,6558,14x12 mm
28,22,Ruby,7,SIZE,10097,15.2x11x3.5 mm
28,22,Ruby,7,SIZE,9468,15.5x10.8 mm
28,22,Ruby,7,SIZE,6963,15x11 mm
28,22,Ruby,7,SIZE,5611,16.5x12.0 mm.
28,22,Ruby,7,SIZE,10091,16x12x5 mm
28,22,Ruby,7,SIZE,10090,19x17x10 mm
28,22,Ruby,7,SIZE,6420,2.0 mm
28,22,Ruby,7,SIZE,6532,2.25 mm
28,22,Ruby,7,SIZE,6363,2.5 mm
28,22,Ruby,7,SIZE,6593,2.50 mm
28,22,Ruby,7,SIZE,6372,2.75 mm
28,22,Ruby,7,SIZE,6573,2x3 mm
28,22,Ruby,7,SIZE,6344,3 mm
28,22,Ruby,7,SIZE,6371,3.25 mm
28,22,Ruby,7,SIZE,6362,3.5 mm
28,22,Ruby,7,SIZE,6595,3.50 mm
28,22,Ruby,7,SIZE,6585,3.5x2 mm
28,22,Ruby,7,SIZE,6575,3.5x4.5 mm
28,22,Ruby,7,SIZE,6391,3.75 mm
28,22,Ruby,7,SIZE,6583,3x1.5 mm
28,22,Ruby,7,SIZE,6584,3x2 mm
28,22,Ruby,7,SIZE,6574,3x4 mm
28,22,Ruby,7,SIZE,6177,4 mm
28,22,Ruby,7,SIZE,6475,4.25 mm
28,22,Ruby,7,SIZE,6178,4.5 mm
28,22,Ruby,7,SIZE,6586,4.5x2.5 mm
28,22,Ruby,7,SIZE,6533,4.75 mm
28,22,Ruby,7,SIZE,6566,4x2 mm
28,22,Ruby,7,SIZE,6534,4x3 mm
28,22,Ruby,7,SIZE,6076,5 mm
28,22,Ruby,7,SIZE,6539,5.25 mm
28,22,Ruby,7,SIZE,6173,5.5 mm
28,22,Ruby,7,SIZE,6599,5.50 mm
28,22,Ruby,7,SIZE,6571,5.75 mm
28,22,Ruby,7,SIZE,6567,5x2.5 mm
28,22,Ruby,7,SIZE,6535,5x3 mm
28,22,Ruby,7,SIZE,6536,5x4 mm
28,22,Ruby,7,SIZE,6540,5x4mm
28,22,Ruby,7,SIZE,6174,6 mm
28,22,Ruby,7,SIZE,6600,6.00 mm
28,22,Ruby,7,SIZE,6572,6.25 mm
28,22,Ruby,7,SIZE,6175,6.5 mm
28,22,Ruby,7,SIZE,6588,6.5x3.5 mm
28,22,Ruby,7,SIZE,6577,6.5x5.5 mm
28,22,Ruby,7,SIZE,6168,6.75 mm
28,22,Ruby,7,SIZE,6568,6x3 mm
28,22,Ruby,7,SIZE,6537,6x4 mm
28,22,Ruby,7,SIZE,6576,6x5 mm
28,22,Ruby,7,SIZE,6176,7 mm
28,22,Ruby,7,SIZE,6477,7.0 mm
28,22,Ruby,7,SIZE,6589,7x3.5 mm
28,22,Ruby,7,SIZE,6538,7x5 mm
28,22,Ruby,7,SIZE,7290,8 x 6 mm
28,22,Ruby,7,SIZE,6162,8.0 mm
28,22,Ruby,7,SIZE,9457,8.5x6.5 mm
28,22,Ruby,7,SIZE,6569,8x4 mm
28,22,Ruby,7,SIZE,6060,8x6 mm
28,22,Ruby,7,SIZE,7300,9 x 7 mm
28,22,Ruby,7,SIZE,6026,9.5x7.5 mm
28,22,Ruby,7,SIZE,6590,9x4.5 mm
28,22,Ruby,7,SIZE,6043,9x7 mm
28,22,Ruby,7,SIZE,5914,N/A
28,22,Ruby,8,COLOR,7467,Raspberry Red
28,22,Ruby,8,COLOR,7461,Red
28,22,Ruby,8,COLOR,8964,Rich Ruby Red
28,22,Ruby,10,SHAPE,7691,Baguette
28,22,Ruby,10,SHAPE,7742,Emerald
28,22,Ruby,10,SHAPE,7684,Marquise
28,22,Ruby,10,SHAPE,7666,Oval
28,22,Ruby,10,SHAPE,7672,Pear
28,22,Ruby,10,SHAPE,7670,Round
28,22,Ruby,10,SHAPE,7685,Square
28,22,Ruby,10,SHAPE,7668,Trillion
28,22,Ruby,11,LUSTER,7929,Fair
28,22,Ruby,11,LUSTER,7915,Fine
28,22,Ruby,11,LUSTER,7918,Nice
28,22,Ruby,11,LUSTER,7924,Super Fine
28,22,Ruby,11,LUSTER,7917,Very Fine
28,22,Ruby,11,LUSTER,7925,Very Nice
28,22,Ruby,12,HARDNESS,7932,9
28,22,Ruby,13,GRADE,8040,A
28,22,Ruby,13,GRADE,8038,AA
28,22,Ruby,13,GRADE,8037,AAA
28,22,Ruby,19,NAME,8397,Ruby
28,22,Ruby,19,NAME,8471,Ruby Cabochon
28,22,Ruby,22,CLARITY,8590,SI1
28,22,Ruby,22,CLARITY,8589,VS
28,22,Ruby,22,CLARITY,8588,VS1
30,22,Tanzanite,1,TREATMENT,11,Treated
30,22,Tanzanite,2,ORIGIN,32,Tanzania
30,22,Tanzanite,3,CUT,60,Faceted
30,22,Tanzanite,6,WEIGHT,4815,0.7 cts.(Pair)
30,22,Tanzanite,6,WEIGHT,3701,1 ct. Approx.
30,22,Tanzanite,6,WEIGHT,2434,1.25 ct.
30,22,Tanzanite,6,WEIGHT,4785,6.7 cts.
30,22,Tanzanite,6,WEIGHT,4178,N/A
30,22,Tanzanite,7,SIZE,7132,10x10x8 mm
30,22,Tanzanite,7,SIZE,6360,2 mm
30,22,Tanzanite,7,SIZE,6076,5 mm
30,22,Tanzanite,7,SIZE,6474,5.0 mm
30,22,Tanzanite,7,SIZE,10168,5.8x5.8x4.8 mm
30,22,Tanzanite,8,COLOR,7651,Blue-Purple
30,22,Tanzanite,8,COLOR,7480,Purple
30,22,Tanzanite,10,SHAPE,7821,Antique cushion
30,22,Tanzanite,10,SHAPE,7695,Cushion
30,22,Tanzanite,10,SHAPE,7670,Round
30,22,Tanzanite,10,SHAPE,7668,Trillion
30,22,Tanzanite,11,LUSTER,7915,Fine
30,22,Tanzanite,11,LUSTER,7925,Very Nice
30,22,Tanzanite,12,HARDNESS,8016,7.0 - 7.5
30,22,Tanzanite,13,GRADE,8040,A
30,22,Tanzanite,13,GRADE,8038,AA
30,22,Tanzanite,19,NAME,8429,Tanzanite
32,23,Chrome Diopside,1,TREATMENT,1,Heat Treated
32,23,Chrome Diopside,1,TREATMENT,6,Natural
32,23,Chrome Diopside,1,TREATMENT,3,None
32,23,Chrome Diopside,2,ORIGIN,27,Russia
32,23,Chrome Diopside,3,CUT,61,Cabochon
32,23,Chrome Diopside,3,CUT,60,Faceted
32,23,Chrome Diopside,4,CLARITY/GRADE,157,A
32,23,Chrome Diopside,4,CLARITY/GRADE,145,AA
32,23,Chrome Diopside,4,CLARITY/GRADE,144,AAA
32,23,Chrome Diopside,4,CLARITY/GRADE,193,Super
32,23,Chrome Diopside,4,CLARITY/GRADE,126,VS
32,23,Chrome Diopside,6,WEIGHT,3643,0.10 ct.
32,23,Chrome Diopside,6,WEIGHT,3804,0.12 ct.
32,23,Chrome Diopside,6,WEIGHT,3534,0.15 ct.
32,23,Chrome Diopside,6,WEIGHT,3633,0.16 ct.
32,23,Chrome Diopside,6,WEIGHT,3505,0.22 ct.
32,23,Chrome Diopside,6,WEIGHT,3667,0.23 ct.
32,23,Chrome Diopside,6,WEIGHT,3562,0.25 ct.
32,23,Chrome Diopside,6,WEIGHT,3645,0.26 ct.
32,23,Chrome Diopside,6,WEIGHT,3507,0.3 ct.
32,23,Chrome Diopside,6,WEIGHT,3555,0.35 ct.
32,23,Chrome Diopside,6,WEIGHT,3523,0.37 ct.
32,23,Chrome Diopside,6,WEIGHT,3661,0.47 ct.
32,23,Chrome Diopside,6,WEIGHT,3558,0.5 ct.
32,23,Chrome Diopside,6,WEIGHT,3556,0.52 ct.
32,23,Chrome Diopside,6,WEIGHT,3543,0.65 ct.
32,23,Chrome Diopside,6,WEIGHT,3524,0.75 ct.
32,23,Chrome Diopside,6,WEIGHT,737,0.86 Carats
32,23,Chrome Diopside,6,WEIGHT,357,0.94 Carats
32,23,Chrome Diopside,6,WEIGHT,4883,0.96 ct
32,23,Chrome Diopside,6,WEIGHT,3922,0.97 ct.
32,23,Chrome Diopside,6,WEIGHT,3559,1 ct.
32,23,Chrome Diopside,6,WEIGHT,3557,1.05 ct.
32,23,Chrome Diopside,6,WEIGHT,3285,1.06 ct.
32,23,Chrome Diopside,6,WEIGHT,4889,1.07 cts
32,23,Chrome Diopside,6,WEIGHT,3536,1.12 ct.
32,23,Chrome Diopside,6,WEIGHT,2434,1.25 ct.
32,23,Chrome Diopside,6,WEIGHT,347,1.28 Carats
32,23,Chrome Diopside,6,WEIGHT,1567,1.41 carats
32,23,Chrome Diopside,6,WEIGHT,4887,1.5 ct.
32,23,Chrome Diopside,6,WEIGHT,2995,1.68 carats
32,23,Chrome Diopside,6,WEIGHT,3544,1.95 ct.
32,23,Chrome Diopside,6,WEIGHT,3526,2.25 ct.
32,23,Chrome Diopside,6,WEIGHT,3538,3 ct.
32,23,Chrome Diopside,6,WEIGHT,3527,3.75 ct.
32,23,Chrome Diopside,6,WEIGHT,3539,4.12 ct.
32,23,Chrome Diopside,7,SIZE,5305,10.2x5.1 mm.
32,23,Chrome Diopside,7,SIZE,6561,10x5 mm
32,23,Chrome Diopside,7,SIZE,6363,2.5 mm
32,23,Chrome Diopside,7,SIZE,6345,3 mm
32,23,Chrome Diopside,7,SIZE,6344,3 mm
32,23,Chrome Diopside,7,SIZE,6362,3.5 mm
32,23,Chrome Diopside,7,SIZE,6177,4 mm
32,23,Chrome Diopside,7,SIZE,6076,5 mm
32,23,Chrome Diopside,7,SIZE,6474,5.0 mm
32,23,Chrome Diopside,7,SIZE,5060,5.0x5.0 mm
32,23,Chrome Diopside,7,SIZE,6535,5x3 mm
32,23,Chrome Diopside,7,SIZE,6174,6 mm
32,23,Chrome Diopside,7,SIZE,7320,6 x 3 mm
32,23,Chrome Diopside,7,SIZE,5168,6.8X5.0 mm.
32,23,Chrome Diopside,7,SIZE,5278,6.9x4.9 mm.
32,23,Chrome Diopside,7,SIZE,6537,6x4 mm
32,23,Chrome Diopside,7,SIZE,6176,7 mm
32,23,Chrome Diopside,7,SIZE,6538,7x5 mm
32,23,Chrome Diopside,7,SIZE,6263,8 mm
32,23,Chrome Diopside,7,SIZE,7318,8 x 4 mm
32,23,Chrome Diopside,7,SIZE,5112,8.0x5.0 mm.
32,23,Chrome Diopside,7,SIZE,6562,8x5 mm
32,23,Chrome Diopside,7,SIZE,6060,8x6 mm
32,23,Chrome Diopside,7,SIZE,5295,9.0x5.9 mm.
32,23,Chrome Diopside,7,SIZE,6304,9.1X6.0 mm
32,23,Chrome Diopside,7,SIZE,5292,9.2x6.0 mm.
32,23,Chrome Diopside,7,SIZE,5300,9.9x4.9 mm.
32,23,Chrome Diopside,7,SIZE,6563,9x6 mm
32,23,Chrome Diopside,7,SIZE,6043,9x7 mm
32,23,Chrome Diopside,8,COLOR,7481,Green
32,23,Chrome Diopside,10,SHAPE,7820,Bullet
32,23,Chrome Diopside,10,SHAPE,7717,Heart
32,23,Chrome Diopside,10,SHAPE,7684,Marquise
32,23,Chrome Diopside,10,SHAPE,7689,Octagon
32,23,Chrome Diopside,10,SHAPE,7666,Oval
32,23,Chrome Diopside,10,SHAPE,7672,Pear
32,23,Chrome Diopside,10,SHAPE,7670,Round
32,23,Chrome Diopside,10,SHAPE,7685,Square
32,23,Chrome Diopside,10,SHAPE,9963,Square Sugar Loaf
32,23,Chrome Diopside,10,SHAPE,7668,Trillion
32,23,Chrome Diopside,11,LUSTER,7915,Fine
32,23,Chrome Diopside,11,LUSTER,7925,Very Nice
32,23,Chrome Diopside,12,HARDNESS,7950,4.5 - 5.0
32,23,Chrome Diopside,12,HARDNESS,7940,5.5 - 6.5
32,23,Chrome Diopside,13,GRADE,8037,AAA
32,23,Chrome Diopside,19,NAME,8409,Chrome Diopside
33,23,Citrine,1,TREATMENT,1,Heat Treated
33,23,Citrine,1,TREATMENT,3,None
33,23,Citrine,1,TREATMENT,11,Treated
33,23,Citrine,2,ORIGIN,43,Brazil
33,23,Citrine,3,CUT,96,Barrel
33,23,Citrine,3,CUT,98,Bullet
33,23,Citrine,3,CUT,61,Cabochon
33,23,Citrine,3,CUT,99,Carving
33,23,Citrine,3,CUT,91,Checker Board
33,23,Citrine,3,CUT,90,Diamond Cut
33,23,Citrine,3,CUT,60,Faceted
33,23,Citrine,3,CUT,79,Princess Cut
33,23,Citrine,3,CUT,111,Smooth
33,23,Citrine,4,CLARITY/GRADE,157,A
33,23,Citrine,4,CLARITY/GRADE,145,AA
33,23,Citrine,4,CLARITY/GRADE,144,AAA
33,23,Citrine,4,CLARITY/GRADE,138,Opaque
33,23,Citrine,4,CLARITY/GRADE,127,SI
33,23,Citrine,4,CLARITY/GRADE,193,Super
33,23,Citrine,6,WEIGHT,3532,0.045 ct.
33,23,Citrine,6,WEIGHT,3533,0.09 ct.
33,23,Citrine,6,WEIGHT,3534,0.15 ct.
33,23,Citrine,6,WEIGHT,3535,0.24 ct.
33,23,Citrine,6,WEIGHT,3507,0.3 ct.
33,23,Citrine,6,WEIGHT,3523,0.37 ct.
33,23,Citrine,6,WEIGHT,3547,0.4 ct.
33,23,Citrine,6,WEIGHT,3558,0.5 ct.
33,23,Citrine,6,WEIGHT,3578,0.6 ct.
33,23,Citrine,6,WEIGHT,3543,0.65 ct.
33,23,Citrine,6,WEIGHT,3524,0.75 ct.
33,23,Citrine,6,WEIGHT,3579,0.8 ct.
33,23,Citrine,6,WEIGHT,3515,0.9 ct.
33,23,Citrine,6,WEIGHT,3559,1 ct.
33,23,Citrine,6,WEIGHT,3536,1.12 ct.
33,23,Citrine,6,WEIGHT,3589,1.2 ct.
33,23,Citrine,6,WEIGHT,2434,1.25 ct.
33,23,Citrine,6,WEIGHT,4887,1.5 ct.
33,23,Citrine,6,WEIGHT,3603,1.6 ct.
33,23,Citrine,6,WEIGHT,3630,1.7 ct.
33,23,Citrine,6,WEIGHT,3591,1.75 ct.
33,23,Citrine,6,WEIGHT,3617,1.8 ct.
33,23,Citrine,6,WEIGHT,3537,1.87 ct.
33,23,Citrine,6,WEIGHT,3618,1.9 ct.
33,23,Citrine,6,WEIGHT,3544,1.95 ct.
33,23,Citrine,6,WEIGHT,3585,10 ct.
33,23,Citrine,6,WEIGHT,397,10.7 Carats
33,23,Citrine,6,WEIGHT,392,10.89 Carats
33,23,Citrine,6,WEIGHT,4502,11 ct.
33,23,Citrine,6,WEIGHT,4500,11.5 ct.
33,23,Citrine,6,WEIGHT,3542,11.62 ct.
33,23,Citrine,6,WEIGHT,383,12.47 Carats
33,23,Citrine,6,WEIGHT,4497,12.8 ct.
33,23,Citrine,6,WEIGHT,381,13.5 Carats
33,23,Citrine,6,WEIGHT,394,13.67 Carats
33,23,Citrine,6,WEIGHT,410,14.66 Carats
33,23,Citrine,6,WEIGHT,384,15.67 Carats
33,23,Citrine,6,WEIGHT,389,16.42 Carats
33,23,Citrine,6,WEIGHT,4504,17 ct.
33,23,Citrine,6,WEIGHT,386,19.43 Carats
33,23,Citrine,6,WEIGHT,3561,2 ct.
33,23,Citrine,6,WEIGHT,3526,2.25 ct.
33,23,Citrine,6,WEIGHT,3521,2.4 ct.
33,23,Citrine,6,WEIGHT,3581,2.5 ct.
33,23,Citrine,6,WEIGHT,4323,2.65 ct.
33,23,Citrine,6,WEIGHT,3583,2.75 ct.
33,23,Citrine,6,WEIGHT,396,20.22 Carats
33,23,Citrine,6,WEIGHT,395,23.03 Carats
33,23,Citrine,6,WEIGHT,382,23.39 Carats
33,23,Citrine,6,WEIGHT,4501,24 ct.
33,23,Citrine,6,WEIGHT,391,24.35 Carats
33,23,Citrine,6,WEIGHT,4498,26 ct.
33,23,Citrine,6,WEIGHT,3538,3 ct.
33,23,Citrine,6,WEIGHT,3545,3.07 ct.
33,23,Citrine,6,WEIGHT,3582,3.25 ct.
33,23,Citrine,6,WEIGHT,3584,3.5 ct.
33,23,Citrine,6,WEIGHT,4313,3.6 ct.
33,23,Citrine,6,WEIGHT,3527,3.75 ct.
33,23,Citrine,6,WEIGHT,387,38.65 Carats
33,23,Citrine,6,WEIGHT,3549,4 ct.
33,23,Citrine,6,WEIGHT,3539,4.12 ct.
33,23,Citrine,6,WEIGHT,4494,4.25 ct.
33,23,Citrine,6,WEIGHT,3546,4.35 ct.
33,23,Citrine,6,WEIGHT,3528,4.5 ct.
33,23,Citrine,6,WEIGHT,368,4.65 Carats
33,23,Citrine,6,WEIGHT,4316,4.7 ct.
33,23,Citrine,6,WEIGHT,4496,4.75 ct.
33,23,Citrine,6,WEIGHT,4337,4.9 ct.
33,23,Citrine,6,WEIGHT,4503,40 ct.
33,23,Citrine,6,WEIGHT,3590,5 ct.
33,23,Citrine,6,WEIGHT,3540,5.25 ct.
33,23,Citrine,6,WEIGHT,3592,5.5 ct.
33,23,Citrine,6,WEIGHT,3529,6 ct.
33,23,Citrine,6,WEIGHT,3550,6.5 ct.
33,23,Citrine,6,WEIGHT,3541,6.9 ct.
33,23,Citrine,6,WEIGHT,3548,7 ct.
33,23,Citrine,6,WEIGHT,3530,7.5 ct.
33,23,Citrine,6,WEIGHT,3593,8 ct.
33,23,Citrine,6,WEIGHT,3600,8.5 ct.
33,23,Citrine,6,WEIGHT,3531,9 ct.
33,23,Citrine,6,WEIGHT,4499,ct.
33,23,Citrine,7,SIZE,5984,10 mm
33,23,Citrine,7,SIZE,7439,10 x 5 mm
33,23,Citrine,7,SIZE,5231,10.0X10.0mm
33,23,Citrine,7,SIZE,5011,10.0x8.0 mm.
33,23,Citrine,7,SIZE,6866,10x10x7 mm
33,23,Citrine,7,SIZE,7272,10x5x6mm
33,23,Citrine,7,SIZE,5996,10x8 mm
33,23,Citrine,7,SIZE,5977,11 mm
33,23,Citrine,7,SIZE,5010,11.0x9.0 mm.
33,23,Citrine,7,SIZE,5998,11x9 mm
33,23,Citrine,7,SIZE,6551,12 mm
33,23,Citrine,7,SIZE,7438,12 x 6 mm
33,23,Citrine,7,SIZE,5230,12.0X10.0mm
33,23,Citrine,7,SIZE,5920,12x10 mm
33,23,Citrine,7,SIZE,6865,12x10x7 mm
33,23,Citrine,7,SIZE,6880,12x6x7 mm
33,23,Citrine,7,SIZE,6564,12x8 mm
33,23,Citrine,7,SIZE,6552,13 mm
33,23,Citrine,7,SIZE,6903,13x5 mm
33,23,Citrine,7,SIZE,6891,13x6 mm
33,23,Citrine,7,SIZE,6272,14 mm
33,23,Citrine,7,SIZE,7331,14 x 10 mm
33,23,Citrine,7,SIZE,7319,14 x 7 mm
33,23,Citrine,7,SIZE,7433,14 x 9 mm
33,23,Citrine,7,SIZE,6550,14x10 mm
33,23,Citrine,7,SIZE,6558,14x12 mm
33,23,Citrine,7,SIZE,6868,14x6 mm
33,23,Citrine,7,SIZE,6852,15 mm
33,23,Citrine,7,SIZE,5974,15 x 10 mm
33,23,Citrine,7,SIZE,7395,15 x 7 mm
33,23,Citrine,7,SIZE,7424,16 x 12 mm
33,23,Citrine,7,SIZE,7389,16 x 7 mm
33,23,Citrine,7,SIZE,6872,16x10 mm
33,23,Citrine,7,SIZE,6861,16x14 mm
33,23,Citrine,7,SIZE,6855,16x8 mm
33,23,Citrine,7,SIZE,7454,17 x 10 mm
33,23,Citrine,7,SIZE,6882,17x8 mm
33,23,Citrine,7,SIZE,6360,2 mm
33,23,Citrine,7,SIZE,6363,2.5 mm
33,23,Citrine,7,SIZE,6871,20 mm
33,23,Citrine,7,SIZE,6878,20x12 mm
33,23,Citrine,7,SIZE,6862,22x12 mm
33,23,Citrine,7,SIZE,6876,28x12 mm
33,23,Citrine,7,SIZE,6344,3 mm
33,23,Citrine,7,SIZE,6362,3.5 mm
33,23,Citrine,7,SIZE,6863,30x15 mm
33,23,Citrine,7,SIZE,6177,4 mm
33,23,Citrine,7,SIZE,6076,5 mm
33,23,Citrine,7,SIZE,5060,5.0x5.0 mm
33,23,Citrine,7,SIZE,6535,5x3 mm
33,23,Citrine,7,SIZE,6174,6 mm
33,23,Citrine,7,SIZE,5017,6.0x4.0 mm.
33,23,Citrine,7,SIZE,5061,6.0x6.0 mm
33,23,Citrine,7,SIZE,6537,6x4 mm
33,23,Citrine,7,SIZE,6176,7 mm
33,23,Citrine,7,SIZE,7289,7 x 5 mm
33,23,Citrine,7,SIZE,5014,7.0x5.0 mm.
33,23,Citrine,7,SIZE,5062,7.0x7.0 mm
33,23,Citrine,7,SIZE,6538,7x5 mm
33,23,Citrine,7,SIZE,6615,7x9 mm
33,23,Citrine,7,SIZE,6263,8 mm
33,23,Citrine,7,SIZE,5013,8.0x6.0 mm.
33,23,Citrine,7,SIZE,5063,8.0x8.0 mm
33,23,Citrine,7,SIZE,6879,8x4x7 mm
33,23,Citrine,7,SIZE,6060,8x6 mm
33,23,Citrine,7,SIZE,6850,8x8 mm
33,23,Citrine,7,SIZE,6867,8x8x6 mm
33,23,Citrine,7,SIZE,6282,9 mm
33,23,Citrine,7,SIZE,6067,9.0x7.0 mm
33,23,Citrine,7,SIZE,5064,9.0x9.0 mm
33,23,Citrine,7,SIZE,6043,9x7 mm
33,23,Citrine,7,SIZE,5914,N/A
33,23,Citrine,8,COLOR,7469,Golden
33,23,Citrine,8,COLOR,7488,Golden Yellow
33,23,Citrine,8,COLOR,8718,Honey Brown
33,23,Citrine,8,COLOR,7648,Madira
33,23,Citrine,10,SHAPE,7821,Antique cushion
33,23,Citrine,10,SHAPE,8977,Barrel cut with long bottom
33,23,Citrine,10,SHAPE,7844,Bead
33,23,Citrine,10,SHAPE,7814,Briolette
33,23,Citrine,10,SHAPE,7820,Bullet
33,23,Citrine,10,SHAPE,7769,Bullet Shape
33,23,Citrine,10,SHAPE,7815,Carvings
33,23,Citrine,10,SHAPE,7695,Cushion
33,23,Citrine,10,SHAPE,7752,Cushion Buff Top
33,23,Citrine,10,SHAPE,7679,Cushion Checker board
33,23,Citrine,10,SHAPE,7860,Drop Bead
33,23,Citrine,10,SHAPE,7742,Emerald
33,23,Citrine,10,SHAPE,7768,Fancy
33,23,Citrine,10,SHAPE,7817,Half Moon
33,23,Citrine,10,SHAPE,7694,Long Cushion
33,23,Citrine,10,SHAPE,7770,Long Cushion Buff Top
33,23,Citrine,10,SHAPE,7678,Long Cushion Checker board
33,23,Citrine,10,SHAPE,8975,Long octagon
33,23,Citrine,10,SHAPE,7705,Octagonal
33,23,Citrine,10,SHAPE,7666,Oval
33,23,Citrine,10,SHAPE,7809,Oval Buff Top
33,23,Citrine,10,SHAPE,7672,Pear
33,23,Citrine,10,SHAPE,8720,Pear Bead
33,23,Citrine,10,SHAPE,7670,Round
33,23,Citrine,10,SHAPE,7854,Round Bead
33,23,Citrine,10,SHAPE,7819,Round Briolette
33,23,Citrine,10,SHAPE,7771,Round Buff Top
33,23,Citrine,10,SHAPE,7685,Square
33,23,Citrine,10,SHAPE,7816,Star
33,23,Citrine,10,SHAPE,7668,Trillion
33,23,Citrine,10,SHAPE,7681,Trillion shape Checker board
33,23,Citrine,11,LUSTER,7915,Fine
33,23,Citrine,11,LUSTER,7918,Nice
33,23,Citrine,11,LUSTER,127,SI
33,23,Citrine,11,LUSTER,8983,Very Good
33,23,Citrine,12,HARDNESS,7933,7
33,23,Citrine,13,GRADE,8037,AAA
33,23,Citrine,19,NAME,8400,Citrine
33,23,Citrine,19,NAME,8456,Golden Citrine
33,23,Citrine,19,NAME,8799,Madeira Citrine
33,23,Citrine,20,DEPTH,8751,3 mm
33,23,Citrine,20,DEPTH,8744,4 mm
33,23,Citrine,20,DEPTH,8521,5 mm
33,23,Citrine,20,DEPTH,8523,6 mm
33,23,Citrine,20,DEPTH,9053,6.5 mm
33,23,Citrine,22,CLARITY,8721,SI
33,23,Citrine,22,CLARITY,8589,VS
34,23,Iolite,1,TREATMENT,6,Natural
34,23,Iolite,1,TREATMENT,3,None
34,23,Iolite,2,ORIGIN,42,Arizona
34,23,Iolite,2,ORIGIN,23,India
34,23,Iolite,3,CUT,61,Cabochon
34,23,Iolite,3,CUT,91,Checker Board
34,23,Iolite,3,CUT,60,Faceted
34,23,Iolite,3,CUT,84,Fancy
34,23,Iolite,4,CLARITY/GRADE,157,A
34,23,Iolite,4,CLARITY/GRADE,145,AA
34,23,Iolite,4,CLARITY/GRADE,144,AAA
34,23,Iolite,4,CLARITY/GRADE,193,Super
34,23,Iolite,4,CLARITY/GRADE,126,VS
34,23,Iolite,6,WEIGHT,3534,0.15 ct.
34,23,Iolite,6,WEIGHT,3644,0.20 ct.
34,23,Iolite,6,WEIGHT,3562,0.25 ct.
34,23,Iolite,6,WEIGHT,3555,0.35 ct.
34,23,Iolite,6,WEIGHT,3523,0.37 ct.
34,23,Iolite,6,WEIGHT,3547,0.4 ct.
34,23,Iolite,6,WEIGHT,3558,0.5 ct.
34,23,Iolite,6,WEIGHT,3556,0.52 ct.
34,23,Iolite,6,WEIGHT,3543,0.65 ct.
34,23,Iolite,6,WEIGHT,3524,0.75 ct.
34,23,Iolite,6,WEIGHT,3559,1 ct.
34,23,Iolite,6,WEIGHT,3557,1.05 ct.
34,23,Iolite,6,WEIGHT,3536,1.12 ct.
34,23,Iolite,6,WEIGHT,4887,1.5 ct.
34,23,Iolite,6,WEIGHT,3630,1.7 ct.
34,23,Iolite,6,WEIGHT,3591,1.75 ct.
34,23,Iolite,6,WEIGHT,3537,1.87 ct.
34,23,Iolite,6,WEIGHT,3544,1.95 ct.
34,23,Iolite,6,WEIGHT,3542,11.62 ct.
34,23,Iolite,6,WEIGHT,3552,12 ct.
34,23,Iolite,6,WEIGHT,3553,16 ct.
34,23,Iolite,6,WEIGHT,3561,2 ct.
34,23,Iolite,6,WEIGHT,3526,2.25 ct.
34,23,Iolite,6,WEIGHT,3581,2.5 ct.
34,23,Iolite,6,WEIGHT,3554,20 ct.
34,23,Iolite,6,WEIGHT,3538,3 ct.
34,23,Iolite,6,WEIGHT,3545,3.07 ct.
34,23,Iolite,6,WEIGHT,3527,3.75 ct.
34,23,Iolite,6,WEIGHT,3539,4.12 ct.
34,23,Iolite,6,WEIGHT,3528,4.5 ct.
34,23,Iolite,6,WEIGHT,3590,5 ct.
34,23,Iolite,6,WEIGHT,3540,5.25 ct.
34,23,Iolite,6,WEIGHT,3529,6 ct.
34,23,Iolite,6,WEIGHT,3541,6.9 ct.
34,23,Iolite,6,WEIGHT,3530,7.5 ct.
34,23,Iolite,6,WEIGHT,3531,9 ct.
34,23,Iolite,7,SIZE,5984,10 mm
34,23,Iolite,7,SIZE,5109,10.0x5.0 mm.
34,23,Iolite,7,SIZE,5113,10.0x7.0 mm.
34,23,Iolite,7,SIZE,5996,10x8 mm
34,23,Iolite,7,SIZE,5977,11 mm
34,23,Iolite,7,SIZE,5998,11x9 mm
34,23,Iolite,7,SIZE,6551,12 mm
34,23,Iolite,7,SIZE,5920,12x10 mm
34,23,Iolite,7,SIZE,6552,13 mm
34,23,Iolite,7,SIZE,6550,14x10 mm
34,23,Iolite,7,SIZE,6553,16x12 mm
34,23,Iolite,7,SIZE,6554,18x13 mm
34,23,Iolite,7,SIZE,6555,20x15 mm
34,23,Iolite,7,SIZE,6344,3 mm
34,23,Iolite,7,SIZE,5099,3.0x3.0 mm.
34,23,Iolite,7,SIZE,5116,3.5x3.5 mm.
34,23,Iolite,7,SIZE,6177,4 mm
34,23,Iolite,7,SIZE,5055,4.0x4.0 mm.
34,23,Iolite,7,SIZE,6076,5 mm
34,23,Iolite,7,SIZE,5018,5.0x3.0 mm.
34,23,Iolite,7,SIZE,5060,5.0x5.0 mm
34,23,Iolite,7,SIZE,6535,5x3 mm
34,23,Iolite,7,SIZE,6174,6 mm
34,23,Iolite,7,SIZE,5107,6.0x3.0 mm.
34,23,Iolite,7,SIZE,5017,6.0x4.0 mm.
34,23,Iolite,7,SIZE,6537,6x4 mm
34,23,Iolite,7,SIZE,6176,7 mm
34,23,Iolite,7,SIZE,5014,7.0x5.0 mm.
34,23,Iolite,7,SIZE,6538,7x5 mm
34,23,Iolite,7,SIZE,6615,7x9 mm
34,23,Iolite,7,SIZE,6263,8 mm
34,23,Iolite,7,SIZE,5108,8.0x4.0 mm.
34,23,Iolite,7,SIZE,5112,8.0x5.0 mm.
34,23,Iolite,7,SIZE,5013,8.0x6.0 mm.
34,23,Iolite,7,SIZE,6060,8x6 mm
34,23,Iolite,7,SIZE,6282,9 mm
34,23,Iolite,7,SIZE,5115,9.0x6.0 mm.
34,23,Iolite,7,SIZE,6067,9.0x7.0 mm
34,23,Iolite,7,SIZE,6043,9x7 mm
34,23,Iolite,8,COLOR,7479,Violet Blue
34,23,Iolite,10,SHAPE,7695,Cushion
34,23,Iolite,10,SHAPE,7742,Emerald
34,23,Iolite,10,SHAPE,7841,Fancy Square
34,23,Iolite,10,SHAPE,7717,Heart
34,23,Iolite,10,SHAPE,7694,Long Cushion
34,23,Iolite,10,SHAPE,7684,Marquise
34,23,Iolite,10,SHAPE,7689,Octagon
34,23,Iolite,10,SHAPE,7666,Oval
34,23,Iolite,10,SHAPE,7672,Pear
34,23,Iolite,10,SHAPE,7670,Round
34,23,Iolite,10,SHAPE,7685,Square
34,23,Iolite,10,SHAPE,7668,Trillion
34,23,Iolite,10,SHAPE,7681,Trillion shape Checker board
34,23,Iolite,11,LUSTER,7915,Fine
34,23,Iolite,11,LUSTER,7918,Nice
34,23,Iolite,12,HARDNESS,7934,7.0 - 7.5
34,23,Iolite,12,HARDNESS,7942,7.0 - 7.5
34,23,Iolite,13,GRADE,8037,AAA
34,23,Iolite,19,NAME,8403,Iolite
35,23,Collection Gems,1,TREATMENT,1,Heat Treated
35,23,Collection Gems,2,ORIGIN,43,Brazil
35,23,Collection Gems,3,CUT,60,Faceted
35,23,Collection Gems,6,WEIGHT,3620,0.13 ct.
35,23,Collection Gems,6,WEIGHT,3660,0.18 ct.
35,23,Collection Gems,6,WEIGHT,3505,0.22 ct.
35,23,Collection Gems,7,SIZE,5091,4.5x3.5 mm.
35,23,Collection Gems,7,SIZE,9600,4x3 mm
35,23,Collection Gems,8,COLOR,7507,Pink
35,23,Collection Gems,10,SHAPE,7666,Oval
35,23,Collection Gems,10,SHAPE,7672,Pear
35,23,Collection Gems,12,HARDNESS,7943,7.5 - 8.0
35,23,Collection Gems,13,GRADE,8037,AAA
35,23,Collection Gems,19,NAME,8405,Morganite
36,23,Mozambique Garnet,1,TREATMENT,3,None
36,23,Mozambique Garnet,2,ORIGIN,21,Africa
36,23,Mozambique Garnet,3,CUT,60,Faceted
36,23,Mozambique Garnet,4,CLARITY/GRADE,126,VS
36,23,Mozambique Garnet,6,WEIGHT,3562,0.25 ct.
36,23,Mozambique Garnet,6,WEIGHT,3547,0.4 ct.
36,23,Mozambique Garnet,6,WEIGHT,3558,0.5 ct.
36,23,Mozambique Garnet,6,WEIGHT,3578,0.6 ct.
36,23,Mozambique Garnet,6,WEIGHT,3524,0.75 ct.
36,23,Mozambique Garnet,6,WEIGHT,3515,0.9 ct.
36,23,Mozambique Garnet,6,WEIGHT,3559,1 ct.
36,23,Mozambique Garnet,6,WEIGHT,2434,1.25 ct.
36,23,Mozambique Garnet,6,WEIGHT,4887,1.5 ct.
36,23,Mozambique Garnet,6,WEIGHT,3591,1.75 ct.
36,23,Mozambique Garnet,6,WEIGHT,3585,10 ct.
36,23,Mozambique Garnet,6,WEIGHT,3561,2 ct.
36,23,Mozambique Garnet,6,WEIGHT,3588,2.2 ct.
36,23,Mozambique Garnet,6,WEIGHT,3526,2.25 ct.
36,23,Mozambique Garnet,6,WEIGHT,3581,2.5 ct.
36,23,Mozambique Garnet,6,WEIGHT,3538,3 ct.
36,23,Mozambique Garnet,6,WEIGHT,3584,3.5 ct.
36,23,Mozambique Garnet,6,WEIGHT,3590,5 ct.
36,23,Mozambique Garnet,6,WEIGHT,3592,5.5 ct.
36,23,Mozambique Garnet,6,WEIGHT,3529,6 ct.
36,23,Mozambique Garnet,6,WEIGHT,3600,8.5 ct.
36,23,Mozambique Garnet,7,SIZE,5109,10.0x5.0 mm.
36,23,Mozambique Garnet,7,SIZE,5011,10.0x8.0 mm.
36,23,Mozambique Garnet,7,SIZE,5010,11.0x9.0 mm.
36,23,Mozambique Garnet,7,SIZE,5230,12.0X10.0mm
36,23,Mozambique Garnet,7,SIZE,5110,12.0x6.0 mm.
36,23,Mozambique Garnet,7,SIZE,5114,12.0x8.0 mm.
36,23,Mozambique Garnet,7,SIZE,5008,14.0x10.0 mm.
36,23,Mozambique Garnet,7,SIZE,5111,15.0x7.0 mm.
36,23,Mozambique Garnet,7,SIZE,5055,4.0x4.0 mm.
36,23,Mozambique Garnet,7,SIZE,5060,5.0x5.0 mm
36,23,Mozambique Garnet,7,SIZE,5107,6.0x3.0 mm.
36,23,Mozambique Garnet,7,SIZE,5017,6.0x4.0 mm.
36,23,Mozambique Garnet,7,SIZE,5061,6.0x6.0 mm
36,23,Mozambique Garnet,7,SIZE,5014,7.0x5.0 mm.
36,23,Mozambique Garnet,7,SIZE,5062,7.0x7.0 mm
36,23,Mozambique Garnet,7,SIZE,5108,8.0x4.0 mm.
36,23,Mozambique Garnet,7,SIZE,5112,8.0x5.0 mm.
36,23,Mozambique Garnet,7,SIZE,5013,8.0x6.0 mm.
36,23,Mozambique Garnet,7,SIZE,5063,8.0x8.0 mm
36,23,Mozambique Garnet,7,SIZE,6067,9.0x7.0 mm
36,23,Mozambique Garnet,7,SIZE,5064,9.0x9.0 mm
36,23,Mozambique Garnet,8,COLOR,7461,Red
36,23,Mozambique Garnet,10,SHAPE,7717,Heart
36,23,Mozambique Garnet,10,SHAPE,7684,Marquise
36,23,Mozambique Garnet,10,SHAPE,7689,Octagon
36,23,Mozambique Garnet,10,SHAPE,7666,Oval
36,23,Mozambique Garnet,10,SHAPE,7672,Pear
36,23,Mozambique Garnet,10,SHAPE,7685,Square
36,23,Mozambique Garnet,10,SHAPE,7668,Trillion
36,23,Mozambique Garnet,11,LUSTER,7915,Fine
36,23,Mozambique Garnet,12,HARDNESS,7936,6.5 - 7.5
36,23,Mozambique Garnet,13,GRADE,8037,AAA
36,23,Mozambique Garnet,19,NAME,8402,Mozambique Garnet
37,23,Peridot,1,TREATMENT,1,Heat Treated
37,23,Peridot,1,TREATMENT,6,Natural
37,23,Peridot,2,ORIGIN,42,Arizona
37,23,Peridot,2,ORIGIN,26,Arizona (USA)
37,23,Peridot,3,CUT,61,Cabochon
37,23,Peridot,3,CUT,91,Checker Board
37,23,Peridot,3,CUT,60,Faceted
37,23,Peridot,4,CLARITY/GRADE,157,A
37,23,Peridot,4,CLARITY/GRADE,145,AA
37,23,Peridot,4,CLARITY/GRADE,144,AAA
37,23,Peridot,4,CLARITY/GRADE,151,Commercial
37,23,Peridot,6,WEIGHT,3803,0.03 ct.
37,23,Peridot,6,WEIGHT,3532,0.045 ct.
37,23,Peridot,6,WEIGHT,3551,0.05 ct.
37,23,Peridot,6,WEIGHT,3533,0.09 ct.
37,23,Peridot,6,WEIGHT,3643,0.10 ct.
37,23,Peridot,6,WEIGHT,3534,0.15 ct.
37,23,Peridot,6,WEIGHT,3644,0.20 ct.
37,23,Peridot,6,WEIGHT,3667,0.23 ct.
37,23,Peridot,6,WEIGHT,3562,0.25 ct.
37,23,Peridot,6,WEIGHT,3507,0.3 ct.
37,23,Peridot,6,WEIGHT,3555,0.35 ct.
37,23,Peridot,6,WEIGHT,3523,0.37 ct.
37,23,Peridot,6,WEIGHT,3547,0.4 ct.
37,23,Peridot,6,WEIGHT,3861,0.45 ct.
37,23,Peridot,6,WEIGHT,3558,0.5 ct.
37,23,Peridot,6,WEIGHT,3556,0.52 ct.
37,23,Peridot,6,WEIGHT,3543,0.65 ct.
37,23,Peridot,6,WEIGHT,3524,0.75 ct.
37,23,Peridot,6,WEIGHT,3663,0.85 ct.
37,23,Peridot,6,WEIGHT,3559,1 ct.
37,23,Peridot,6,WEIGHT,3557,1.05 ct.
37,23,Peridot,6,WEIGHT,3536,1.12 ct.
37,23,Peridot,6,WEIGHT,2434,1.25 ct.
37,23,Peridot,6,WEIGHT,3607,1.3 ct.
37,23,Peridot,6,WEIGHT,4887,1.5 ct.
37,23,Peridot,6,WEIGHT,3591,1.75 ct.
37,23,Peridot,6,WEIGHT,3537,1.87 ct.
37,23,Peridot,6,WEIGHT,3544,1.95 ct.
37,23,Peridot,6,WEIGHT,3561,2 ct.
37,23,Peridot,6,WEIGHT,3526,2.25 ct.
37,23,Peridot,6,WEIGHT,3521,2.4 ct.
37,23,Peridot,6,WEIGHT,3581,2.5 ct.
37,23,Peridot,6,WEIGHT,3583,2.75 ct.
37,23,Peridot,6,WEIGHT,3538,3 ct.
37,23,Peridot,6,WEIGHT,3527,3.75 ct.
37,23,Peridot,6,WEIGHT,3539,4.12 ct.
37,23,Peridot,6,WEIGHT,3528,4.5 ct.
37,23,Peridot,7,SIZE,6561,10x5 mm
37,23,Peridot,7,SIZE,6556,10x7 mm
37,23,Peridot,7,SIZE,5996,10x8 mm
37,23,Peridot,7,SIZE,5924,12x6 mm
37,23,Peridot,7,SIZE,6360,2 mm
37,23,Peridot,7,SIZE,6363,2.5 mm
37,23,Peridot,7,SIZE,6344,3 mm
37,23,Peridot,7,SIZE,6177,4 mm
37,23,Peridot,7,SIZE,6566,4x2 mm
37,23,Peridot,7,SIZE,6076,5 mm
37,23,Peridot,7,SIZE,6567,5x2.5 mm
37,23,Peridot,7,SIZE,6535,5x3 mm
37,23,Peridot,7,SIZE,6174,6 mm
37,23,Peridot,7,SIZE,6568,6x3 mm
37,23,Peridot,7,SIZE,6537,6x4 mm
37,23,Peridot,7,SIZE,6176,7 mm
37,23,Peridot,7,SIZE,6538,7x5 mm
37,23,Peridot,7,SIZE,6263,8 mm
37,23,Peridot,7,SIZE,6569,8x4 mm
37,23,Peridot,7,SIZE,6562,8x5 mm
37,23,Peridot,7,SIZE,6060,8x6 mm
37,23,Peridot,7,SIZE,6282,9 mm
37,23,Peridot,7,SIZE,6563,9x6 mm
37,23,Peridot,7,SIZE,6043,9x7 mm
37,23,Peridot,8,COLOR,7481,Green
37,23,Peridot,8,COLOR,7505,Olive Green
37,23,Peridot,10,SHAPE,7695,Cushion
37,23,Peridot,10,SHAPE,7841,Fancy Square
37,23,Peridot,10,SHAPE,7717,Heart
37,23,Peridot,10,SHAPE,7684,Marquise
37,23,Peridot,10,SHAPE,7689,Octagon
37,23,Peridot,10,SHAPE,7666,Oval
37,23,Peridot,10,SHAPE,7672,Pear
37,23,Peridot,10,SHAPE,7670,Round
37,23,Peridot,10,SHAPE,7685,Square
37,23,Peridot,10,SHAPE,7668,Trillion
37,23,Peridot,11,LUSTER,7916,Bright
37,23,Peridot,11,LUSTER,7918,Nice
37,23,Peridot,11,LUSTER,7925,Very Nice
37,23,Peridot,12,HARDNESS,7939,6.5 - 7.0
37,23,Peridot,12,HARDNESS,7949,6.5 - 7.0
37,23,Peridot,19,NAME,8407,Peridot
38,23,Rhodolite Garnet,1,TREATMENT,1,Heat Treated
38,23,Rhodolite Garnet,1,TREATMENT,3,None
38,23,Rhodolite Garnet,2,ORIGIN,23,India
38,23,Rhodolite Garnet,3,CUT,82,Baguette
38,23,Rhodolite Garnet,3,CUT,119,Boat
38,23,Rhodolite Garnet,3,CUT,61,Cabochon
38,23,Rhodolite Garnet,3,CUT,103,Carved
38,23,Rhodolite Garnet,3,CUT,91,Checker Board
38,23,Rhodolite Garnet,3,CUT,81,Diamond
38,23,Rhodolite Garnet,3,CUT,60,Faceted
38,23,Rhodolite Garnet,3,CUT,122,Irresistable
38,23,Rhodolite Garnet,3,CUT,118,Step cut
38,23,Rhodolite Garnet,3,CUT,120,Trivolta
38,23,Rhodolite Garnet,4,CLARITY/GRADE,157,A
38,23,Rhodolite Garnet,4,CLARITY/GRADE,145,AA
38,23,Rhodolite Garnet,4,CLARITY/GRADE,144,AAA
38,23,Rhodolite Garnet,4,CLARITY/GRADE,193,Super
38,23,Rhodolite Garnet,4,CLARITY/GRADE,130,VVS
38,23,Rhodolite Garnet,6,WEIGHT,3533,0.09 ct.
38,23,Rhodolite Garnet,6,WEIGHT,3595,0.11 ct.
38,23,Rhodolite Garnet,6,WEIGHT,3620,0.13 ct.
38,23,Rhodolite Garnet,6,WEIGHT,3633,0.16 ct.
38,23,Rhodolite Garnet,6,WEIGHT,3562,0.25 ct.
38,23,Rhodolite Garnet,6,WEIGHT,3507,0.3 ct.
38,23,Rhodolite Garnet,6,WEIGHT,3555,0.35 ct.
38,23,Rhodolite Garnet,6,WEIGHT,3547,0.4 ct.
38,23,Rhodolite Garnet,6,WEIGHT,3634,0.42 ct.
38,23,Rhodolite Garnet,6,WEIGHT,3510,0.48 ct.
38,23,Rhodolite Garnet,6,WEIGHT,3558,0.5 ct.
38,23,Rhodolite Garnet,6,WEIGHT,4888,0.55 ct
38,23,Rhodolite Garnet,6,WEIGHT,3578,0.6 ct.
38,23,Rhodolite Garnet,6,WEIGHT,3543,0.65 ct.
38,23,Rhodolite Garnet,6,WEIGHT,3524,0.75 ct.
38,23,Rhodolite Garnet,6,WEIGHT,3579,0.8 ct.
38,23,Rhodolite Garnet,6,WEIGHT,3515,0.9 ct.
38,23,Rhodolite Garnet,6,WEIGHT,3559,1 ct.
38,23,Rhodolite Garnet,6,WEIGHT,3622,1.15 ct.
38,23,Rhodolite Garnet,6,WEIGHT,3589,1.2 ct.
38,23,Rhodolite Garnet,6,WEIGHT,2434,1.25 ct.
38,23,Rhodolite Garnet,6,WEIGHT,3607,1.3 ct.
38,23,Rhodolite Garnet,6,WEIGHT,3625,1.4 ct.
38,23,Rhodolite Garnet,6,WEIGHT,4887,1.5 ct.
38,23,Rhodolite Garnet,6,WEIGHT,3619,1.56 ct.
38,23,Rhodolite Garnet,6,WEIGHT,3603,1.6 ct.
38,23,Rhodolite Garnet,6,WEIGHT,3630,1.7 ct.
38,23,Rhodolite Garnet,6,WEIGHT,3591,1.75 ct.
38,23,Rhodolite Garnet,6,WEIGHT,3617,1.8 ct.
38,23,Rhodolite Garnet,6,WEIGHT,3618,1.9 ct.
38,23,Rhodolite Garnet,6,WEIGHT,3585,10 ct.
38,23,Rhodolite Garnet,6,WEIGHT,747,10.25 Carats
38,23,Rhodolite Garnet,6,WEIGHT,4964,10.25 ct.
38,23,Rhodolite Garnet,6,WEIGHT,1727,10.3 Carats
38,23,Rhodolite Garnet,6,WEIGHT,3605,10.5 ct.
38,23,Rhodolite Garnet,6,WEIGHT,757,10.88 Carats
38,23,Rhodolite Garnet,6,WEIGHT,365,11.43 Carats
38,23,Rhodolite Garnet,6,WEIGHT,1718,11.8 Carats
38,23,Rhodolite Garnet,6,WEIGHT,756,11.84 Carats
38,23,Rhodolite Garnet,6,WEIGHT,3552,12 ct.
38,23,Rhodolite Garnet,6,WEIGHT,3616,12.5 ct.
38,23,Rhodolite Garnet,6,WEIGHT,3553,16 ct.
38,23,Rhodolite Garnet,6,WEIGHT,4941,16.3 ct.
38,23,Rhodolite Garnet,6,WEIGHT,4962,17.6 ct.
38,23,Rhodolite Garnet,6,WEIGHT,3561,2 ct.
38,23,Rhodolite Garnet,6,WEIGHT,3626,2.1 ct.
38,23,Rhodolite Garnet,6,WEIGHT,3526,2.25 ct.
38,23,Rhodolite Garnet,6,WEIGHT,3521,2.4 ct.
38,23,Rhodolite Garnet,6,WEIGHT,4783,2.45 cts.
38,23,Rhodolite Garnet,6,WEIGHT,3581,2.5 ct.
38,23,Rhodolite Garnet,6,WEIGHT,4323,2.65 ct.
38,23,Rhodolite Garnet,6,WEIGHT,3627,2.8 ct.
38,23,Rhodolite Garnet,6,WEIGHT,3635,2.85 ct.
38,23,Rhodolite Garnet,6,WEIGHT,3554,20 ct.
38,23,Rhodolite Garnet,6,WEIGHT,1708,20.8 Carats
38,23,Rhodolite Garnet,6,WEIGHT,3606,22 ct.
38,23,Rhodolite Garnet,6,WEIGHT,4958,23.5 ct.
38,23,Rhodolite Garnet,6,WEIGHT,3538,3 ct.
38,23,Rhodolite Garnet,6,WEIGHT,1215,3.05 Carats
38,23,Rhodolite Garnet,6,WEIGHT,3927,3.2 ct.
38,23,Rhodolite Garnet,6,WEIGHT,1243,3.25 Carats
38,23,Rhodolite Garnet,6,WEIGHT,4898,3.35 ct.
38,23,Rhodolite Garnet,6,WEIGHT,3611,3.4 ct.
38,23,Rhodolite Garnet,6,WEIGHT,750,3.41 Carats
38,23,Rhodolite Garnet,6,WEIGHT,1714,3.45 Carats
38,23,Rhodolite Garnet,6,WEIGHT,3584,3.5 ct.
38,23,Rhodolite Garnet,6,WEIGHT,4681,3.55 cts.
38,23,Rhodolite Garnet,6,WEIGHT,4313,3.6 ct.
38,23,Rhodolite Garnet,6,WEIGHT,3621,3.7 ct.
38,23,Rhodolite Garnet,6,WEIGHT,3527,3.75 ct.
38,23,Rhodolite Garnet,6,WEIGHT,4514,3.8 ct.
38,23,Rhodolite Garnet,6,WEIGHT,927,3.96 Carats
38,23,Rhodolite Garnet,6,WEIGHT,3549,4 ct.
38,23,Rhodolite Garnet,6,WEIGHT,1076,4.06 Carats
38,23,Rhodolite Garnet,6,WEIGHT,4345,4.11 ct.
38,23,Rhodolite Garnet,6,WEIGHT,4960,4.15 ct.
38,23,Rhodolite Garnet,6,WEIGHT,272,4.26 Carats
38,23,Rhodolite Garnet,6,WEIGHT,3631,4.3 ct.
38,23,Rhodolite Garnet,6,WEIGHT,3610,4.4 ct.
38,23,Rhodolite Garnet,6,WEIGHT,751,4.46 Carats
38,23,Rhodolite Garnet,6,WEIGHT,503,4.5 Carats
38,23,Rhodolite Garnet,6,WEIGHT,3528,4.5 ct.
38,23,Rhodolite Garnet,6,WEIGHT,752,4.64 Carats
38,23,Rhodolite Garnet,6,WEIGHT,368,4.65 Carats
38,23,Rhodolite Garnet,6,WEIGHT,4496,4.75 ct.
38,23,Rhodolite Garnet,6,WEIGHT,306,4.8 ct.
38,23,Rhodolite Garnet,6,WEIGHT,598,4.83 Carats
38,23,Rhodolite Garnet,6,WEIGHT,4337,4.9 ct.
38,23,Rhodolite Garnet,6,WEIGHT,1712,4.95 Carats
38,23,Rhodolite Garnet,6,WEIGHT,4959,42.8 ct.
38,23,Rhodolite Garnet,6,WEIGHT,3590,5 ct.
38,23,Rhodolite Garnet,6,WEIGHT,4336,5.1 ct.
38,23,Rhodolite Garnet,6,WEIGHT,366,5.13 Carats
38,23,Rhodolite Garnet,6,WEIGHT,3628,5.15 ct.
38,23,Rhodolite Garnet,6,WEIGHT,4495,5.2 ct.
38,23,Rhodolite Garnet,6,WEIGHT,3540,5.25 ct.
38,23,Rhodolite Garnet,6,WEIGHT,749,5.26 Carats
38,23,Rhodolite Garnet,6,WEIGHT,4338,5.3 ct.
38,23,Rhodolite Garnet,6,WEIGHT,1702,5.55 Carats
38,23,Rhodolite Garnet,6,WEIGHT,600,5.57 Carats
38,23,Rhodolite Garnet,6,WEIGHT,748,5.73 Carats
38,23,Rhodolite Garnet,6,WEIGHT,3598,5.75 ct.
38,23,Rhodolite Garnet,6,WEIGHT,3623,5.8 ct.
38,23,Rhodolite Garnet,6,WEIGHT,4955,5.9 ct.
38,23,Rhodolite Garnet,6,WEIGHT,760,5.94 Carats
38,23,Rhodolite Garnet,6,WEIGHT,3529,6 ct.
38,23,Rhodolite Garnet,6,WEIGHT,4325,6.1 ct.
38,23,Rhodolite Garnet,6,WEIGHT,746,6.15 Carats
38,23,Rhodolite Garnet,6,WEIGHT,4954,6.15 ct.
38,23,Rhodolite Garnet,6,WEIGHT,1077,6.19 Carats
38,23,Rhodolite Garnet,6,WEIGHT,4492,6.25 ct.
38,23,Rhodolite Garnet,6,WEIGHT,364,6.27 Carats
38,23,Rhodolite Garnet,6,WEIGHT,3632,6.35 ct.
38,23,Rhodolite Garnet,6,WEIGHT,4334,6.4 ct.
38,23,Rhodolite Garnet,6,WEIGHT,3550,6.5 ct.
38,23,Rhodolite Garnet,6,WEIGHT,4333,6.55 ct.
38,23,Rhodolite Garnet,6,WEIGHT,3629,6.6 ct.
38,23,Rhodolite Garnet,6,WEIGHT,4900,6.63 ct
38,23,Rhodolite Garnet,6,WEIGHT,4765,6.65 cts.
38,23,Rhodolite Garnet,6,WEIGHT,753,6.66 Carats
38,23,Rhodolite Garnet,6,WEIGHT,3548,7 ct.
38,23,Rhodolite Garnet,6,WEIGHT,4335,7.1 ct.
38,23,Rhodolite Garnet,6,WEIGHT,785,7.15 Carats
38,23,Rhodolite Garnet,6,WEIGHT,1341,7.2 Carats
38,23,Rhodolite Garnet,6,WEIGHT,758,7.23 Carats
38,23,Rhodolite Garnet,6,WEIGHT,4328,7.3 ct.
38,23,Rhodolite Garnet,6,WEIGHT,362,7.31 Carats
38,23,Rhodolite Garnet,6,WEIGHT,4353,7.4 ct.
38,23,Rhodolite Garnet,6,WEIGHT,4614,7.75 ct.
38,23,Rhodolite Garnet,6,WEIGHT,3615,7.8 ct.
38,23,Rhodolite Garnet,6,WEIGHT,755,7.92 Carats
38,23,Rhodolite Garnet,6,WEIGHT,754,7.96 Carats
38,23,Rhodolite Garnet,6,WEIGHT,3593,8 ct.
38,23,Rhodolite Garnet,6,WEIGHT,1365,8.05 Carats
38,23,Rhodolite Garnet,6,WEIGHT,4963,8.1 ct.
38,23,Rhodolite Garnet,6,WEIGHT,3600,8.5 ct.
38,23,Rhodolite Garnet,6,WEIGHT,4357,8.7 ct.
38,23,Rhodolite Garnet,6,WEIGHT,4961,8.75 ct.
38,23,Rhodolite Garnet,6,WEIGHT,3531,9 ct.
38,23,Rhodolite Garnet,6,WEIGHT,1190,9.05 Carats
38,23,Rhodolite Garnet,6,WEIGHT,1079,9.69 Carats
38,23,Rhodolite Garnet,7,SIZE,5994,10 . 5 mm
38,23,Rhodolite Garnet,7,SIZE,5987,10 . 9 x 8 . 9 mm
38,23,Rhodolite Garnet,7,SIZE,5984,10 mm
38,23,Rhodolite Garnet,7,SIZE,7429,10 x 10 mm
38,23,Rhodolite Garnet,7,SIZE,7439,10 x 5 mm
38,23,Rhodolite Garnet,7,SIZE,5969,10 x 8 mm
38,23,Rhodolite Garnet,7,SIZE,5231,10.0X10.0mm
38,23,Rhodolite Garnet,7,SIZE,5968,10.1x8.1 mm
38,23,Rhodolite Garnet,7,SIZE,5949,10.7X8.9 mm
38,23,Rhodolite Garnet,7,SIZE,5965,10.8 mm
38,23,Rhodolite Garnet,7,SIZE,5243,10.9X8.9mm
38,23,Rhodolite Garnet,7,SIZE,6854,10x10 mm
38,23,Rhodolite Garnet,7,SIZE,6561,10x5 mm
38,23,Rhodolite Garnet,7,SIZE,6556,10x7 mm
38,23,Rhodolite Garnet,7,SIZE,5996,10x8 mm
38,23,Rhodolite Garnet,7,SIZE,5960,10x8.2 mm
38,23,Rhodolite Garnet,7,SIZE,5980,11 . 9 mm
38,23,Rhodolite Garnet,7,SIZE,5977,11 mm
38,23,Rhodolite Garnet,7,SIZE,7423,11 x 11 mm
38,23,Rhodolite Garnet,7,SIZE,7367,11 x 5 mm
38,23,Rhodolite Garnet,7,SIZE,5988,11 x 8 .9 mm
38,23,Rhodolite Garnet,7,SIZE,7425,11 x 8.5 mm
38,23,Rhodolite Garnet,7,SIZE,5983,11 x 9 mm
38,23,Rhodolite Garnet,7,SIZE,5981,11. 9 x 9. 9 mm
38,23,Rhodolite Garnet,7,SIZE,5181,11.0X8.9mm
38,23,Rhodolite Garnet,7,SIZE,5178,11.2X9.5mm
38,23,Rhodolite Garnet,7,SIZE,5967,11.3x8.2 mm
38,23,Rhodolite Garnet,7,SIZE,6038,11.4x9 mm
38,23,Rhodolite Garnet,7,SIZE,5964,11.5 mm
38,23,Rhodolite Garnet,7,SIZE,5918,11.5x9.4 mm
38,23,Rhodolite Garnet,7,SIZE,5936,11.6x7.6 mm
38,23,Rhodolite Garnet,7,SIZE,5241,11.7X8.9mm
38,23,Rhodolite Garnet,7,SIZE,5915,11.7x9.6 mm
38,23,Rhodolite Garnet,7,SIZE,5195,11.8X9.2mm
38,23,Rhodolite Garnet,7,SIZE,5185,11.9X9.9mm
38,23,Rhodolite Garnet,7,SIZE,5645,11X11mm
38,23,Rhodolite Garnet,7,SIZE,5959,11X8.5 mm
38,23,Rhodolite Garnet,7,SIZE,5946,11X8.7 mm
38,23,Rhodolite Garnet,7,SIZE,5937,11X8.9 mm
38,23,Rhodolite Garnet,7,SIZE,5998,11x9 mm
38,23,Rhodolite Garnet,7,SIZE,5989,12 . 4 x 10 . 7 mm
38,23,Rhodolite Garnet,7,SIZE,5991,12 . 5 x 10 . 8 mm
38,23,Rhodolite Garnet,7,SIZE,5975,12 . 6 x 10 . 2 mm
38,23,Rhodolite Garnet,7,SIZE,5976,12 . 7 x 9 mm
38,23,Rhodolite Garnet,7,SIZE,6551,12 mm
38,23,Rhodolite Garnet,7,SIZE,7417,12 x 10 mm
38,23,Rhodolite Garnet,7,SIZE,7409,12 x 12 mm
38,23,Rhodolite Garnet,7,SIZE,7438,12 x 6 mm
38,23,Rhodolite Garnet,7,SIZE,5180,12.0X6.1mm
38,23,Rhodolite Garnet,7,SIZE,5242,12.0X9.4mm
38,23,Rhodolite Garnet,7,SIZE,5962,12.1X8.1 mm
38,23,Rhodolite Garnet,7,SIZE,5923,12.2x7.8 mm
38,23,Rhodolite Garnet,7,SIZE,5192,12.2X9.8mm
38,23,Rhodolite Garnet,7,SIZE,5194,12.4X10.7mm
38,23,Rhodolite Garnet,7,SIZE,5186,12.5X10.8mm
38,23,Rhodolite Garnet,7,SIZE,5041,12.5X12.5 mm
38,23,Rhodolite Garnet,7,SIZE,5971,12.5x9.15 mm
38,23,Rhodolite Garnet,7,SIZE,5188,12.6X10.3mm
38,23,Rhodolite Garnet,7,SIZE,5921,12.7x10.5 mm
38,23,Rhodolite Garnet,7,SIZE,5179,12.7X9.2mm
38,23,Rhodolite Garnet,7,SIZE,5176,12.8X9.8mm
38,23,Rhodolite Garnet,7,SIZE,5920,12x10 mm
38,23,Rhodolite Garnet,7,SIZE,6856,12x12 mm
38,23,Rhodolite Garnet,7,SIZE,5924,12x6 mm
38,23,Rhodolite Garnet,7,SIZE,6564,12x8 mm
38,23,Rhodolite Garnet,7,SIZE,6552,13 mm
38,23,Rhodolite Garnet,7,SIZE,7430,13 x 13 mm
38,23,Rhodolite Garnet,7,SIZE,5039,13.0X13.0mm
38,23,Rhodolite Garnet,7,SIZE,5182,13.0X7.6mm
38,23,Rhodolite Garnet,7,SIZE,5931,13.2x6.8 mm
38,23,Rhodolite Garnet,7,SIZE,5930,13.4x6.2 mm
38,23,Rhodolite Garnet,7,SIZE,7408,13.5 x 10 mm
38,23,Rhodolite Garnet,7,SIZE,5244,13.5X6.4mm
38,23,Rhodolite Garnet,7,SIZE,5957,13.5X6.8 mm
38,23,Rhodolite Garnet,7,SIZE,5958,13.6X10.5 mm
38,23,Rhodolite Garnet,7,SIZE,5183,13.8X10.3mm
38,23,Rhodolite Garnet,7,SIZE,5934,13.8X9.2 mm
38,23,Rhodolite Garnet,7,SIZE,5932,13.9x7 mm
38,23,Rhodolite Garnet,7,SIZE,5933,13x7.8 mm
38,23,Rhodolite Garnet,7,SIZE,6272,14 mm
38,23,Rhodolite Garnet,7,SIZE,5973,14 x 10 . 5 mm
38,23,Rhodolite Garnet,7,SIZE,7331,14 x 10 mm
38,23,Rhodolite Garnet,7,SIZE,5995,14 x 11 . 5 mm
38,23,Rhodolite Garnet,7,SIZE,7371,14 x 12 mm
38,23,Rhodolite Garnet,7,SIZE,7442,14 x 14 mm
38,23,Rhodolite Garnet,7,SIZE,7433,14 x 9 mm
38,23,Rhodolite Garnet,7,SIZE,5190,14.0X9.7.0mm
38,23,Rhodolite Garnet,7,SIZE,5042,14.1X14.1mm
38,23,Rhodolite Garnet,7,SIZE,5045,14.2X7.2mm
38,23,Rhodolite Garnet,7,SIZE,5245,14.4X11.4 mm
38,23,Rhodolite Garnet,7,SIZE,5970,14.5x7.5 mm
38,23,Rhodolite Garnet,7,SIZE,5043,14.5X9.3mm
38,23,Rhodolite Garnet,7,SIZE,6550,14x10 mm
38,23,Rhodolite Garnet,7,SIZE,6616,14x2 mm
38,23,Rhodolite Garnet,7,SIZE,5922,14x8.3 mm
38,23,Rhodolite Garnet,7,SIZE,5961,14X9.7 mm
38,23,Rhodolite Garnet,7,SIZE,5935,14x9.8 mm
38,23,Rhodolite Garnet,7,SIZE,5974,15 x 10 mm
38,23,Rhodolite Garnet,7,SIZE,7392,15 x 8 mm
38,23,Rhodolite Garnet,7,SIZE,5919,15.1x7.1 mm
38,23,Rhodolite Garnet,7,SIZE,5233,15.3X9.1mm
38,23,Rhodolite Garnet,7,SIZE,5189,15.4X10.0mm
38,23,Rhodolite Garnet,7,SIZE,6565,15x10 mm
38,23,Rhodolite Garnet,7,SIZE,6570,15x7 mm
38,23,Rhodolite Garnet,7,SIZE,7431,16 x 14 mm
38,23,Rhodolite Garnet,7,SIZE,7330,16 x 8 mm
38,23,Rhodolite Garnet,7,SIZE,7427,16 x 9 mm
38,23,Rhodolite Garnet,7,SIZE,5187,16.0X11.7mm
38,23,Rhodolite Garnet,7,SIZE,5238,16.9X8.9mm
38,23,Rhodolite Garnet,7,SIZE,6553,16x12 mm
38,23,Rhodolite Garnet,7,SIZE,5972,17 x 10 . 3 mm
38,23,Rhodolite Garnet,7,SIZE,5992,17 x 11 . 5 mm
38,23,Rhodolite Garnet,7,SIZE,7436,17 x 12 mm
38,23,Rhodolite Garnet,7,SIZE,7435,17 x 9 mm
38,23,Rhodolite Garnet,7,SIZE,5177,17.4X11.9mm
38,23,Rhodolite Garnet,7,SIZE,7432,18 x 13 mm
38,23,Rhodolite Garnet,7,SIZE,6554,18x13 mm
38,23,Rhodolite Garnet,7,SIZE,6360,2 mm
38,23,Rhodolite Garnet,7,SIZE,7329,20 x 15 mm
38,23,Rhodolite Garnet,7,SIZE,6555,20x15 mm
38,23,Rhodolite Garnet,7,SIZE,7414,21 x 17 mm
38,23,Rhodolite Garnet,7,SIZE,6344,3 mm
38,23,Rhodolite Garnet,7,SIZE,6362,3.5 mm
38,23,Rhodolite Garnet,7,SIZE,6177,4 mm
38,23,Rhodolite Garnet,7,SIZE,6566,4x2 mm
38,23,Rhodolite Garnet,7,SIZE,6889,4x4mm
38,23,Rhodolite Garnet,7,SIZE,6076,5 mm
38,23,Rhodolite Garnet,7,SIZE,6567,5x2.5 mm
38,23,Rhodolite Garnet,7,SIZE,6535,5x3 mm
38,23,Rhodolite Garnet,7,SIZE,6578,5x5 mm
38,23,Rhodolite Garnet,7,SIZE,6174,6 mm
38,23,Rhodolite Garnet,7,SIZE,6568,6x3 mm
38,23,Rhodolite Garnet,7,SIZE,6184,6x4
38,23,Rhodolite Garnet,7,SIZE,6537,6x4 mm
38,23,Rhodolite Garnet,7,SIZE,6580,6x6 mm
38,23,Rhodolite Garnet,7,SIZE,6557,6x8 mm
38,23,Rhodolite Garnet,7,SIZE,6176,7 mm
38,23,Rhodolite Garnet,7,SIZE,6264,7.5 mm
38,23,Rhodolite Garnet,7,SIZE,6538,7x5 mm
38,23,Rhodolite Garnet,7,SIZE,6582,7x7 mm
38,23,Rhodolite Garnet,7,SIZE,6263,8 mm
38,23,Rhodolite Garnet,7,SIZE,7318,8 x 4 mm
38,23,Rhodolite Garnet,7,SIZE,7426,8 x 8 mm
38,23,Rhodolite Garnet,7,SIZE,6569,8x4 mm
38,23,Rhodolite Garnet,7,SIZE,6562,8x5 mm
38,23,Rhodolite Garnet,7,SIZE,6060,8x6 mm
38,23,Rhodolite Garnet,7,SIZE,6850,8x8 mm
38,23,Rhodolite Garnet,7,SIZE,5993,9 . 7 mm
38,23,Rhodolite Garnet,7,SIZE,5966,9 . 8 x 7 . 8 mm
38,23,Rhodolite Garnet,7,SIZE,6282,9 mm
38,23,Rhodolite Garnet,7,SIZE,7300,9 x 7 mm
38,23,Rhodolite Garnet,7,SIZE,7428,9 x 9 mm
38,23,Rhodolite Garnet,7,SIZE,7285,9 x 9mm
38,23,Rhodolite Garnet,7,SIZE,6563,9x6 mm
38,23,Rhodolite Garnet,7,SIZE,6043,9x7 mm
38,23,Rhodolite Garnet,8,COLOR,7519,Dark Red
38,23,Rhodolite Garnet,8,COLOR,7467,Raspberry Red
38,23,Rhodolite Garnet,10,SHAPE,7763,Anti Cushion
38,23,Rhodolite Garnet,10,SHAPE,7691,Baguette
38,23,Rhodolite Garnet,10,SHAPE,7811,Barrel
38,23,Rhodolite Garnet,10,SHAPE,7814,Briolette
38,23,Rhodolite Garnet,10,SHAPE,7773,Buff Top Cushion
38,23,Rhodolite Garnet,10,SHAPE,7774,Buff Top Long Cushion
38,23,Rhodolite Garnet,10,SHAPE,7777,Buff Top Marquise
38,23,Rhodolite Garnet,10,SHAPE,7775,Buff Top Oval
38,23,Rhodolite Garnet,10,SHAPE,7776,Buff Top Square
38,23,Rhodolite Garnet,10,SHAPE,7772,Buff Top Trillion
38,23,Rhodolite Garnet,10,SHAPE,7820,Bullet
38,23,Rhodolite Garnet,10,SHAPE,7695,Cushion
38,23,Rhodolite Garnet,10,SHAPE,7679,Cushion Checker board
38,23,Rhodolite Garnet,10,SHAPE,7742,Emerald
38,23,Rhodolite Garnet,10,SHAPE,7768,Fancy
38,23,Rhodolite Garnet,10,SHAPE,7910,Fancy Arrow
38,23,Rhodolite Garnet,10,SHAPE,7909,Fancy Boat
38,23,Rhodolite Garnet,10,SHAPE,7717,Heart
38,23,Rhodolite Garnet,10,SHAPE,7709,Long Baguette
38,23,Rhodolite Garnet,10,SHAPE,7694,Long Cushion
38,23,Rhodolite Garnet,10,SHAPE,7678,Long Cushion Checker board
38,23,Rhodolite Garnet,10,SHAPE,7684,Marquise
38,23,Rhodolite Garnet,10,SHAPE,7689,Octagon
38,23,Rhodolite Garnet,10,SHAPE,7705,Octagonal
38,23,Rhodolite Garnet,10,SHAPE,7666,Oval
38,23,Rhodolite Garnet,10,SHAPE,7911,Oval Bullette
38,23,Rhodolite Garnet,10,SHAPE,7672,Pear
38,23,Rhodolite Garnet,10,SHAPE,7762,Roll Top Cushion
38,23,Rhodolite Garnet,10,SHAPE,7761,Roll Top Long Cushion
38,23,Rhodolite Garnet,10,SHAPE,7757,Roll Top Oval
38,23,Rhodolite Garnet,10,SHAPE,7759,Roll Top Round
38,23,Rhodolite Garnet,10,SHAPE,7758,Roll Top Trillion
38,23,Rhodolite Garnet,10,SHAPE,7670,Round
38,23,Rhodolite Garnet,10,SHAPE,7912,Round Bullette
38,23,Rhodolite Garnet,10,SHAPE,7685,Square
38,23,Rhodolite Garnet,10,SHAPE,7813,Square Cushion
38,23,Rhodolite Garnet,10,SHAPE,7668,Trillion
38,23,Rhodolite Garnet,11,LUSTER,7916,Bright
38,23,Rhodolite Garnet,11,LUSTER,7929,Fair
38,23,Rhodolite Garnet,11,LUSTER,7918,Nice
38,23,Rhodolite Garnet,11,LUSTER,7917,Very Fine
38,23,Rhodolite Garnet,11,LUSTER,7925,Very Nice
38,23,Rhodolite Garnet,12,HARDNESS,7942,7.0 - 7.5
38,23,Rhodolite Garnet,12,HARDNESS,7938,7.0 - 7.5
38,23,Rhodolite Garnet,12,HARDNESS,7934,7.0 - 7.5
38,23,Rhodolite Garnet,13,GRADE,8040,A
38,23,Rhodolite Garnet,13,GRADE,8038,AA
38,23,Rhodolite Garnet,13,GRADE,8037,AAA
38,23,Rhodolite Garnet,13,GRADE,8062,Super
38,23,Rhodolite Garnet,13,GRADE,8070,Super Fine
38,23,Rhodolite Garnet,19,NAME,8408,Garnet
38,23,Rhodolite Garnet,19,NAME,8416,Rhodolite Garnet
38,23,Rhodolite Garnet,19,NAME,8399,Rhodolite Garnet
38,23,Rhodolite Garnet,19,NAME,8476,Rhodolite Garnet
38,23,Rhodolite Garnet,20,DEPTH,8555,2 mm
38,23,Rhodolite Garnet,20,DEPTH,8752,2.5 mm
38,23,Rhodolite Garnet,20,DEPTH,8546,3 . 9 mm
38,23,Rhodolite Garnet,20,DEPTH,8751,3 mm
38,23,Rhodolite Garnet,20,DEPTH,8524,3.4 mm
38,23,Rhodolite Garnet,20,DEPTH,8753,3.5 mm
38,23,Rhodolite Garnet,20,DEPTH,8533,3.9 mm
38,23,Rhodolite Garnet,20,DEPTH,8560,4 . 6 mm
38,23,Rhodolite Garnet,20,DEPTH,8744,4 mm
38,23,Rhodolite Garnet,20,DEPTH,8541,4.2 mm
38,23,Rhodolite Garnet,20,DEPTH,8527,4.3 mm
38,23,Rhodolite Garnet,20,DEPTH,8547,4.4 mm
38,23,Rhodolite Garnet,20,DEPTH,8548,4.5 mm
38,23,Rhodolite Garnet,20,DEPTH,8549,4.6 mm
38,23,Rhodolite Garnet,20,DEPTH,8534,4.7 mm
38,23,Rhodolite Garnet,20,DEPTH,8539,4.8 mm
38,23,Rhodolite Garnet,20,DEPTH,8542,4.9 mm
38,23,Rhodolite Garnet,20,DEPTH,8558,5 . 3 mm
38,23,Rhodolite Garnet,20,DEPTH,8552,5 . 89 mm
38,23,Rhodolite Garnet,20,DEPTH,8563,5 .4 mm
38,23,Rhodolite Garnet,20,DEPTH,8521,5 mm
38,23,Rhodolite Garnet,20,DEPTH,8543,5.13 mm
38,23,Rhodolite Garnet,20,DEPTH,8537,5.2 mm
38,23,Rhodolite Garnet,20,DEPTH,8535,5.5 mm
38,23,Rhodolite Garnet,20,DEPTH,8525,5.6 mm
38,23,Rhodolite Garnet,20,DEPTH,8536,5.7 mm
38,23,Rhodolite Garnet,20,DEPTH,8526,5.8 mm
38,23,Rhodolite Garnet,20,DEPTH,8562,6 .4 mm
38,23,Rhodolite Garnet,20,DEPTH,8523,6 mm
38,23,Rhodolite Garnet,20,DEPTH,8529,6.2 mm
38,23,Rhodolite Garnet,20,DEPTH,8551,6.3 mm
38,23,Rhodolite Garnet,20,DEPTH,8556,6.6 mm
38,23,Rhodolite Garnet,20,DEPTH,8530,6.9 mm
38,23,Rhodolite Garnet,20,DEPTH,8544,7 mm
38,23,Rhodolite Garnet,20,DEPTH,8745,8 mm
38,23,Rhodolite Garnet,20,DEPTH,8564,9 mm
38,23,Rhodolite Garnet,22,CLARITY,8589,VS
39,23,Tourmaline,1,TREATMENT,1,Heat Treated
39,23,Tourmaline,1,TREATMENT,11,Treated
39,23,Tourmaline,2,ORIGIN,42,Arizona
39,23,Tourmaline,2,ORIGIN,43,Brazil
39,23,Tourmaline,3,CUT,96,Barrel
39,23,Tourmaline,3,CUT,61,Cabochon
39,23,Tourmaline,3,CUT,99,Carving
39,23,Tourmaline,3,CUT,60,Faceted
39,23,Tourmaline,4,CLARITY/GRADE,157,A
39,23,Tourmaline,4,CLARITY/GRADE,145,AA
39,23,Tourmaline,4,CLARITY/GRADE,144,AAA
39,23,Tourmaline,4,CLARITY/GRADE,151,Commercial
39,23,Tourmaline,4,CLARITY/GRADE,126,VS
39,23,Tourmaline,6,WEIGHT,3803,0.03 ct.
39,23,Tourmaline,6,WEIGHT,3594,0.04 ct.
39,23,Tourmaline,6,WEIGHT,3551,0.05 ct.
39,23,Tourmaline,6,WEIGHT,3643,0.10 ct.
39,23,Tourmaline,6,WEIGHT,3804,0.12 ct.
39,23,Tourmaline,6,WEIGHT,3534,0.15 ct.
39,23,Tourmaline,6,WEIGHT,3644,0.20 ct.
39,23,Tourmaline,6,WEIGHT,3535,0.24 ct.
39,23,Tourmaline,6,WEIGHT,3562,0.25 ct.
39,23,Tourmaline,6,WEIGHT,3507,0.3 ct.
39,23,Tourmaline,6,WEIGHT,3555,0.35 ct.
39,23,Tourmaline,6,WEIGHT,3523,0.37 ct.
39,23,Tourmaline,6,WEIGHT,3547,0.4 ct.
39,23,Tourmaline,6,WEIGHT,9103,0.45 ct.
39,23,Tourmaline,6,WEIGHT,3558,0.5 ct.
39,23,Tourmaline,6,WEIGHT,3578,0.6 ct.
39,23,Tourmaline,6,WEIGHT,3543,0.65 ct.
39,23,Tourmaline,6,WEIGHT,3524,0.75 ct.
39,23,Tourmaline,6,WEIGHT,3663,0.85 ct.
39,23,Tourmaline,6,WEIGHT,3515,0.9 ct.
39,23,Tourmaline,6,WEIGHT,3559,1 ct.
39,23,Tourmaline,6,WEIGHT,3599,1.1 ct.
39,23,Tourmaline,6,WEIGHT,3536,1.12 ct.
39,23,Tourmaline,6,WEIGHT,3589,1.2 ct.
39,23,Tourmaline,6,WEIGHT,2434,1.25 ct.
39,23,Tourmaline,6,WEIGHT,3625,1.4 ct.
39,23,Tourmaline,6,WEIGHT,4887,1.5 ct.
39,23,Tourmaline,6,WEIGHT,3597,1.55 ct.
39,23,Tourmaline,6,WEIGHT,3603,1.6 ct.
39,23,Tourmaline,6,WEIGHT,3617,1.8 ct.
39,23,Tourmaline,6,WEIGHT,3924,1.85 ct.
39,23,Tourmaline,6,WEIGHT,3537,1.87 ct.
39,23,Tourmaline,6,WEIGHT,3618,1.9 ct.
39,23,Tourmaline,6,WEIGHT,3561,2 ct.
39,23,Tourmaline,6,WEIGHT,4609,2.15 ct.
39,23,Tourmaline,6,WEIGHT,1353,2.18 Carats
39,23,Tourmaline,6,WEIGHT,3526,2.25 ct.
39,23,Tourmaline,6,WEIGHT,3926,2.3 ct.
39,23,Tourmaline,6,WEIGHT,3581,2.5 ct.
39,23,Tourmaline,6,WEIGHT,3627,2.8 ct.
39,23,Tourmaline,6,WEIGHT,3609,2.9 ct.
39,23,Tourmaline,6,WEIGHT,3538,3 ct.
39,23,Tourmaline,6,WEIGHT,3611,3.4 ct.
39,23,Tourmaline,6,WEIGHT,4681,3.55 cts.
39,23,Tourmaline,6,WEIGHT,4313,3.6 ct.
39,23,Tourmaline,6,WEIGHT,3621,3.7 ct.
39,23,Tourmaline,6,WEIGHT,3527,3.75 ct.
39,23,Tourmaline,6,WEIGHT,3539,4.12 ct.
39,23,Tourmaline,6,WEIGHT,4494,4.25 ct.
39,23,Tourmaline,6,WEIGHT,3528,4.5 ct.
39,23,Tourmaline,6,WEIGHT,3590,5 ct.
39,23,Tourmaline,6,WEIGHT,3540,5.25 ct.
39,23,Tourmaline,6,WEIGHT,3529,6 ct.
39,23,Tourmaline,6,WEIGHT,3548,7 ct.
39,23,Tourmaline,6,WEIGHT,3530,7.5 ct.
39,23,Tourmaline,6,WEIGHT,3593,8 ct.
39,23,Tourmaline,6,WEIGHT,3600,8.5 ct.
39,23,Tourmaline,6,WEIGHT,3531,9 ct.
39,23,Tourmaline,7,SIZE,5984,10 mm
39,23,Tourmaline,7,SIZE,7283,10 x 7 mm
39,23,Tourmaline,7,SIZE,5969,10 x 8 mm
39,23,Tourmaline,7,SIZE,5122,10.8x5.5 mm.
39,23,Tourmaline,7,SIZE,6561,10x5 mm
39,23,Tourmaline,7,SIZE,5996,10x8 mm
39,23,Tourmaline,7,SIZE,5998,11x9 mm
39,23,Tourmaline,7,SIZE,6551,12 mm
39,23,Tourmaline,7,SIZE,7438,12 x 6 mm
39,23,Tourmaline,7,SIZE,5920,12x10 mm
39,23,Tourmaline,7,SIZE,6856,12x12 mm
39,23,Tourmaline,7,SIZE,6936,13x11 mm
39,23,Tourmaline,7,SIZE,6272,14 mm
39,23,Tourmaline,7,SIZE,6550,14x10 mm
39,23,Tourmaline,7,SIZE,6558,14x12 mm
39,23,Tourmaline,7,SIZE,6922,16x9 mm
39,23,Tourmaline,7,SIZE,6360,2 mm
39,23,Tourmaline,7,SIZE,6344,3 mm
39,23,Tourmaline,7,SIZE,6177,4 mm
39,23,Tourmaline,7,SIZE,6566,4x2 mm
39,23,Tourmaline,7,SIZE,6076,5 mm
39,23,Tourmaline,7,SIZE,7346,5 x 2.5 mm
39,23,Tourmaline,7,SIZE,6535,5x3 mm
39,23,Tourmaline,7,SIZE,6174,6 mm
39,23,Tourmaline,7,SIZE,7320,6 x 3 mm
39,23,Tourmaline,7,SIZE,8859,6.0 mm
39,23,Tourmaline,7,SIZE,6537,6x4 mm
39,23,Tourmaline,7,SIZE,6176,7 mm
39,23,Tourmaline,7,SIZE,7289,7 x 5 mm
39,23,Tourmaline,7,SIZE,5275,7.1x4.9 mm.
39,23,Tourmaline,7,SIZE,6538,7x5 mm
39,23,Tourmaline,7,SIZE,6263,8 mm
39,23,Tourmaline,7,SIZE,7318,8 x 4 mm
39,23,Tourmaline,7,SIZE,7301,8 x 5 mm
39,23,Tourmaline,7,SIZE,7290,8 x 6 mm
39,23,Tourmaline,7,SIZE,6162,8.0 mm
39,23,Tourmaline,7,SIZE,6060,8x6 mm
39,23,Tourmaline,7,SIZE,6282,9 mm
39,23,Tourmaline,7,SIZE,7345,9 x 5 mm
39,23,Tourmaline,7,SIZE,7291,9 x 7mm
39,23,Tourmaline,7,SIZE,5203,9.1x7.1 mm.
39,23,Tourmaline,7,SIZE,6029,9.2x7.2 mm
39,23,Tourmaline,7,SIZE,9015,9.7 x 4.9 mm
39,23,Tourmaline,7,SIZE,5315,9.8x4.9 mm.
39,23,Tourmaline,7,SIZE,9005,9.9 x 6.9 mm
39,23,Tourmaline,7,SIZE,6563,9x6 mm
39,23,Tourmaline,7,SIZE,6043,9x7 mm
39,23,Tourmaline,8,COLOR,7459,Blue
39,23,Tourmaline,8,COLOR,7477,Dark Pink
39,23,Tourmaline,8,COLOR,7481,Green
39,23,Tourmaline,8,COLOR,7507,Pink
39,23,Tourmaline,8,COLOR,7461,Red
39,23,Tourmaline,8,COLOR,8964,Rich Ruby Red
39,23,Tourmaline,10,SHAPE,7844,Bead
39,23,Tourmaline,10,SHAPE,7820,Bullet
39,23,Tourmaline,10,SHAPE,7695,Cushion
39,23,Tourmaline,10,SHAPE,7768,Fancy
39,23,Tourmaline,10,SHAPE,7717,Heart
39,23,Tourmaline,10,SHAPE,8975,Long octagon
39,23,Tourmaline,10,SHAPE,7684,Marquise
39,23,Tourmaline,10,SHAPE,7889,Nugget
39,23,Tourmaline,10,SHAPE,7689,Octagon
39,23,Tourmaline,10,SHAPE,7705,Octagonal
39,23,Tourmaline,10,SHAPE,7666,Oval
39,23,Tourmaline,10,SHAPE,7672,Pear
39,23,Tourmaline,10,SHAPE,7670,Round
39,23,Tourmaline,10,SHAPE,7685,Square
39,23,Tourmaline,10,SHAPE,7688,Tear drop
39,23,Tourmaline,10,SHAPE,7668,Trillion
39,23,Tourmaline,11,LUSTER,7916,Bright
39,23,Tourmaline,11,LUSTER,7918,Nice
39,23,Tourmaline,11,LUSTER,8983,Very Good
39,23,Tourmaline,11,LUSTER,7925,Very Nice
39,23,Tourmaline,12,HARDNESS,7934,7.0 - 7.5
39,23,Tourmaline,12,HARDNESS,7942,7.0 - 7.5
39,23,Tourmaline,13,GRADE,8040,A
39,23,Tourmaline,13,GRADE,8038,AA
39,23,Tourmaline,13,GRADE,8037,AAA
39,23,Tourmaline,13,GRADE,8070,Super Fine
39,23,Tourmaline,19,NAME,8493,Rubelite Tourmaline
39,23,Tourmaline,19,NAME,8491,Rubellite
39,23,Tourmaline,19,NAME,8404,Tourmaline
39,23,Tourmaline,20,DEPTH,8753,3.5 mm
39,23,Tourmaline,20,DEPTH,8533,3.9 mm
39,23,Tourmaline,20,DEPTH,8744,4 mm
39,23,Tourmaline,20,DEPTH,9063,4.1 mm
39,23,Tourmaline,20,DEPTH,8548,4.5 mm
39,23,Tourmaline,20,DEPTH,8535,5.5 mm
39,23,Tourmaline,20,DEPTH,8536,5.7 mm
39,23,Tourmaline,20,DEPTH,8523,6 mm
39,23,Tourmaline,22,CLARITY,8721,SI
39,23,Tourmaline,22,CLARITY,8589,VS
48,11,White Diamonds,1,TREATMENT,3,None
48,11,White Diamonds,2,ORIGIN,21,Africa
48,11,White Diamonds,3,CUT,8773,Very Good
48,11,White Diamonds,6,WEIGHT,9555,0.0065
48,11,White Diamonds,6,WEIGHT,9556,0.0075
48,11,White Diamonds,6,WEIGHT,9557,0.01
48,11,White Diamonds,6,WEIGHT,9558,0.0125
48,11,White Diamonds,6,WEIGHT,9559,0.015
48,11,White Diamonds,6,WEIGHT,3636,0.015 ct.
48,11,White Diamonds,6,WEIGHT,9560,0.0185
48,11,White Diamonds,6,WEIGHT,9561,0.022
48,11,White Diamonds,6,WEIGHT,9562,0.025
48,11,White Diamonds,6,WEIGHT,9563,0.03
48,11,White Diamonds,6,WEIGHT,9564,0.035
48,11,White Diamonds,6,WEIGHT,9565,0.04
48,11,White Diamonds,6,WEIGHT,9566,0.045
48,11,White Diamonds,6,WEIGHT,9567,0.05
48,11,White Diamonds,6,WEIGHT,9568,0.06
48,11,White Diamonds,6,WEIGHT,9569,0.065
48,11,White Diamonds,6,WEIGHT,9570,0.07
48,11,White Diamonds,6,WEIGHT,9571,0.08
48,11,White Diamonds,6,WEIGHT,9572,0.09
48,11,White Diamonds,6,WEIGHT,9573,0.10
48,11,White Diamonds,6,WEIGHT,9574,0.11
48,11,White Diamonds,6,WEIGHT,9575,0.12
48,11,White Diamonds,6,WEIGHT,9576,0.13
48,11,White Diamonds,6,WEIGHT,9577,0.14
48,11,White Diamonds,6,WEIGHT,1945,0.15
48,11,White Diamonds,6,WEIGHT,9579,0.18
48,11,White Diamonds,6,WEIGHT,9580,0.20
48,11,White Diamonds,6,WEIGHT,9581,0.22
48,11,White Diamonds,6,WEIGHT,9582,0.24
48,11,White Diamonds,6,WEIGHT,2065,0.25
48,11,White Diamonds,6,WEIGHT,9583,0.25
48,11,White Diamonds,6,WEIGHT,9594,0.25 - 0.27
48,11,White Diamonds,6,WEIGHT,9584,0.28
48,11,White Diamonds,6,WEIGHT,9484,0.30
48,11,White Diamonds,6,WEIGHT,2011,0.33
48,11,White Diamonds,6,WEIGHT,9485,0.35
48,11,White Diamonds,6,WEIGHT,9486,0.36
48,11,White Diamonds,6,WEIGHT,9487,0.40
48,11,White Diamonds,6,WEIGHT,9488,0.41
48,11,White Diamonds,6,WEIGHT,9589,0.45
48,11,White Diamonds,6,WEIGHT,9489,0.48
48,11,White Diamonds,6,WEIGHT,9590,0.50
48,11,White Diamonds,6,WEIGHT,9619,0.95
48,11,White Diamonds,6,WEIGHT,9493,1.0
48,11,White Diamonds,7,SIZE,8787,1.1 mm
48,11,White Diamonds,7,SIZE,8788,1.2 mm
48,11,White Diamonds,7,SIZE,6524,1.3 mm
48,11,White Diamonds,7,SIZE,8789,1.4 mm
48,11,White Diamonds,7,SIZE,6437,1.5 mm
48,11,White Diamonds,7,SIZE,8790,1.6 mm
48,11,White Diamonds,7,SIZE,6525,1.7 mm
48,11,White Diamonds,7,SIZE,6428,1.8 mm
48,11,White Diamonds,7,SIZE,6419,1.9 mm
48,11,White Diamonds,7,SIZE,6360,2 mm
48,11,White Diamonds,7,SIZE,6421,2.1 mm
48,11,White Diamonds,7,SIZE,6426,2.2 mm
48,11,White Diamonds,7,SIZE,6526,2.3 mm
48,11,White Diamonds,7,SIZE,6527,2.4 mm
48,11,White Diamonds,7,SIZE,6363,2.5 mm
48,11,White Diamonds,7,SIZE,6422,2.6 mm
48,11,White Diamonds,7,SIZE,6423,2.7 mm
48,11,White Diamonds,7,SIZE,6404,2.8 mm
48,11,White Diamonds,7,SIZE,6425,2.9 mm
48,11,White Diamonds,7,SIZE,6344,3 mm
48,11,White Diamonds,7,SIZE,6407,3.1 mm
48,11,White Diamonds,7,SIZE,6408,3.2 mm
48,11,White Diamonds,7,SIZE,6409,3.3 mm
48,11,White Diamonds,7,SIZE,6410,3.4 mm
48,11,White Diamonds,7,SIZE,6362,3.5 mm
48,11,White Diamonds,7,SIZE,6411,3.6 mm
48,11,White Diamonds,7,SIZE,6402,3.7 mm
48,11,White Diamonds,7,SIZE,6391,3.75 mm
48,11,White Diamonds,7,SIZE,6288,3.8 mm
48,11,White Diamonds,7,SIZE,6401,3.9 mm
48,11,White Diamonds,7,SIZE,6177,4 mm
48,11,White Diamonds,7,SIZE,6399,4.1 mm
48,11,White Diamonds,7,SIZE,6475,4.25 mm
48,11,White Diamonds,7,SIZE,6286,4.4 mm
48,11,White Diamonds,7,SIZE,6178,4.5 mm
48,11,White Diamonds,7,SIZE,6427,4.7 mm
48,11,White Diamonds,7,SIZE,6285,4.8 mm
48,11,White Diamonds,7,SIZE,6076,5 mm
48,11,White Diamonds,7,SIZE,6370,5.8 mm
48,11,White Diamonds,7,SIZE,8859,6.0 mm
48,11,White Diamonds,7,SIZE,6175,6.5 mm
48,11,White Diamonds,8,COLOR,7536,G/H
48,11,White Diamonds,8,COLOR,7518,GH
48,11,White Diamonds,8,COLOR,7527,HI
48,11,White Diamonds,8,COLOR,7605,IJ
48,11,White Diamonds,10,SHAPE,7726,Princess
48,11,White Diamonds,10,SHAPE,7670,Round
48,11,White Diamonds,12,HARDNESS,7941,10
48,11,White Diamonds,19,NAME,8415,White Diamond
48,11,White Diamonds,19,NAME,8414,White Diamonds
48,11,White Diamonds,22,CLARITY,8870,I1-I2
48,11,White Diamonds,22,CLARITY,8592,I2
48,11,White Diamonds,22,CLARITY,8856,I2-I3
48,11,White Diamonds,22,CLARITY,8824,I3
48,11,White Diamonds,22,CLARITY,8590,SI1
48,11,White Diamonds,22,CLARITY,8591,SI2
48,11,White Diamonds,22,CLARITY,8786,VS2
49,11,Black Diamonds,1,TREATMENT,8,Irradiated
49,11,Black Diamonds,2,ORIGIN,21,Africa
49,11,Black Diamonds,2,ORIGIN,8726,Africa
49,11,Black Diamonds,3,CUT,65,Brilliant
49,11,Black Diamonds,3,CUT,8773,Very Good
49,11,Black Diamonds,4,CLARITY/GRADE,138,Opaque
49,11,Black Diamonds,6,WEIGHT,3562,0.25 ct.
49,11,Black Diamonds,6,WEIGHT,3558,0.5 ct.
49,11,Black Diamonds,6,WEIGHT,3559,1 ct.
49,11,Black Diamonds,6,WEIGHT,4887,1.5 ct.
49,11,Black Diamonds,6,WEIGHT,3591,1.75 ct.
49,11,Black Diamonds,6,WEIGHT,3617,1.8 ct.
49,11,Black Diamonds,6,WEIGHT,3561,2 ct.
49,11,Black Diamonds,6,WEIGHT,3926,2.3 ct.
49,11,Black Diamonds,6,WEIGHT,3581,2.5 ct.
49,11,Black Diamonds,6,WEIGHT,3538,3 ct.
49,11,Black Diamonds,6,WEIGHT,3549,4 ct.
49,11,Black Diamonds,6,WEIGHT,3590,5 ct.
49,11,Black Diamonds,7,SIZE,6610,10.0  mm
49,11,Black Diamonds,7,SIZE,6177,4 mm
49,11,Black Diamonds,7,SIZE,5785,5 mm
49,11,Black Diamonds,7,SIZE,8859,6.0 mm
49,11,Black Diamonds,7,SIZE,6176,7 mm
49,11,Black Diamonds,7,SIZE,6264,7.5 mm
49,11,Black Diamonds,7,SIZE,6256,7.5 mm.
49,11,Black Diamonds,7,SIZE,6162,8.0 mm
49,11,Black Diamonds,7,SIZE,6259,8.5 mm
49,11,Black Diamonds,7,SIZE,7304,8mm approx.
49,11,Black Diamonds,7,SIZE,6282,9 mm
49,11,Black Diamonds,7,SIZE,6278,9.5 mm
49,11,Black Diamonds,7,SIZE,5914,N/A
49,11,Black Diamonds,8,COLOR,7503,Black
49,11,Black Diamonds,10,SHAPE,7670,Round
49,11,Black Diamonds,11,LUSTER,7929,Fair
49,11,Black Diamonds,11,LUSTER,7918,Nice
49,11,Black Diamonds,12,HARDNESS,7941,10
49,11,Black Diamonds,13,GRADE,8038,AA
49,11,Black Diamonds,13,GRADE,8037,AAA
49,11,Black Diamonds,13,GRADE,8064,AB
49,11,Black Diamonds,13,GRADE,8041,Commercial
49,11,Black Diamonds,19,NAME,8510,Black Diamond
49,11,Black Diamonds,19,NAME,8410,Diamond
49,11,Black Diamonds,22,CLARITY,8585,Opaque
49,11,Black Diamonds,22,CLARITY,8586,Opaque
50,11,Blue Diamonds,1,TREATMENT,9,Enhanced
50,11,Blue Diamonds,1,TREATMENT,11,Treated
50,11,Blue Diamonds,2,ORIGIN,8726,Africa
50,11,Blue Diamonds,2,ORIGIN,21,Africa
50,11,Blue Diamonds,3,CUT,8773,Very Good
50,11,Blue Diamonds,6,WEIGHT,3439,0.005 Carat
50,11,Blue Diamonds,6,WEIGHT,8791,0.0065 ct.
50,11,Blue Diamonds,6,WEIGHT,8792,0.0075 ct.
50,11,Blue Diamonds,6,WEIGHT,3440,0.01 Carat
50,11,Blue Diamonds,6,WEIGHT,8793,0.0125 ct.
50,11,Blue Diamonds,6,WEIGHT,8794,0.0185 ct.
50,11,Blue Diamonds,6,WEIGHT,8795,0.022 ct.
50,11,Blue Diamonds,6,WEIGHT,3638,0.025 ct.
50,11,Blue Diamonds,6,WEIGHT,3803,0.03 ct.
50,11,Blue Diamonds,6,WEIGHT,3594,0.04 ct.
50,11,Blue Diamonds,6,WEIGHT,3532,0.045 ct.
50,11,Blue Diamonds,6,WEIGHT,3551,0.05 ct.
50,11,Blue Diamonds,6,WEIGHT,3502,0.06 ct.
50,11,Blue Diamonds,6,WEIGHT,8796,0.065 ct.
50,11,Blue Diamonds,6,WEIGHT,3613,0.07 ct.
50,11,Blue Diamonds,6,WEIGHT,3642,0.08 ct.
50,11,Blue Diamonds,6,WEIGHT,3533,0.09 ct.
50,11,Blue Diamonds,6,WEIGHT,3643,0.10 ct.
50,11,Blue Diamonds,6,WEIGHT,3595,0.11 ct.
50,11,Blue Diamonds,6,WEIGHT,3804,0.12 ct.
50,11,Blue Diamonds,6,WEIGHT,3620,0.13 ct.
50,11,Blue Diamonds,6,WEIGHT,3822,0.14 ct.
50,11,Blue Diamonds,6,WEIGHT,3534,0.15 ct.
50,11,Blue Diamonds,6,WEIGHT,3660,0.18 ct.
50,11,Blue Diamonds,6,WEIGHT,3644,0.20 ct.
50,11,Blue Diamonds,6,WEIGHT,3505,0.22 ct.
50,11,Blue Diamonds,6,WEIGHT,3535,0.24 ct.
50,11,Blue Diamonds,6,WEIGHT,8797,0.25 - 0.27 ct.
50,11,Blue Diamonds,6,WEIGHT,3562,0.25 ct.
50,11,Blue Diamonds,6,WEIGHT,3601,0.28 ct.
50,11,Blue Diamonds,6,WEIGHT,3668,0.29 ct.
50,11,Blue Diamonds,6,WEIGHT,3852,0.32 ct.
50,11,Blue Diamonds,6,WEIGHT,3655,0.33 ct.
50,11,Blue Diamonds,6,WEIGHT,3555,0.35 ct.
50,11,Blue Diamonds,6,WEIGHT,3547,0.4 ct.
50,11,Blue Diamonds,6,WEIGHT,3861,0.45 ct.
50,11,Blue Diamonds,6,WEIGHT,3558,0.5 ct.
50,11,Blue Diamonds,6,WEIGHT,3543,0.65 ct.
50,11,Blue Diamonds,6,WEIGHT,3518,0.66 ct.
50,11,Blue Diamonds,6,WEIGHT,3524,0.75 ct.
50,11,Blue Diamonds,6,WEIGHT,3663,0.85 ct.
50,11,Blue Diamonds,6,WEIGHT,3559,1 ct.
50,11,Blue Diamonds,6,WEIGHT,1349,1.02 Carats
50,11,Blue Diamonds,6,WEIGHT,3557,1.05 ct.
50,11,Blue Diamonds,6,WEIGHT,4889,1.07 cts
50,11,Blue Diamonds,6,WEIGHT,3665,1.08 ct.
50,11,Blue Diamonds,6,WEIGHT,3622,1.15 ct.
50,11,Blue Diamonds,6,WEIGHT,4358,1.18 ct.
50,11,Blue Diamonds,6,WEIGHT,3589,1.2 ct.
50,11,Blue Diamonds,6,WEIGHT,2434,1.25 ct.
50,11,Blue Diamonds,6,WEIGHT,3669,1.35 ct.
50,11,Blue Diamonds,6,WEIGHT,3625,1.4 ct.
50,11,Blue Diamonds,6,WEIGHT,3670,1.45 ct.
50,11,Blue Diamonds,6,WEIGHT,3597,1.55 ct.
50,11,Blue Diamonds,7,SIZE,6431,1 mm
50,11,Blue Diamonds,7,SIZE,8787,1.1 mm
50,11,Blue Diamonds,7,SIZE,8788,1.2 mm
50,11,Blue Diamonds,7,SIZE,6524,1.3 mm
50,11,Blue Diamonds,7,SIZE,8789,1.4 mm
50,11,Blue Diamonds,7,SIZE,8790,1.6 mm
50,11,Blue Diamonds,7,SIZE,6525,1.7 mm
50,11,Blue Diamonds,7,SIZE,6428,1.8 mm
50,11,Blue Diamonds,7,SIZE,6419,1.9 mm
50,11,Blue Diamonds,7,SIZE,6421,2.1 mm
50,11,Blue Diamonds,7,SIZE,6426,2.2 mm
50,11,Blue Diamonds,7,SIZE,6526,2.3 mm
50,11,Blue Diamonds,7,SIZE,6527,2.4 mm
50,11,Blue Diamonds,7,SIZE,6363,2.5 mm
50,11,Blue Diamonds,7,SIZE,6422,2.6 mm
50,11,Blue Diamonds,7,SIZE,6423,2.7 mm
50,11,Blue Diamonds,7,SIZE,6404,2.8 mm
50,11,Blue Diamonds,7,SIZE,6425,2.9 mm
50,11,Blue Diamonds,7,SIZE,6344,3 mm
50,11,Blue Diamonds,7,SIZE,6407,3.1 mm
50,11,Blue Diamonds,7,SIZE,6408,3.2 mm
50,11,Blue Diamonds,7,SIZE,6409,3.3 mm
50,11,Blue Diamonds,7,SIZE,6410,3.4 mm
50,11,Blue Diamonds,7,SIZE,6362,3.5 mm
50,11,Blue Diamonds,7,SIZE,6411,3.6 mm
50,11,Blue Diamonds,7,SIZE,6402,3.7 mm
50,11,Blue Diamonds,7,SIZE,6288,3.8 mm
50,11,Blue Diamonds,7,SIZE,6401,3.9 mm
50,11,Blue Diamonds,7,SIZE,6177,4 mm
50,11,Blue Diamonds,7,SIZE,6399,4.1 mm
50,11,Blue Diamonds,7,SIZE,6287,4.2 mm
50,11,Blue Diamonds,7,SIZE,6381,4.3 mm
50,11,Blue Diamonds,7,SIZE,6286,4.4 mm
50,11,Blue Diamonds,7,SIZE,6178,4.5 mm
50,11,Blue Diamonds,7,SIZE,6285,4.8 mm
50,11,Blue Diamonds,7,SIZE,6076,5 mm
50,11,Blue Diamonds,7,SIZE,6284,5.2 mm
50,11,Blue Diamonds,7,SIZE,6472,5.4 mm
50,11,Blue Diamonds,7,SIZE,6173,5.5 mm
50,11,Blue Diamonds,7,SIZE,6174,6 mm
50,11,Blue Diamonds,7,SIZE,8817,6.1 mm
50,11,Blue Diamonds,7,SIZE,6448,6.2 mm
50,11,Blue Diamonds,7,SIZE,6172,6.4 mm
50,11,Blue Diamonds,7,SIZE,6175,6.5 mm
50,11,Blue Diamonds,7,SIZE,6075,6.6 mm
50,11,Blue Diamonds,7,SIZE,6447,6.7 mm
50,11,Blue Diamonds,7,SIZE,6168,6.75 mm
50,11,Blue Diamonds,7,SIZE,6074,6.8 mm
50,11,Blue Diamonds,7,SIZE,6176,7 mm
50,11,Blue Diamonds,7,SIZE,6167,7.1 mm
50,11,Blue Diamonds,7,SIZE,6165,7.2 mm
50,11,Blue Diamonds,7,SIZE,6164,7.3 mm
50,11,Blue Diamonds,7,SIZE,6264,7.5 mm
50,11,Blue Diamonds,8,COLOR,7459,Blue
50,11,Blue Diamonds,10,SHAPE,8822,Princess Cut Square
50,11,Blue Diamonds,10,SHAPE,7670,Round
50,11,Blue Diamonds,11,LUSTER,7918,Nice
50,11,Blue Diamonds,11,LUSTER,7925,Very Nice
50,11,Blue Diamonds,12,HARDNESS,7941,10
50,11,Blue Diamonds,19,NAME,8417,Blue Diamond
50,11,Blue Diamonds,22,CLARITY,8592,I2
50,11,Blue Diamonds,22,CLARITY,8824,I3
50,11,Blue Diamonds,22,CLARITY,8590,SI1
50,11,Blue Diamonds,22,CLARITY,8591,SI2
50,11,Blue Diamonds,28,POLISH,8823,Very Good
51,11,Green Diamonds,1,TREATMENT,9,Enhanced
51,11,Green Diamonds,1,TREATMENT,11,Treated
51,11,Green Diamonds,2,ORIGIN,21,Africa
51,11,Green Diamonds,3,CUT,65,Brilliant
51,11,Green Diamonds,3,CUT,8773,Very Good
51,11,Green Diamonds,4,CLARITY/GRADE,140,SI2
51,11,Green Diamonds,6,WEIGHT,3440,0.01 Carat
51,11,Green Diamonds,6,WEIGHT,3441,0.015 Carat
51,11,Green Diamonds,6,WEIGHT,3877,0.02 ct.
51,11,Green Diamonds,6,WEIGHT,3638,0.025 ct.
51,11,Green Diamonds,6,WEIGHT,3803,0.03 ct.
51,11,Green Diamonds,6,WEIGHT,3444,0.035 Carat
51,11,Green Diamonds,6,WEIGHT,3594,0.04 ct.
51,11,Green Diamonds,6,WEIGHT,3445,0.045 Carat
51,11,Green Diamonds,6,WEIGHT,3551,0.05 ct.
51,11,Green Diamonds,6,WEIGHT,3502,0.06 ct.
51,11,Green Diamonds,6,WEIGHT,3613,0.07 ct.
51,11,Green Diamonds,6,WEIGHT,3642,0.08 ct.
51,11,Green Diamonds,6,WEIGHT,3533,0.09 ct.
51,11,Green Diamonds,6,WEIGHT,3643,0.10 ct.
51,11,Green Diamonds,6,WEIGHT,3804,0.12 ct.
51,11,Green Diamonds,6,WEIGHT,3620,0.13 ct.
51,11,Green Diamonds,6,WEIGHT,3822,0.14 ct.
51,11,Green Diamonds,6,WEIGHT,3534,0.15 ct.
51,11,Green Diamonds,6,WEIGHT,3633,0.16 ct.
51,11,Green Diamonds,6,WEIGHT,3614,0.17 ct.
51,11,Green Diamonds,6,WEIGHT,3660,0.18 ct.
51,11,Green Diamonds,6,WEIGHT,3666,0.19 ct.
51,11,Green Diamonds,6,WEIGHT,3644,0.20 ct.
51,11,Green Diamonds,6,WEIGHT,3667,0.23 ct.
51,11,Green Diamonds,6,WEIGHT,3535,0.24 ct.
51,11,Green Diamonds,6,WEIGHT,3562,0.25 ct.
51,11,Green Diamonds,6,WEIGHT,3507,0.3 ct.
51,11,Green Diamonds,6,WEIGHT,3655,0.33 ct.
51,11,Green Diamonds,6,WEIGHT,1985,0.95 ct.
51,11,Green Diamonds,6,WEIGHT,3559,1 ct.
51,11,Green Diamonds,6,WEIGHT,3557,1.05 ct.
51,11,Green Diamonds,6,WEIGHT,3589,1.2 ct.
51,11,Green Diamonds,6,WEIGHT,3669,1.35 ct.
51,11,Green Diamonds,6,WEIGHT,3670,1.45 ct.
51,11,Green Diamonds,6,WEIGHT,3181,1.94 ct.
51,11,Green Diamonds,6,WEIGHT,3585,10 ct.
51,11,Green Diamonds,6,WEIGHT,3538,3 ct.
51,11,Green Diamonds,6,WEIGHT,3590,5 ct.
51,11,Green Diamonds,7,SIZE,6524,1.3 mm
51,11,Green Diamonds,7,SIZE,6437,1.5 mm
51,11,Green Diamonds,7,SIZE,6525,1.7 mm
51,11,Green Diamonds,7,SIZE,6428,1.8 mm
51,11,Green Diamonds,7,SIZE,6420,2.0 mm
51,11,Green Diamonds,7,SIZE,6421,2.1 mm
51,11,Green Diamonds,7,SIZE,6426,2.2 mm
51,11,Green Diamonds,7,SIZE,6526,2.3 mm
51,11,Green Diamonds,7,SIZE,6527,2.4 mm
51,11,Green Diamonds,7,SIZE,6363,2.5 mm
51,11,Green Diamonds,7,SIZE,6423,2.7 mm
51,11,Green Diamonds,7,SIZE,6404,2.8 mm
51,11,Green Diamonds,7,SIZE,6344,3 mm
51,11,Green Diamonds,7,SIZE,5053,3-4 mm
51,11,Green Diamonds,7,SIZE,6408,3.2 mm
51,11,Green Diamonds,7,SIZE,6410,3.4 mm
51,11,Green Diamonds,7,SIZE,6362,3.5 mm
51,11,Green Diamonds,7,SIZE,6411,3.6 mm
51,11,Green Diamonds,7,SIZE,6402,3.7 mm
51,11,Green Diamonds,7,SIZE,6288,3.8 mm
51,11,Green Diamonds,7,SIZE,6401,3.9 mm
51,11,Green Diamonds,7,SIZE,8873,4.0-5.0 mm.
51,11,Green Diamonds,7,SIZE,6528,4.10 mm
51,11,Green Diamonds,7,SIZE,6529,4.30 mm
51,11,Green Diamonds,7,SIZE,6286,4.4 mm
51,11,Green Diamonds,7,SIZE,6448,6.2 mm
51,11,Green Diamonds,7,SIZE,6152,6.3 mm
51,11,Green Diamonds,7,SIZE,6172,6.4 mm
51,11,Green Diamonds,7,SIZE,6074,6.8 mm
51,11,Green Diamonds,7,SIZE,6165,7.2 mm
51,11,Green Diamonds,8,COLOR,7571,Green
51,11,Green Diamonds,8,COLOR,7481,Green
51,11,Green Diamonds,10,SHAPE,7670,Round
51,11,Green Diamonds,11,LUSTER,7918,Nice
51,11,Green Diamonds,11,LUSTER,7925,Very Nice
51,11,Green Diamonds,12,HARDNESS,7941,10
51,11,Green Diamonds,13,GRADE,8056,G
51,11,Green Diamonds,19,NAME,8410,Diamond
51,11,Green Diamonds,19,NAME,8466,Green Diamond
51,11,Green Diamonds,22,CLARITY,8707,I1
51,11,Green Diamonds,22,CLARITY,8856,I2-I3
51,11,Green Diamonds,22,CLARITY,8584,I3-I4
51,11,Green Diamonds,22,CLARITY,8869,I4
51,11,Green Diamonds,22,CLARITY,8590,SI1
51,11,Green Diamonds,22,CLARITY,8591,SI2
51,11,Green Diamonds,24,CARAT RANGE,8941,0.01 - 0.10 ct.
51,11,Green Diamonds,24,CARAT RANGE,8878,0.01 - 0.10 ct.
51,11,Green Diamonds,24,CARAT RANGE,9482,0.03 - 0.05 ct.
51,11,Green Diamonds,24,CARAT RANGE,8926,0.05 - 0.25 ct.
51,11,Green Diamonds,24,CARAT RANGE,9020,0.05 ct.
51,11,Green Diamonds,24,CARAT RANGE,8879,0.10 - 0.25 ct.
51,11,Green Diamonds,24,CARAT RANGE,8883,0.25 - 0.50 ct.
51,11,Green Diamonds,25,SIZE RANGE,8906,1.3 - 3.0 mm
51,11,Green Diamonds,25,SIZE RANGE,9481,2.0 - 2.5 mm
51,11,Green Diamonds,25,SIZE RANGE,8924,2.4 - 4.0 mm
51,11,Green Diamonds,25,SIZE RANGE,9019,2.4 mm
51,11,Green Diamonds,25,SIZE RANGE,8907,3-4 mm
51,11,Green Diamonds,25,SIZE RANGE,9033,3.5 mm
51,11,Green Diamonds,30,AVAILABLE AS,8874,Diamond Lot
52,11,Yellow Diamonds,1,TREATMENT,9,Enhanced
52,11,Yellow Diamonds,1,TREATMENT,11,Treated
52,11,Yellow Diamonds,2,ORIGIN,21,Africa
52,11,Yellow Diamonds,3,CUT,65,Brilliant
52,11,Yellow Diamonds,3,CUT,79,Princess Cut
52,11,Yellow Diamonds,3,CUT,8773,Very Good
52,11,Yellow Diamonds,6,WEIGHT,3439,0.005 Carat
52,11,Yellow Diamonds,6,WEIGHT,3645,0.26 ct.
52,11,Yellow Diamonds,6,WEIGHT,3601,0.28 ct.
52,11,Yellow Diamonds,6,WEIGHT,3668,0.29 ct.
52,11,Yellow Diamonds,6,WEIGHT,3861,0.45 ct.
52,11,Yellow Diamonds,6,WEIGHT,3524,0.75 ct.
52,11,Yellow Diamonds,6,WEIGHT,2889,1/2 carat
52,11,Yellow Diamonds,6,WEIGHT,2888,1/3 carat
52,11,Yellow Diamonds,7,SIZE,6431,1 mm
52,11,Yellow Diamonds,7,SIZE,6288,3.8 mm
52,11,Yellow Diamonds,7,SIZE,6177,4 mm
52,11,Yellow Diamonds,7,SIZE,6178,4.5 mm
52,11,Yellow Diamonds,7,SIZE,6076,5 mm
52,11,Yellow Diamonds,7,SIZE,6571,5.75 mm
52,11,Yellow Diamonds,7,SIZE,5914,N/A
52,11,Yellow Diamonds,8,COLOR,7459,Blue
52,11,Yellow Diamonds,8,COLOR,7545,Fancy Yellow
52,11,Yellow Diamonds,8,COLOR,7465,Yellow
52,11,Yellow Diamonds,10,SHAPE,7670,Round
52,11,Yellow Diamonds,10,SHAPE,7685,Square
52,11,Yellow Diamonds,11,LUSTER,7915,Fine
52,11,Yellow Diamonds,11,LUSTER,7918,Nice
52,11,Yellow Diamonds,12,HARDNESS,7941,10
52,11,Yellow Diamonds,19,NAME,8410,Diamond
52,11,Yellow Diamonds,19,NAME,9089,Yellow Diamond
52,11,Yellow Diamonds,22,CLARITY,8861,Commercial
52,11,Yellow Diamonds,22,CLARITY,8592,I2
52,11,Yellow Diamonds,22,CLARITY,8591,SI2
52,11,Yellow Diamonds,28,POLISH,8823,Very Good
52,11,Yellow Diamonds,30,AVAILABLE AS,8874,Diamond Lot
54,11,Brown Diamonds,1,TREATMENT,9,Enhanced
54,11,Brown Diamonds,2,ORIGIN,28,Australia
54,11,Brown Diamonds,3,CUT,8773,Very Good
54,11,Brown Diamonds,6,WEIGHT,3183,0.71 ct.
54,11,Brown Diamonds,6,WEIGHT,3557,1.05 ct.
54,11,Brown Diamonds,6,WEIGHT,3597,1.55 ct.
54,11,Brown Diamonds,6,WEIGHT,3591,1.75 ct.
54,11,Brown Diamonds,6,WEIGHT,3618,1.9 ct.
54,11,Brown Diamonds,6,WEIGHT,4320,2.6 ct.
54,11,Brown Diamonds,7,SIZE,6467,5.7 mm
54,11,Brown Diamonds,7,SIZE,5515,6.6X6.6mm
54,11,Brown Diamonds,7,SIZE,6256,7.5 mm.
54,11,Brown Diamonds,7,SIZE,6159,8.0 mm approx.
54,11,Brown Diamonds,7,SIZE,6744,8.8 mm
54,11,Brown Diamonds,8,COLOR,7485,Brown
54,11,Brown Diamonds,8,COLOR,7573,Brown
54,11,Brown Diamonds,10,SHAPE,7670,Round
54,11,Brown Diamonds,11,LUSTER,7918,Nice
54,11,Brown Diamonds,12,HARDNESS,7941,10
54,11,Brown Diamonds,19,NAME,8410,Diamond
54,11,Brown Diamonds,22,CLARITY,8707,I1
54,11,Brown Diamonds,22,CLARITY,8592,I2
54,11,Brown Diamonds,22,CLARITY,8869,I4
56,11,Multicolor Diamonds,1,TREATMENT,9,Enhanced
56,11,Multicolor Diamonds,1,TREATMENT,3,None
56,11,Multicolor Diamonds,1,TREATMENT,11,Treated
56,11,Multicolor Diamonds,2,ORIGIN,21,Africa
56,11,Multicolor Diamonds,3,CUT,65,Brilliant
56,11,Multicolor Diamonds,3,CUT,8773,Very Good
56,11,Multicolor Diamonds,6,WEIGHT,3601,0.28 ct.
56,11,Multicolor Diamonds,6,WEIGHT,3524,0.75 ct.
56,11,Multicolor Diamonds,6,WEIGHT,3625,1.4 ct.
56,11,Multicolor Diamonds,6,WEIGHT,3597,1.55 ct.
56,11,Multicolor Diamonds,6,WEIGHT,3585,10 ct.
56,11,Multicolor Diamonds,6,WEIGHT,3538,3 ct.
56,11,Multicolor Diamonds,7,SIZE,6399,4.1 mm
56,11,Multicolor Diamonds,7,SIZE,6571,5.75 mm
56,11,Multicolor Diamonds,7,SIZE,6129,7.3 mm approx
56,11,Multicolor Diamonds,7,SIZE,6264,7.5 mm
56,11,Multicolor Diamonds,8,COLOR,7588,Fancy Cream
56,11,Multicolor Diamonds,8,COLOR,7469,Golden
56,11,Multicolor Diamonds,8,COLOR,7551,Grey
56,11,Multicolor Diamonds,8,COLOR,7523,Multicolor
56,11,Multicolor Diamonds,10,SHAPE,7670,Round
56,11,Multicolor Diamonds,11,LUSTER,7918,Nice
56,11,Multicolor Diamonds,11,LUSTER,7925,Very Nice
56,11,Multicolor Diamonds,12,HARDNESS,7941,10
56,11,Multicolor Diamonds,19,NAME,8410,Diamond
56,11,Multicolor Diamonds,19,NAME,8426,Multicolor Diamond
56,11,Multicolor Diamonds,22,CLARITY,8861,Commercial
56,11,Multicolor Diamonds,22,CLARITY,8707,I1
56,11,Multicolor Diamonds,22,CLARITY,8592,I2
56,11,Multicolor Diamonds,22,CLARITY,8584,I3-I4
56,11,Multicolor Diamonds,24,CARAT RANGE,8918,0.01 - 0.05 ct.
56,11,Multicolor Diamonds,24,CARAT RANGE,8878,0.01 - 0.10 ct.
56,11,Multicolor Diamonds,25,SIZE RANGE,8919,1.3 - 2.4 mm
56,11,Multicolor Diamonds,25,SIZE RANGE,8906,1.3 - 3.0 mm
56,11,Multicolor Diamonds,30,AVAILABLE AS,8874,Diamond Lot
62,11,Champagne Diamonds,1,TREATMENT,9,Enhanced
62,11,Champagne Diamonds,1,TREATMENT,6,Natural
62,11,Champagne Diamonds,2,ORIGIN,21,Africa
62,11,Champagne Diamonds,2,ORIGIN,28,Australia
62,11,Champagne Diamonds,3,CUT,8773,Very Good
62,11,Champagne Diamonds,4,CLARITY/GRADE,131,I1
62,11,Champagne Diamonds,6,WEIGHT,3562,0.25 ct.
62,11,Champagne Diamonds,6,WEIGHT,8858,0.70 ct.
62,11,Champagne Diamonds,6,WEIGHT,3524,0.75 ct.
62,11,Champagne Diamonds,6,WEIGHT,4866,0.77 ct
62,11,Champagne Diamonds,6,WEIGHT,3663,0.85 ct.
62,11,Champagne Diamonds,6,WEIGHT,3920,0.88 ct.
62,11,Champagne Diamonds,6,WEIGHT,8852,0.90 ct.
62,11,Champagne Diamonds,6,WEIGHT,3559,1 ct.
62,11,Champagne Diamonds,6,WEIGHT,3599,1.1 ct.
62,11,Champagne Diamonds,6,WEIGHT,3607,1.3 ct.
62,11,Champagne Diamonds,6,WEIGHT,3625,1.4 ct.
62,11,Champagne Diamonds,6,WEIGHT,4887,1.5 ct.
62,11,Champagne Diamonds,6,WEIGHT,3617,1.8 ct.
62,11,Champagne Diamonds,6,WEIGHT,3561,2 ct.
62,11,Champagne Diamonds,6,WEIGHT,4609,2.15 ct.
62,11,Champagne Diamonds,7,SIZE,6177,4 mm
62,11,Champagne Diamonds,7,SIZE,6467,5.7 mm
62,11,Champagne Diamonds,7,SIZE,8859,6.0 mm
62,11,Champagne Diamonds,7,SIZE,6448,6.2 mm
62,11,Champagne Diamonds,7,SIZE,6175,6.5 mm
62,11,Champagne Diamonds,7,SIZE,6075,6.6 mm
62,11,Champagne Diamonds,7,SIZE,6165,7.2 mm
62,11,Champagne Diamonds,7,SIZE,6129,7.3 mm approx
62,11,Champagne Diamonds,7,SIZE,6264,7.5 mm
62,11,Champagne Diamonds,7,SIZE,6111,7.5 mm approx.
62,11,Champagne Diamonds,7,SIZE,6261,7.8 mm
62,11,Champagne Diamonds,7,SIZE,6162,8.0 mm
62,11,Champagne Diamonds,7,SIZE,6262,8.6 mm
62,11,Champagne Diamonds,8,COLOR,7497,Champagne
62,11,Champagne Diamonds,8,COLOR,7514,Cognac
62,11,Champagne Diamonds,8,COLOR,7471,Fancy Champagne
62,11,Champagne Diamonds,8,COLOR,7507,Pink
62,11,Champagne Diamonds,10,SHAPE,7670,Round
62,11,Champagne Diamonds,11,LUSTER,7918,Nice
62,11,Champagne Diamonds,12,HARDNESS,7941,10
62,11,Champagne Diamonds,19,NAME,8970,Champagne Diamond
62,11,Champagne Diamonds,19,NAME,8410,Diamond
62,11,Champagne Diamonds,19,NAME,9431,Pink Diamond
62,11,Champagne Diamonds,22,CLARITY,8707,I1
62,11,Champagne Diamonds,22,CLARITY,8592,I2
62,11,Champagne Diamonds,22,CLARITY,8721,SI
62,11,Champagne Diamonds,22,CLARITY,8590,SI1
62,11,Champagne Diamonds,22,CLARITY,8591,SI2
63,11,Cognac Diamonds,1,TREATMENT,9,Enhanced
63,11,Cognac Diamonds,1,TREATMENT,6,Natural
63,11,Cognac Diamonds,2,ORIGIN,21,Africa
63,11,Cognac Diamonds,2,ORIGIN,28,Australia
63,11,Cognac Diamonds,3,CUT,8773,Very Good
63,11,Cognac Diamonds,6,WEIGHT,3562,0.25 ct.
63,11,Cognac Diamonds,6,WEIGHT,3558,0.5 ct.
63,11,Cognac Diamonds,6,WEIGHT,3515,0.9 ct.
63,11,Cognac Diamonds,6,WEIGHT,3559,1 ct.
63,11,Cognac Diamonds,6,WEIGHT,3557,1.05 ct.
63,11,Cognac Diamonds,6,WEIGHT,3599,1.1 ct.
63,11,Cognac Diamonds,6,WEIGHT,3622,1.15 ct.
63,11,Cognac Diamonds,6,WEIGHT,3589,1.2 ct.
63,11,Cognac Diamonds,6,WEIGHT,2434,1.25 ct.
63,11,Cognac Diamonds,6,WEIGHT,3607,1.3 ct.
63,11,Cognac Diamonds,6,WEIGHT,3669,1.35 ct.
63,11,Cognac Diamonds,6,WEIGHT,4887,1.5 ct.
63,11,Cognac Diamonds,6,WEIGHT,3671,1.65 ct.
63,11,Cognac Diamonds,6,WEIGHT,3591,1.75 ct.
63,11,Cognac Diamonds,6,WEIGHT,3561,2 ct.
63,11,Cognac Diamonds,6,WEIGHT,3608,2.05 ct.
63,11,Cognac Diamonds,6,WEIGHT,4609,2.15 ct.
63,11,Cognac Diamonds,6,WEIGHT,3609,2.9 ct.
63,11,Cognac Diamonds,7,SIZE,6425,2.9 mm
63,11,Cognac Diamonds,7,SIZE,6177,4 mm
63,11,Cognac Diamonds,7,SIZE,5785,5 mm
63,11,Cognac Diamonds,7,SIZE,6075,6.6 mm
63,11,Cognac Diamonds,7,SIZE,6107,6.7 mm approx.
63,11,Cognac Diamonds,7,SIZE,6074,6.8 mm
63,11,Cognac Diamonds,7,SIZE,6105,6.8 mm approx.
63,11,Cognac Diamonds,7,SIZE,6477,7.0 mm
63,11,Cognac Diamonds,7,SIZE,6102,7.2 mm approx.
63,11,Cognac Diamonds,7,SIZE,6111,7.5 mm approx.
63,11,Cognac Diamonds,7,SIZE,6163,7.6 mm
63,11,Cognac Diamonds,7,SIZE,6162,8.0 mm
63,11,Cognac Diamonds,7,SIZE,6160,8.1 mm
63,11,Cognac Diamonds,7,SIZE,6161,8.4 mm
63,11,Cognac Diamonds,7,SIZE,6743,9.3 mm
63,11,Cognac Diamonds,8,COLOR,7514,Cognac
63,11,Cognac Diamonds,10,SHAPE,7670,Round
63,11,Cognac Diamonds,11,LUSTER,7918,Nice
63,11,Cognac Diamonds,12,HARDNESS,7941,10
63,11,Cognac Diamonds,19,NAME,8969,Cognac Diamond
63,11,Cognac Diamonds,19,NAME,8410,Diamond
63,11,Cognac Diamonds,22,CLARITY,8861,Commercial
63,11,Cognac Diamonds,22,CLARITY,8707,I1
63,11,Cognac Diamonds,22,CLARITY,8870,I1-I2
63,11,Cognac Diamonds,22,CLARITY,8592,I2
63,11,Cognac Diamonds,22,CLARITY,8856,I2-I3
63,11,Cognac Diamonds,22,CLARITY,8590,SI1
63,11,Cognac Diamonds,22,CLARITY,8591,SI2
64,11,Canary Diamonds,1,TREATMENT,9,Enhanced
64,11,Canary Diamonds,2,ORIGIN,21,Africa
64,11,Canary Diamonds,3,CUT,65,Brilliant
64,11,Canary Diamonds,3,CUT,8773,Very Good
64,11,Canary Diamonds,4,CLARITY/GRADE,147,I3
64,11,Canary Diamonds,6,WEIGHT,3562,0.25 ct.
64,11,Canary Diamonds,6,WEIGHT,3655,0.33 ct.
64,11,Canary Diamonds,6,WEIGHT,3861,0.45 ct.
64,11,Canary Diamonds,6,WEIGHT,3510,0.48 ct.
64,11,Canary Diamonds,6,WEIGHT,3558,0.5 ct.
64,11,Canary Diamonds,6,WEIGHT,3511,0.54 ct.
64,11,Canary Diamonds,6,WEIGHT,3578,0.6 ct.
64,11,Canary Diamonds,6,WEIGHT,3918,0.62 ct.
64,11,Canary Diamonds,6,WEIGHT,3543,0.65 ct.
64,11,Canary Diamonds,6,WEIGHT,3518,0.66 ct.
64,11,Canary Diamonds,6,WEIGHT,3580,0.7 ct.
64,11,Canary Diamonds,6,WEIGHT,3524,0.75 ct.
64,11,Canary Diamonds,6,WEIGHT,3663,0.85 ct.
64,11,Canary Diamonds,6,WEIGHT,3515,0.9 ct.
64,11,Canary Diamonds,7,SIZE,6177,4 mm
64,11,Canary Diamonds,7,SIZE,6475,4.25 mm
64,11,Canary Diamonds,7,SIZE,6427,4.7 mm
64,11,Canary Diamonds,7,SIZE,5785,5 mm
64,11,Canary Diamonds,7,SIZE,6474,5.0 mm
64,11,Canary Diamonds,7,SIZE,6571,5.75 mm
64,11,Canary Diamonds,7,SIZE,6122,6.2 mm approx.
64,11,Canary Diamonds,7,SIZE,6146,6.3 mm approx.
64,11,Canary Diamonds,7,SIZE,5914,N/A
64,11,Canary Diamonds,8,COLOR,7472,Canary
64,11,Canary Diamonds,8,COLOR,7593,Yellow Canary
64,11,Canary Diamonds,10,SHAPE,7726,Princess
64,11,Canary Diamonds,10,SHAPE,7670,Round
64,11,Canary Diamonds,11,LUSTER,7918,Nice
64,11,Canary Diamonds,12,HARDNESS,7941,10
64,11,Canary Diamonds,13,GRADE,8038,AA
64,11,Canary Diamonds,19,NAME,8410,Diamond
64,11,Canary Diamonds,22,CLARITY,8861,Commercial
64,11,Canary Diamonds,22,CLARITY,8707,I1
64,11,Canary Diamonds,22,CLARITY,8824,I3
64,11,Canary Diamonds,22,CLARITY,8825,SI3
65,11,Silver Diamonds,1,TREATMENT,9,Enhanced
65,11,Silver Diamonds,2,ORIGIN,21,Africa
65,11,Silver Diamonds,3,CUT,8773,Very Good
65,11,Silver Diamonds,6,WEIGHT,3562,0.25 ct.
65,11,Silver Diamonds,6,WEIGHT,3558,0.5 ct.
65,11,Silver Diamonds,6,WEIGHT,1985,0.95 ct.
65,11,Silver Diamonds,6,WEIGHT,3559,1 ct.
65,11,Silver Diamonds,6,WEIGHT,3625,1.4 ct.
65,11,Silver Diamonds,6,WEIGHT,3585,10 ct.
65,11,Silver Diamonds,6,WEIGHT,3424,105 ct.
65,11,Silver Diamonds,6,WEIGHT,3034,80 ct.
65,11,Silver Diamonds,7,SIZE,6177,4 mm
65,11,Silver Diamonds,7,SIZE,5785,5 mm
65,11,Silver Diamonds,7,SIZE,6172,6.4 mm
65,11,Silver Diamonds,7,SIZE,6075,6.6 mm
65,11,Silver Diamonds,7,SIZE,6129,7.3 mm approx
65,11,Silver Diamonds,8,COLOR,7591,Fancy Silver
65,11,Silver Diamonds,8,COLOR,7590,Fancy Silver Grey
65,11,Silver Diamonds,8,COLOR,7581,Silver
65,11,Silver Diamonds,10,SHAPE,7670,Round
65,11,Silver Diamonds,11,LUSTER,7918,Nice
65,11,Silver Diamonds,12,HARDNESS,7941,10
65,11,Silver Diamonds,19,NAME,8410,Diamond
65,11,Silver Diamonds,19,NAME,9382,Silver Diamond
65,11,Silver Diamonds,22,CLARITY,8861,Commercial
65,11,Silver Diamonds,22,CLARITY,8707,I1
65,11,Silver Diamonds,22,CLARITY,8592,I2
65,11,Silver Diamonds,22,CLARITY,8824,I3
65,11,Silver Diamonds,22,CLARITY,8584,I3-I4
65,11,Silver Diamonds,24,CARAT RANGE,8941,0.01 - 0.10 ct.
65,11,Silver Diamonds,24,CARAT RANGE,8956,0.10 - 0.20 ct.
65,11,Silver Diamonds,24,CARAT RANGE,9353,0.12 - 0.50 ct.
65,11,Silver Diamonds,25,SIZE RANGE,8906,1.3 - 3.0 mm
65,11,Silver Diamonds,25,SIZE RANGE,8954,3.0 - 3.8 mm
65,11,Silver Diamonds,25,SIZE RANGE,9354,3.2 - 5.0 mm
65,11,Silver Diamonds,30,AVAILABLE AS,8874,Diamond Lot
66,29,Blue Sapphire,1,TREATMENT,1,Heat Treated
66,29,Blue Sapphire,1,TREATMENT,6,Natural
66,29,Blue Sapphire,1,TREATMENT,11,Treated
66,29,Blue Sapphire,2,ORIGIN,54,Afghanistan
66,29,Blue Sapphire,2,ORIGIN,20,Sri Lanka
66,29,Blue Sapphire,3,CUT,61,Cabochon
66,29,Blue Sapphire,3,CUT,81,Diamond
66,29,Blue Sapphire,3,CUT,60,Faceted
66,29,Blue Sapphire,3,CUT,111,Smooth
66,29,Blue Sapphire,4,CLARITY/GRADE,157,A
66,29,Blue Sapphire,4,CLARITY/GRADE,145,AA
66,29,Blue Sapphire,4,CLARITY/GRADE,144,AAA
66,29,Blue Sapphire,4,CLARITY/GRADE,151,Commercial
66,29,Blue Sapphire,4,CLARITY/GRADE,193,Super
66,29,Blue Sapphire,6,WEIGHT,3877,0.02 ct.
66,29,Blue Sapphire,6,WEIGHT,3915,0.024 ct.
66,29,Blue Sapphire,6,WEIGHT,3916,0.026 ct.
66,29,Blue Sapphire,6,WEIGHT,3594,0.04 ct.
66,29,Blue Sapphire,6,WEIGHT,3551,0.05 ct.
66,29,Blue Sapphire,6,WEIGHT,3502,0.06 ct.
66,29,Blue Sapphire,6,WEIGHT,3613,0.07 ct.
66,29,Blue Sapphire,6,WEIGHT,3642,0.08 ct.
66,29,Blue Sapphire,6,WEIGHT,3503,0.084 ct.
66,29,Blue Sapphire,6,WEIGHT,3643,0.10 ct.
66,29,Blue Sapphire,6,WEIGHT,3595,0.11 ct.
66,29,Blue Sapphire,6,WEIGHT,3620,0.13 ct.
66,29,Blue Sapphire,6,WEIGHT,3822,0.14 ct.
66,29,Blue Sapphire,6,WEIGHT,3633,0.16 ct.
66,29,Blue Sapphire,6,WEIGHT,3614,0.17 ct.
66,29,Blue Sapphire,6,WEIGHT,3666,0.19 ct.
66,29,Blue Sapphire,6,WEIGHT,3504,0.192 ct.
66,29,Blue Sapphire,6,WEIGHT,3644,0.20 ct.
66,29,Blue Sapphire,6,WEIGHT,3505,0.22 ct.
66,29,Blue Sapphire,6,WEIGHT,3667,0.23 ct.
66,29,Blue Sapphire,6,WEIGHT,3562,0.25 ct.
66,29,Blue Sapphire,6,WEIGHT,3645,0.26 ct.
66,29,Blue Sapphire,6,WEIGHT,3506,0.264 ct.
66,29,Blue Sapphire,6,WEIGHT,3507,0.3 ct.
66,29,Blue Sapphire,6,WEIGHT,3889,0.31 ct.
66,29,Blue Sapphire,6,WEIGHT,3508,0.336 ct.
66,29,Blue Sapphire,6,WEIGHT,3646,0.34 ct.
66,29,Blue Sapphire,6,WEIGHT,3555,0.35 ct.
66,29,Blue Sapphire,6,WEIGHT,3516,0.36 ct.
66,29,Blue Sapphire,6,WEIGHT,3509,0.384 ct.
66,29,Blue Sapphire,6,WEIGHT,3547,0.4 ct.
66,29,Blue Sapphire,6,WEIGHT,3634,0.42 ct.
66,29,Blue Sapphire,6,WEIGHT,3917,0.43 ct.
66,29,Blue Sapphire,6,WEIGHT,3861,0.45 ct.
66,29,Blue Sapphire,6,WEIGHT,3661,0.47 ct.
66,29,Blue Sapphire,6,WEIGHT,3510,0.48 ct.
66,29,Blue Sapphire,6,WEIGHT,3885,0.49 ct.
66,29,Blue Sapphire,6,WEIGHT,3558,0.5 ct.
66,29,Blue Sapphire,6,WEIGHT,3517,0.504 ct.
66,29,Blue Sapphire,6,WEIGHT,3511,0.54 ct.
66,29,Blue Sapphire,6,WEIGHT,3602,0.57 ct.
66,29,Blue Sapphire,6,WEIGHT,3860,0.58 ct.
66,29,Blue Sapphire,6,WEIGHT,3918,0.62 ct.
66,29,Blue Sapphire,6,WEIGHT,3512,0.636 ct.
66,29,Blue Sapphire,6,WEIGHT,3518,0.66 ct.
66,29,Blue Sapphire,6,WEIGHT,3513,0.672 ct.
66,29,Blue Sapphire,6,WEIGHT,3580,0.7 ct.
66,29,Blue Sapphire,6,WEIGHT,3514,0.756 ct.
66,29,Blue Sapphire,6,WEIGHT,3919,0.76 ct.
66,29,Blue Sapphire,6,WEIGHT,3663,0.85 ct.
66,29,Blue Sapphire,6,WEIGHT,3920,0.88 ct.
66,29,Blue Sapphire,6,WEIGHT,3515,0.9 ct.
66,29,Blue Sapphire,6,WEIGHT,3922,0.97 ct.
66,29,Blue Sapphire,6,WEIGHT,3559,1 ct.
66,29,Blue Sapphire,6,WEIGHT,3557,1.05 ct.
66,29,Blue Sapphire,6,WEIGHT,3622,1.15 ct.
66,29,Blue Sapphire,6,WEIGHT,3589,1.2 ct.
66,29,Blue Sapphire,6,WEIGHT,3607,1.3 ct.
66,29,Blue Sapphire,6,WEIGHT,3669,1.35 ct.
66,29,Blue Sapphire,6,WEIGHT,3519,1.38 ct.
66,29,Blue Sapphire,6,WEIGHT,3923,1.46 ct.
66,29,Blue Sapphire,6,WEIGHT,3603,1.6 ct.
66,29,Blue Sapphire,6,WEIGHT,3520,1.74 ct.
66,29,Blue Sapphire,6,WEIGHT,3924,1.85 ct.
66,29,Blue Sapphire,6,WEIGHT,3618,1.9 ct.
66,29,Blue Sapphire,6,WEIGHT,3561,2 ct.
66,29,Blue Sapphire,6,WEIGHT,3588,2.2 ct.
66,29,Blue Sapphire,6,WEIGHT,3526,2.25 ct.
66,29,Blue Sapphire,6,WEIGHT,3521,2.4 ct.
66,29,Blue Sapphire,6,WEIGHT,4783,2.45 cts.
66,29,Blue Sapphire,6,WEIGHT,4340,2.55 ct.
66,29,Blue Sapphire,6,WEIGHT,3659,2.7 ct.
66,29,Blue Sapphire,6,WEIGHT,3583,2.75 ct.
66,29,Blue Sapphire,6,WEIGHT,3627,2.8 ct.
66,29,Blue Sapphire,6,WEIGHT,3609,2.9 ct.
66,29,Blue Sapphire,6,WEIGHT,4343,2.95 ct.
66,29,Blue Sapphire,6,WEIGHT,3538,3 ct.
66,29,Blue Sapphire,6,WEIGHT,4405,3 ct. (1 Pcs. Approx.)
66,29,Blue Sapphire,6,WEIGHT,1215,3.05 Carats
66,29,Blue Sapphire,6,WEIGHT,3925,3.15 ct.
66,29,Blue Sapphire,6,WEIGHT,3522,3.18 ct.
66,29,Blue Sapphire,6,WEIGHT,3927,3.2 ct.
66,29,Blue Sapphire,6,WEIGHT,1243,3.25 Carats
66,29,Blue Sapphire,6,WEIGHT,4319,3.3 ct.
66,29,Blue Sapphire,6,WEIGHT,3611,3.4 ct.
66,29,Blue Sapphire,6,WEIGHT,1714,3.45 Carats
66,29,Blue Sapphire,6,WEIGHT,4681,3.55 cts.
66,29,Blue Sapphire,6,WEIGHT,4313,3.6 ct.
66,29,Blue Sapphire,6,WEIGHT,3621,3.7 ct.
66,29,Blue Sapphire,6,WEIGHT,4514,3.8 ct.
66,29,Blue Sapphire,6,WEIGHT,4960,4.15 ct.
66,29,Blue Sapphire,6,WEIGHT,3546,4.35 ct.
66,29,Blue Sapphire,6,WEIGHT,306,4.8 ct.
66,29,Blue Sapphire,6,WEIGHT,3592,5.5 ct.
66,29,Blue Sapphire,7,SIZE,6440,1.0 mm
66,29,Blue Sapphire,7,SIZE,6434,1.25 mm
66,29,Blue Sapphire,7,SIZE,6437,1.5 mm
66,29,Blue Sapphire,7,SIZE,6591,1.50 mm
66,29,Blue Sapphire,7,SIZE,6605,1.5x3 mm
66,29,Blue Sapphire,7,SIZE,6471,1.75 mm
66,29,Blue Sapphire,7,SIZE,6006,10.2x8.5 mm
66,29,Blue Sapphire,7,SIZE,6017,10.3x8.3 mm
66,29,Blue Sapphire,7,SIZE,6011,10.4x8.0 mm
66,29,Blue Sapphire,7,SIZE,6036,10.4x8.5 mm
66,29,Blue Sapphire,7,SIZE,6021,10.5x8 mm
66,29,Blue Sapphire,7,SIZE,6561,10x5 mm
66,29,Blue Sapphire,7,SIZE,6051,10x7.2 mm
66,29,Blue Sapphire,7,SIZE,6019,10x7.3 mm
66,29,Blue Sapphire,7,SIZE,6013,10x7.8 mm
66,29,Blue Sapphire,7,SIZE,5996,10x8 mm
66,29,Blue Sapphire,7,SIZE,6793,10x8 mm (Lot)
66,29,Blue Sapphire,7,SIZE,6038,11.4x9 mm
66,29,Blue Sapphire,7,SIZE,5997,11.5x8.5 mm
66,29,Blue Sapphire,7,SIZE,5959,11X8.5 mm
66,29,Blue Sapphire,7,SIZE,7456,12 x 8 mm
66,29,Blue Sapphire,7,SIZE,5924,12x6 mm
66,29,Blue Sapphire,7,SIZE,6420,2.0 mm
66,29,Blue Sapphire,7,SIZE,6532,2.25 mm
66,29,Blue Sapphire,7,SIZE,6363,2.5 mm
66,29,Blue Sapphire,7,SIZE,6593,2.50 mm
66,29,Blue Sapphire,7,SIZE,6372,2.75 mm
66,29,Blue Sapphire,7,SIZE,6573,2x3 mm
66,29,Blue Sapphire,7,SIZE,6344,3 mm
66,29,Blue Sapphire,7,SIZE,6371,3.25 mm
66,29,Blue Sapphire,7,SIZE,6362,3.5 mm
66,29,Blue Sapphire,7,SIZE,6595,3.50 mm
66,29,Blue Sapphire,7,SIZE,6585,3.5x2 mm
66,29,Blue Sapphire,7,SIZE,6575,3.5x4.5 mm
66,29,Blue Sapphire,7,SIZE,6391,3.75 mm
66,29,Blue Sapphire,7,SIZE,6583,3x1.5 mm
66,29,Blue Sapphire,7,SIZE,6584,3x2 mm
66,29,Blue Sapphire,7,SIZE,6574,3x4 mm
66,29,Blue Sapphire,7,SIZE,6177,4 mm
66,29,Blue Sapphire,7,SIZE,6475,4.25 mm
66,29,Blue Sapphire,7,SIZE,6178,4.5 mm
66,29,Blue Sapphire,7,SIZE,6586,4.5x2.5 mm
66,29,Blue Sapphire,7,SIZE,6533,4.75 mm
66,29,Blue Sapphire,7,SIZE,6566,4x2 mm
66,29,Blue Sapphire,7,SIZE,6534,4x3 mm
66,29,Blue Sapphire,7,SIZE,6076,5 mm
66,29,Blue Sapphire,7,SIZE,6539,5.25 mm
66,29,Blue Sapphire,7,SIZE,6599,5.50 mm
66,29,Blue Sapphire,7,SIZE,6579,5.5x5.5 mm
66,29,Blue Sapphire,7,SIZE,6571,5.75 mm
66,29,Blue Sapphire,7,SIZE,6567,5x2.5 mm
66,29,Blue Sapphire,7,SIZE,6535,5x3 mm
66,29,Blue Sapphire,7,SIZE,6536,5x4 mm
66,29,Blue Sapphire,7,SIZE,6578,5x5 mm
66,29,Blue Sapphire,7,SIZE,6600,6.00 mm
66,29,Blue Sapphire,7,SIZE,6572,6.25 mm
66,29,Blue Sapphire,7,SIZE,6175,6.5 mm
66,29,Blue Sapphire,7,SIZE,6588,6.5x3.5 mm
66,29,Blue Sapphire,7,SIZE,6577,6.5x5.5 mm
66,29,Blue Sapphire,7,SIZE,6168,6.75 mm
66,29,Blue Sapphire,7,SIZE,6568,6x3 mm
66,29,Blue Sapphire,7,SIZE,6537,6x4 mm
66,29,Blue Sapphire,7,SIZE,6576,6x5 mm
66,29,Blue Sapphire,7,SIZE,6477,7.0 mm
66,29,Blue Sapphire,7,SIZE,6589,7x3.5 mm
66,29,Blue Sapphire,7,SIZE,6538,7x5 mm
66,29,Blue Sapphire,7,SIZE,6569,8x4 mm
66,29,Blue Sapphire,7,SIZE,6060,8x6 mm
66,29,Blue Sapphire,7,SIZE,6046,9.2x7 mm
66,29,Blue Sapphire,7,SIZE,6029,9.2x7.2 mm
66,29,Blue Sapphire,7,SIZE,6052,9.2x7.5 mm
66,29,Blue Sapphire,7,SIZE,6031,9.2x7.8 mm
66,29,Blue Sapphire,7,SIZE,6030,9.5x7 mm
66,29,Blue Sapphire,7,SIZE,6026,9.5x7.5 mm
66,29,Blue Sapphire,7,SIZE,6027,9.5x8 mm
66,29,Blue Sapphire,7,SIZE,6033,9.8x7.8 mm
66,29,Blue Sapphire,7,SIZE,6034,9.8x8 mm
66,29,Blue Sapphire,7,SIZE,6590,9x4.5 mm
66,29,Blue Sapphire,7,SIZE,6023,9x6.5 mm
66,29,Blue Sapphire,7,SIZE,6043,9x7 mm
66,29,Blue Sapphire,7,SIZE,6024,9x7.5 mm
66,29,Blue Sapphire,8,COLOR,7459,Blue
66,29,Blue Sapphire,10,SHAPE,7691,Baguette
66,29,Blue Sapphire,10,SHAPE,7814,Briolette
66,29,Blue Sapphire,10,SHAPE,7742,Emerald
66,29,Blue Sapphire,10,SHAPE,7768,Fancy
66,29,Blue Sapphire,10,SHAPE,7684,Marquise
66,29,Blue Sapphire,10,SHAPE,7666,Oval
66,29,Blue Sapphire,10,SHAPE,7672,Pear
66,29,Blue Sapphire,10,SHAPE,7670,Round
66,29,Blue Sapphire,10,SHAPE,7685,Square
66,29,Blue Sapphire,10,SHAPE,7668,Trillion
66,29,Blue Sapphire,11,LUSTER,7918,Nice
66,29,Blue Sapphire,11,LUSTER,7925,Very Nice
66,29,Blue Sapphire,12,HARDNESS,7932,9
66,29,Blue Sapphire,13,GRADE,8038,AA
66,29,Blue Sapphire,13,GRADE,8037,AAA
66,29,Blue Sapphire,19,NAME,8418,Blue Sapphire
66,29,Blue Sapphire,19,NAME,8396,Sapphire
66,29,Blue Sapphire,22,CLARITY,8586,Opaque
67,29,Pink Sapphire,1,TREATMENT,1,Heat Treated
67,29,Pink Sapphire,2,ORIGIN,20,Sri Lanka
67,29,Pink Sapphire,3,CUT,60,Faceted
67,29,Pink Sapphire,4,CLARITY/GRADE,157,A
67,29,Pink Sapphire,4,CLARITY/GRADE,145,AA
67,29,Pink Sapphire,4,CLARITY/GRADE,144,AAA
67,29,Pink Sapphire,6,WEIGHT,3877,0.02 ct.
67,29,Pink Sapphire,6,WEIGHT,3915,0.024 ct.
67,29,Pink Sapphire,6,WEIGHT,3916,0.026 ct.
67,29,Pink Sapphire,6,WEIGHT,3594,0.04 ct.
67,29,Pink Sapphire,6,WEIGHT,3551,0.05 ct.
67,29,Pink Sapphire,6,WEIGHT,3502,0.06 ct.
67,29,Pink Sapphire,6,WEIGHT,3613,0.07 ct.
67,29,Pink Sapphire,6,WEIGHT,3642,0.08 ct.
67,29,Pink Sapphire,6,WEIGHT,3643,0.10 ct.
67,29,Pink Sapphire,6,WEIGHT,3595,0.11 ct.
67,29,Pink Sapphire,6,WEIGHT,3620,0.13 ct.
67,29,Pink Sapphire,6,WEIGHT,3822,0.14 ct.
67,29,Pink Sapphire,6,WEIGHT,3633,0.16 ct.
67,29,Pink Sapphire,6,WEIGHT,3614,0.17 ct.
67,29,Pink Sapphire,6,WEIGHT,3666,0.19 ct.
67,29,Pink Sapphire,6,WEIGHT,3644,0.20 ct.
67,29,Pink Sapphire,6,WEIGHT,3505,0.22 ct.
67,29,Pink Sapphire,6,WEIGHT,3667,0.23 ct.
67,29,Pink Sapphire,6,WEIGHT,3562,0.25 ct.
67,29,Pink Sapphire,6,WEIGHT,3645,0.26 ct.
67,29,Pink Sapphire,6,WEIGHT,3507,0.3 ct.
67,29,Pink Sapphire,6,WEIGHT,3889,0.31 ct.
67,29,Pink Sapphire,6,WEIGHT,3646,0.34 ct.
67,29,Pink Sapphire,6,WEIGHT,3555,0.35 ct.
67,29,Pink Sapphire,6,WEIGHT,3516,0.36 ct.
67,29,Pink Sapphire,6,WEIGHT,3547,0.4 ct.
67,29,Pink Sapphire,6,WEIGHT,3917,0.43 ct.
67,29,Pink Sapphire,6,WEIGHT,3861,0.45 ct.
67,29,Pink Sapphire,6,WEIGHT,3510,0.48 ct.
67,29,Pink Sapphire,6,WEIGHT,3558,0.5 ct.
67,29,Pink Sapphire,6,WEIGHT,3860,0.58 ct.
67,29,Pink Sapphire,6,WEIGHT,3578,0.6 ct.
67,29,Pink Sapphire,6,WEIGHT,3918,0.62 ct.
67,29,Pink Sapphire,6,WEIGHT,3518,0.66 ct.
67,29,Pink Sapphire,6,WEIGHT,3580,0.7 ct.
67,29,Pink Sapphire,6,WEIGHT,3919,0.76 ct.
67,29,Pink Sapphire,6,WEIGHT,3663,0.85 ct.
67,29,Pink Sapphire,6,WEIGHT,3920,0.88 ct.
67,29,Pink Sapphire,6,WEIGHT,3922,0.97 ct.
67,29,Pink Sapphire,6,WEIGHT,3559,1 ct.
67,29,Pink Sapphire,6,WEIGHT,3557,1.05 ct.
67,29,Pink Sapphire,6,WEIGHT,3622,1.15 ct.
67,29,Pink Sapphire,6,WEIGHT,3589,1.2 ct.
67,29,Pink Sapphire,6,WEIGHT,3607,1.3 ct.
67,29,Pink Sapphire,6,WEIGHT,3669,1.35 ct.
67,29,Pink Sapphire,6,WEIGHT,3923,1.46 ct.
67,29,Pink Sapphire,6,WEIGHT,3603,1.6 ct.
67,29,Pink Sapphire,6,WEIGHT,3924,1.85 ct.
67,29,Pink Sapphire,6,WEIGHT,3583,2.75 ct.
67,29,Pink Sapphire,6,WEIGHT,3925,3.15 ct.
67,29,Pink Sapphire,7,SIZE,6431,1 mm
67,29,Pink Sapphire,7,SIZE,6434,1.25 mm
67,29,Pink Sapphire,7,SIZE,6437,1.5 mm
67,29,Pink Sapphire,7,SIZE,6605,1.5x3 mm
67,29,Pink Sapphire,7,SIZE,6471,1.75 mm
67,29,Pink Sapphire,7,SIZE,6561,10x5 mm
67,29,Pink Sapphire,7,SIZE,5996,10x8 mm
67,29,Pink Sapphire,7,SIZE,6360,2 mm
67,29,Pink Sapphire,7,SIZE,6532,2.25 mm
67,29,Pink Sapphire,7,SIZE,6363,2.5 mm
67,29,Pink Sapphire,7,SIZE,6372,2.75 mm
67,29,Pink Sapphire,7,SIZE,6573,2x3 mm
67,29,Pink Sapphire,7,SIZE,6344,3 mm
67,29,Pink Sapphire,7,SIZE,6371,3.25 mm
67,29,Pink Sapphire,7,SIZE,6362,3.5 mm
67,29,Pink Sapphire,7,SIZE,6585,3.5x2 mm
67,29,Pink Sapphire,7,SIZE,6575,3.5x4.5 mm
67,29,Pink Sapphire,7,SIZE,6391,3.75 mm
67,29,Pink Sapphire,7,SIZE,6584,3x2 mm
67,29,Pink Sapphire,7,SIZE,6574,3x4 mm
67,29,Pink Sapphire,7,SIZE,6177,4 mm
67,29,Pink Sapphire,7,SIZE,6475,4.25 mm
67,29,Pink Sapphire,7,SIZE,6178,4.5 mm
67,29,Pink Sapphire,7,SIZE,6586,4.5x2.5 mm
67,29,Pink Sapphire,7,SIZE,6533,4.75 mm
67,29,Pink Sapphire,7,SIZE,6566,4x2 mm
67,29,Pink Sapphire,7,SIZE,6534,4x3 mm
67,29,Pink Sapphire,7,SIZE,6076,5 mm
67,29,Pink Sapphire,7,SIZE,6539,5.25 mm
67,29,Pink Sapphire,7,SIZE,6173,5.5 mm
67,29,Pink Sapphire,7,SIZE,6571,5.75 mm
67,29,Pink Sapphire,7,SIZE,6567,5x2.5 mm
67,29,Pink Sapphire,7,SIZE,6535,5x3 mm
67,29,Pink Sapphire,7,SIZE,6536,5x4 mm
67,29,Pink Sapphire,7,SIZE,6174,6 mm
67,29,Pink Sapphire,7,SIZE,6572,6.25 mm
67,29,Pink Sapphire,7,SIZE,6175,6.5 mm
67,29,Pink Sapphire,7,SIZE,6588,6.5x3.5 mm
67,29,Pink Sapphire,7,SIZE,6577,6.5x5.5 mm
67,29,Pink Sapphire,7,SIZE,6168,6.75 mm
67,29,Pink Sapphire,7,SIZE,6568,6x3 mm
67,29,Pink Sapphire,7,SIZE,6537,6x4 mm
67,29,Pink Sapphire,7,SIZE,6576,6x5 mm
67,29,Pink Sapphire,7,SIZE,6176,7 mm
67,29,Pink Sapphire,7,SIZE,6589,7x3.5 mm
67,29,Pink Sapphire,7,SIZE,6538,7x5 mm
67,29,Pink Sapphire,7,SIZE,6569,8x4 mm
67,29,Pink Sapphire,7,SIZE,6060,8x6 mm
67,29,Pink Sapphire,7,SIZE,6043,9x7 mm
67,29,Pink Sapphire,8,COLOR,7507,Pink
67,29,Pink Sapphire,10,SHAPE,7742,Emerald
67,29,Pink Sapphire,10,SHAPE,7684,Marquise
67,29,Pink Sapphire,10,SHAPE,7666,Oval
67,29,Pink Sapphire,10,SHAPE,7672,Pear
67,29,Pink Sapphire,10,SHAPE,7670,Round
67,29,Pink Sapphire,10,SHAPE,7685,Square
67,29,Pink Sapphire,10,SHAPE,7668,Trillion
67,29,Pink Sapphire,11,LUSTER,7925,Very Nice
67,29,Pink Sapphire,12,HARDNESS,7932,9
67,29,Pink Sapphire,19,NAME,8396,Sapphire
68,29,Orange Sapphire,1,TREATMENT,1,Heat Treated
68,29,Orange Sapphire,2,ORIGIN,20,Sri Lanka
68,29,Orange Sapphire,3,CUT,60,Faceted
68,29,Orange Sapphire,4,CLARITY/GRADE,126,VS
68,29,Orange Sapphire,6,WEIGHT,3585,10 ct.
68,29,Orange Sapphire,7,SIZE,5085,4.0x3.0 mm.
68,29,Orange Sapphire,8,COLOR,7466,Padparadscha
68,29,Orange Sapphire,10,SHAPE,7666,Oval
68,29,Orange Sapphire,11,LUSTER,7915,Fine
68,29,Orange Sapphire,12,HARDNESS,7932,9
68,29,Orange Sapphire,13,GRADE,8037,AAA
68,29,Orange Sapphire,19,NAME,8396,Sapphire
69,29,Yellow Sapphire,1,TREATMENT,1,Heat Treated
69,29,Yellow Sapphire,1,TREATMENT,6,Natural
69,29,Yellow Sapphire,2,ORIGIN,20,Sri Lanka
69,29,Yellow Sapphire,3,CUT,60,Faceted
69,29,Yellow Sapphire,3,CUT,8773,Very Good
69,29,Yellow Sapphire,4,CLARITY/GRADE,157,A
69,29,Yellow Sapphire,4,CLARITY/GRADE,145,AA
69,29,Yellow Sapphire,4,CLARITY/GRADE,144,AAA
69,29,Yellow Sapphire,6,WEIGHT,3877,0.02 ct.
69,29,Yellow Sapphire,6,WEIGHT,3915,0.024 ct.
69,29,Yellow Sapphire,6,WEIGHT,3916,0.026 ct.
69,29,Yellow Sapphire,6,WEIGHT,3594,0.04 ct.
69,29,Yellow Sapphire,6,WEIGHT,3551,0.05 ct.
69,29,Yellow Sapphire,6,WEIGHT,3502,0.06 ct.
69,29,Yellow Sapphire,6,WEIGHT,3613,0.07 ct.
69,29,Yellow Sapphire,6,WEIGHT,3642,0.08 ct.
69,29,Yellow Sapphire,6,WEIGHT,3643,0.10 ct.
69,29,Yellow Sapphire,6,WEIGHT,3595,0.11 ct.
69,29,Yellow Sapphire,6,WEIGHT,3620,0.13 ct.
69,29,Yellow Sapphire,6,WEIGHT,3822,0.14 ct.
69,29,Yellow Sapphire,6,WEIGHT,3633,0.16 ct.
69,29,Yellow Sapphire,6,WEIGHT,3614,0.17 ct.
69,29,Yellow Sapphire,6,WEIGHT,3666,0.19 ct.
69,29,Yellow Sapphire,6,WEIGHT,3644,0.20 ct.
69,29,Yellow Sapphire,6,WEIGHT,3505,0.22 ct.
69,29,Yellow Sapphire,6,WEIGHT,3667,0.23 ct.
69,29,Yellow Sapphire,6,WEIGHT,3562,0.25 ct.
69,29,Yellow Sapphire,6,WEIGHT,3645,0.26 ct.
69,29,Yellow Sapphire,6,WEIGHT,3507,0.3 ct.
69,29,Yellow Sapphire,6,WEIGHT,3889,0.31 ct.
69,29,Yellow Sapphire,6,WEIGHT,3646,0.34 ct.
69,29,Yellow Sapphire,6,WEIGHT,3555,0.35 ct.
69,29,Yellow Sapphire,6,WEIGHT,3516,0.36 ct.
69,29,Yellow Sapphire,6,WEIGHT,3547,0.4 ct.
69,29,Yellow Sapphire,6,WEIGHT,3634,0.42 ct.
69,29,Yellow Sapphire,6,WEIGHT,3917,0.43 ct.
69,29,Yellow Sapphire,6,WEIGHT,3861,0.45 ct.
69,29,Yellow Sapphire,6,WEIGHT,3661,0.47 ct.
69,29,Yellow Sapphire,6,WEIGHT,3510,0.48 ct.
69,29,Yellow Sapphire,6,WEIGHT,3885,0.49 ct.
69,29,Yellow Sapphire,6,WEIGHT,3558,0.5 ct.
69,29,Yellow Sapphire,6,WEIGHT,3511,0.54 ct.
69,29,Yellow Sapphire,6,WEIGHT,3602,0.57 ct.
69,29,Yellow Sapphire,6,WEIGHT,3860,0.58 ct.
69,29,Yellow Sapphire,6,WEIGHT,3578,0.6 ct.
69,29,Yellow Sapphire,6,WEIGHT,3918,0.62 ct.
69,29,Yellow Sapphire,6,WEIGHT,3518,0.66 ct.
69,29,Yellow Sapphire,6,WEIGHT,3921,0.67 ct.
69,29,Yellow Sapphire,6,WEIGHT,3580,0.7 ct.
69,29,Yellow Sapphire,6,WEIGHT,3524,0.75 ct.
69,29,Yellow Sapphire,6,WEIGHT,3919,0.76 ct.
69,29,Yellow Sapphire,6,WEIGHT,3663,0.85 ct.
69,29,Yellow Sapphire,6,WEIGHT,3920,0.88 ct.
69,29,Yellow Sapphire,6,WEIGHT,3559,1 ct.
69,29,Yellow Sapphire,6,WEIGHT,3622,1.15 ct.
69,29,Yellow Sapphire,6,WEIGHT,3607,1.3 ct.
69,29,Yellow Sapphire,6,WEIGHT,3625,1.4 ct.
69,29,Yellow Sapphire,6,WEIGHT,3670,1.45 ct.
69,29,Yellow Sapphire,6,WEIGHT,3603,1.6 ct.
69,29,Yellow Sapphire,6,WEIGHT,3630,1.7 ct.
69,29,Yellow Sapphire,6,WEIGHT,3403,1.76 Carat
69,29,Yellow Sapphire,6,WEIGHT,3924,1.85 ct.
69,29,Yellow Sapphire,6,WEIGHT,3618,1.9 ct.
69,29,Yellow Sapphire,6,WEIGHT,3544,1.95 ct.
69,29,Yellow Sapphire,6,WEIGHT,3561,2 ct.
69,29,Yellow Sapphire,6,WEIGHT,3608,2.05 ct.
69,29,Yellow Sapphire,6,WEIGHT,745,2.11 Carats
69,29,Yellow Sapphire,6,WEIGHT,3588,2.2 ct.
69,29,Yellow Sapphire,6,WEIGHT,1109,2.21 Carats
69,29,Yellow Sapphire,6,WEIGHT,929,2.28 Carats
69,29,Yellow Sapphire,6,WEIGHT,3926,2.3 ct.
69,29,Yellow Sapphire,6,WEIGHT,738,2.33 Carats
69,29,Yellow Sapphire,6,WEIGHT,744,2.49 Carats
69,29,Yellow Sapphire,6,WEIGHT,1733,2.64 Carats
69,29,Yellow Sapphire,6,WEIGHT,3583,2.75 ct.
69,29,Yellow Sapphire,6,WEIGHT,4677,2.84 cts.
69,29,Yellow Sapphire,6,WEIGHT,3538,3 ct.
69,29,Yellow Sapphire,6,WEIGHT,1215,3.05 Carats
69,29,Yellow Sapphire,6,WEIGHT,4339,3.1 ct.
69,29,Yellow Sapphire,6,WEIGHT,3925,3.15 ct.
69,29,Yellow Sapphire,6,WEIGHT,1732,3.77 ct.
69,29,Yellow Sapphire,6,WEIGHT,3033,46 ct.
69,29,Yellow Sapphire,7,SIZE,6431,1 mm
69,29,Yellow Sapphire,7,SIZE,6434,1.25 mm
69,29,Yellow Sapphire,7,SIZE,6437,1.5 mm
69,29,Yellow Sapphire,7,SIZE,6605,1.5x3 mm
69,29,Yellow Sapphire,7,SIZE,6471,1.75 mm
69,29,Yellow Sapphire,7,SIZE,6057,10.1x7.8 mm
69,29,Yellow Sapphire,7,SIZE,6059,10.2x8.0 mm
69,29,Yellow Sapphire,7,SIZE,6056,10.6x8.4 mm
69,29,Yellow Sapphire,7,SIZE,6561,10x5 mm
69,29,Yellow Sapphire,7,SIZE,5996,10x8 mm
69,29,Yellow Sapphire,7,SIZE,5924,12x6 mm
69,29,Yellow Sapphire,7,SIZE,6360,2 mm
69,29,Yellow Sapphire,7,SIZE,6532,2.25 mm
69,29,Yellow Sapphire,7,SIZE,6363,2.5 mm
69,29,Yellow Sapphire,7,SIZE,6372,2.75 mm
69,29,Yellow Sapphire,7,SIZE,6573,2x3 mm
69,29,Yellow Sapphire,7,SIZE,6344,3 mm
69,29,Yellow Sapphire,7,SIZE,6371,3.25 mm
69,29,Yellow Sapphire,7,SIZE,6362,3.5 mm
69,29,Yellow Sapphire,7,SIZE,6585,3.5x2 mm
69,29,Yellow Sapphire,7,SIZE,6575,3.5x4.5 mm
69,29,Yellow Sapphire,7,SIZE,6391,3.75 mm
69,29,Yellow Sapphire,7,SIZE,6584,3x2 mm
69,29,Yellow Sapphire,7,SIZE,6574,3x4 mm
69,29,Yellow Sapphire,7,SIZE,6177,4 mm
69,29,Yellow Sapphire,7,SIZE,6475,4.25 mm
69,29,Yellow Sapphire,7,SIZE,6178,4.5 mm
69,29,Yellow Sapphire,7,SIZE,6586,4.5x2.5 mm
69,29,Yellow Sapphire,7,SIZE,6533,4.75 mm
69,29,Yellow Sapphire,7,SIZE,6534,4x3 mm
69,29,Yellow Sapphire,7,SIZE,6076,5 mm
69,29,Yellow Sapphire,7,SIZE,6539,5.25 mm
69,29,Yellow Sapphire,7,SIZE,6579,5.5x5.5 mm
69,29,Yellow Sapphire,7,SIZE,6567,5x2.5 mm
69,29,Yellow Sapphire,7,SIZE,6535,5x3 mm
69,29,Yellow Sapphire,7,SIZE,6536,5x4 mm
69,29,Yellow Sapphire,7,SIZE,6578,5x5 mm
69,29,Yellow Sapphire,7,SIZE,6588,6.5x3.5 mm
69,29,Yellow Sapphire,7,SIZE,6577,6.5x5.5 mm
69,29,Yellow Sapphire,7,SIZE,6568,6x3 mm
69,29,Yellow Sapphire,7,SIZE,6537,6x4 mm
69,29,Yellow Sapphire,7,SIZE,6576,6x5 mm
69,29,Yellow Sapphire,7,SIZE,6580,6x6 mm
69,29,Yellow Sapphire,7,SIZE,6589,7x3.5 mm
69,29,Yellow Sapphire,7,SIZE,6538,7x5 mm
69,29,Yellow Sapphire,7,SIZE,6604,7x6 mm
69,29,Yellow Sapphire,7,SIZE,5849,8.2X6.2 mm
69,29,Yellow Sapphire,7,SIZE,6068,8.6x6.8 mm
69,29,Yellow Sapphire,7,SIZE,6070,8.8x6.7 mm
69,29,Yellow Sapphire,7,SIZE,6064,8.8x6.8 mm
69,29,Yellow Sapphire,7,SIZE,5389,8.9X7.0 mm
69,29,Yellow Sapphire,7,SIZE,6569,8x4 mm
69,29,Yellow Sapphire,7,SIZE,6060,8x6 mm
69,29,Yellow Sapphire,7,SIZE,6209,8x6.5 mm.
69,29,Yellow Sapphire,7,SIZE,6062,8x7 mm
69,29,Yellow Sapphire,7,SIZE,6066,9.0x6.9 mm
69,29,Yellow Sapphire,7,SIZE,6058,9.2x7.7 mm
69,29,Yellow Sapphire,7,SIZE,6073,9.9x7.7 mm
69,29,Yellow Sapphire,7,SIZE,6590,9x4.5 mm
69,29,Yellow Sapphire,7,SIZE,6069,9x6.7 mm
69,29,Yellow Sapphire,7,SIZE,6043,9x7 mm
69,29,Yellow Sapphire,8,COLOR,7465,Yellow
69,29,Yellow Sapphire,10,SHAPE,7742,Emerald
69,29,Yellow Sapphire,10,SHAPE,7684,Marquise
69,29,Yellow Sapphire,10,SHAPE,7666,Oval
69,29,Yellow Sapphire,10,SHAPE,7672,Pear
69,29,Yellow Sapphire,10,SHAPE,7726,Princess
69,29,Yellow Sapphire,10,SHAPE,7670,Round
69,29,Yellow Sapphire,10,SHAPE,7685,Square
69,29,Yellow Sapphire,11,LUSTER,7915,Fine
69,29,Yellow Sapphire,11,LUSTER,7925,Very Nice
69,29,Yellow Sapphire,12,HARDNESS,7932,9
69,29,Yellow Sapphire,13,GRADE,8040,A
69,29,Yellow Sapphire,13,GRADE,8037,AAA
69,29,Yellow Sapphire,19,NAME,8396,Sapphire
69,29,Yellow Sapphire,22,CLARITY,8592,I2
70,29,White Sapphire,1,TREATMENT,1,Heat Treated
70,29,White Sapphire,2,ORIGIN,20,Sri Lanka
70,29,White Sapphire,3,CUT,60,Faceted
70,29,White Sapphire,3,CUT,84,Fancy
70,29,White Sapphire,3,CUT,79,Princess Cut
70,29,White Sapphire,4,CLARITY/GRADE,144,AAA
70,29,White Sapphire,4,CLARITY/GRADE,193,Super
70,29,White Sapphire,6,WEIGHT,3915,0.024 ct.
70,29,White Sapphire,6,WEIGHT,3916,0.026 ct.
70,29,White Sapphire,6,WEIGHT,3594,0.04 ct.
70,29,White Sapphire,6,WEIGHT,3502,0.06 ct.
70,29,White Sapphire,6,WEIGHT,3613,0.07 ct.
70,29,White Sapphire,6,WEIGHT,3642,0.08 ct.
70,29,White Sapphire,6,WEIGHT,3643,0.10 ct.
70,29,White Sapphire,6,WEIGHT,3595,0.11 ct.
70,29,White Sapphire,6,WEIGHT,3620,0.13 ct.
70,29,White Sapphire,6,WEIGHT,3822,0.14 ct.
70,29,White Sapphire,6,WEIGHT,3633,0.16 ct.
70,29,White Sapphire,6,WEIGHT,3614,0.17 ct.
70,29,White Sapphire,6,WEIGHT,3666,0.19 ct.
70,29,White Sapphire,6,WEIGHT,3644,0.20 ct.
70,29,White Sapphire,6,WEIGHT,3505,0.22 ct.
70,29,White Sapphire,6,WEIGHT,3667,0.23 ct.
70,29,White Sapphire,6,WEIGHT,3562,0.25 ct.
70,29,White Sapphire,6,WEIGHT,3645,0.26 ct.
70,29,White Sapphire,6,WEIGHT,3507,0.3 ct.
70,29,White Sapphire,6,WEIGHT,3889,0.31 ct.
70,29,White Sapphire,6,WEIGHT,3516,0.36 ct.
70,29,White Sapphire,6,WEIGHT,3861,0.45 ct.
70,29,White Sapphire,6,WEIGHT,3518,0.66 ct.
70,29,White Sapphire,7,SIZE,6434,1.25 mm
70,29,White Sapphire,7,SIZE,6591,1.50 mm
70,29,White Sapphire,7,SIZE,6605,1.5x3 mm
70,29,White Sapphire,7,SIZE,6471,1.75 mm
70,29,White Sapphire,7,SIZE,6360,2 mm
70,29,White Sapphire,7,SIZE,6532,2.25 mm
70,29,White Sapphire,7,SIZE,6363,2.5 mm
70,29,White Sapphire,7,SIZE,6372,2.75 mm
70,29,White Sapphire,7,SIZE,6573,2x3 mm
70,29,White Sapphire,7,SIZE,6344,3 mm
70,29,White Sapphire,7,SIZE,6371,3.25 mm
70,29,White Sapphire,7,SIZE,6362,3.5 mm
70,29,White Sapphire,7,SIZE,6585,3.5x2 mm
70,29,White Sapphire,7,SIZE,6575,3.5x4.5 mm
70,29,White Sapphire,7,SIZE,6391,3.75 mm
70,29,White Sapphire,7,SIZE,6583,3x1.5 mm
70,29,White Sapphire,7,SIZE,6584,3x2 mm
70,29,White Sapphire,7,SIZE,6574,3x4 mm
70,29,White Sapphire,7,SIZE,6177,4 mm
70,29,White Sapphire,7,SIZE,6586,4.5x2.5 mm
70,29,White Sapphire,7,SIZE,6566,4x2 mm
70,29,White Sapphire,7,SIZE,6534,4x3 mm
70,29,White Sapphire,7,SIZE,6567,5x2.5 mm
70,29,White Sapphire,7,SIZE,6535,5x3 mm
70,29,White Sapphire,7,SIZE,6536,5x4 mm
70,29,White Sapphire,7,SIZE,6568,6x3 mm
70,29,White Sapphire,7,SIZE,6537,6x4 mm
70,29,White Sapphire,8,COLOR,7501,White
70,29,White Sapphire,10,SHAPE,7691,Baguette
70,29,White Sapphire,10,SHAPE,7684,Marquise
70,29,White Sapphire,10,SHAPE,7666,Oval
70,29,White Sapphire,10,SHAPE,7672,Pear
70,29,White Sapphire,10,SHAPE,7670,Round
70,29,White Sapphire,10,SHAPE,7685,Square
70,29,White Sapphire,10,SHAPE,7668,Trillion
70,29,White Sapphire,11,LUSTER,7918,Nice
70,29,White Sapphire,12,HARDNESS,7932,9
73,27,Faceted Emeralds,1,TREATMENT,4,Oiled
73,27,Faceted Emeralds,2,ORIGIN,25,Columbia
73,27,Faceted Emeralds,3,CUT,60,Faceted
73,27,Faceted Emeralds,4,CLARITY/GRADE,157,A
73,27,Faceted Emeralds,4,CLARITY/GRADE,145,AA
73,27,Faceted Emeralds,4,CLARITY/GRADE,144,AAA
73,27,Faceted Emeralds,6,WEIGHT,3639,0.038 ct.
73,27,Faceted Emeralds,6,WEIGHT,3640,0.047 ct.
73,27,Faceted Emeralds,6,WEIGHT,3641,0.059 ct.
73,27,Faceted Emeralds,6,WEIGHT,3502,0.06 ct.
73,27,Faceted Emeralds,6,WEIGHT,3613,0.07 ct.
73,27,Faceted Emeralds,6,WEIGHT,3642,0.08 ct.
73,27,Faceted Emeralds,6,WEIGHT,3533,0.09 ct.
73,27,Faceted Emeralds,6,WEIGHT,3643,0.10 ct.
73,27,Faceted Emeralds,6,WEIGHT,3595,0.11 ct.
73,27,Faceted Emeralds,6,WEIGHT,3620,0.13 ct.
73,27,Faceted Emeralds,6,WEIGHT,3534,0.15 ct.
73,27,Faceted Emeralds,6,WEIGHT,3633,0.16 ct.
73,27,Faceted Emeralds,6,WEIGHT,3660,0.18 ct.
73,27,Faceted Emeralds,6,WEIGHT,3666,0.19 ct.
73,27,Faceted Emeralds,6,WEIGHT,3644,0.20 ct.
73,27,Faceted Emeralds,6,WEIGHT,3654,0.21 ct.
73,27,Faceted Emeralds,6,WEIGHT,3505,0.22 ct.
73,27,Faceted Emeralds,6,WEIGHT,3667,0.23 ct.
73,27,Faceted Emeralds,6,WEIGHT,3535,0.24 ct.
73,27,Faceted Emeralds,6,WEIGHT,3562,0.25 ct.
73,27,Faceted Emeralds,6,WEIGHT,3645,0.26 ct.
73,27,Faceted Emeralds,6,WEIGHT,1983,0.27 ct.
73,27,Faceted Emeralds,6,WEIGHT,3601,0.28 ct.
73,27,Faceted Emeralds,6,WEIGHT,3668,0.29 ct.
73,27,Faceted Emeralds,6,WEIGHT,3655,0.33 ct.
73,27,Faceted Emeralds,6,WEIGHT,3646,0.34 ct.
73,27,Faceted Emeralds,6,WEIGHT,3555,0.35 ct.
73,27,Faceted Emeralds,6,WEIGHT,3656,0.38 ct.
73,27,Faceted Emeralds,6,WEIGHT,3547,0.4 ct.
73,27,Faceted Emeralds,6,WEIGHT,3647,0.41 ct.
73,27,Faceted Emeralds,6,WEIGHT,3657,0.44 ct.
73,27,Faceted Emeralds,6,WEIGHT,3661,0.47 ct.
73,27,Faceted Emeralds,6,WEIGHT,3510,0.48 ct.
73,27,Faceted Emeralds,6,WEIGHT,3558,0.5 ct.
73,27,Faceted Emeralds,6,WEIGHT,3662,0.53 ct.
73,27,Faceted Emeralds,6,WEIGHT,4888,0.55 ct
73,27,Faceted Emeralds,6,WEIGHT,3578,0.6 ct.
73,27,Faceted Emeralds,6,WEIGHT,3648,0.61 ct.
73,27,Faceted Emeralds,6,WEIGHT,3543,0.65 ct.
73,27,Faceted Emeralds,6,WEIGHT,1984,0.68 ct.
73,27,Faceted Emeralds,6,WEIGHT,3580,0.7 ct.
73,27,Faceted Emeralds,6,WEIGHT,3524,0.75 ct.
73,27,Faceted Emeralds,6,WEIGHT,3579,0.8 ct.
73,27,Faceted Emeralds,6,WEIGHT,4872,0.82 ct
73,27,Faceted Emeralds,6,WEIGHT,3663,0.85 ct.
73,27,Faceted Emeralds,6,WEIGHT,3658,0.98 ct.
73,27,Faceted Emeralds,6,WEIGHT,3559,1 ct.
73,27,Faceted Emeralds,6,WEIGHT,2434,1.25 ct.
73,27,Faceted Emeralds,6,WEIGHT,3607,1.3 ct.
73,27,Faceted Emeralds,6,WEIGHT,4887,1.5 ct.
73,27,Faceted Emeralds,6,WEIGHT,3591,1.75 ct.
73,27,Faceted Emeralds,6,WEIGHT,3561,2 ct.
73,27,Faceted Emeralds,6,WEIGHT,3581,2.5 ct.
73,27,Faceted Emeralds,6,WEIGHT,3659,2.7 ct.
73,27,Faceted Emeralds,7,SIZE,6437,1.5 mm
73,27,Faceted Emeralds,7,SIZE,6471,1.75 mm
73,27,Faceted Emeralds,7,SIZE,6561,10x5 mm
73,27,Faceted Emeralds,7,SIZE,5996,10x8 mm
73,27,Faceted Emeralds,7,SIZE,5924,12x6 mm
73,27,Faceted Emeralds,7,SIZE,6360,2 mm
73,27,Faceted Emeralds,7,SIZE,6532,2.25 mm
73,27,Faceted Emeralds,7,SIZE,6363,2.5 mm
73,27,Faceted Emeralds,7,SIZE,6372,2.75 mm
73,27,Faceted Emeralds,7,SIZE,6573,2x3 mm
73,27,Faceted Emeralds,7,SIZE,6344,3 mm
73,27,Faceted Emeralds,7,SIZE,6371,3.25 mm
73,27,Faceted Emeralds,7,SIZE,6362,3.5 mm
73,27,Faceted Emeralds,7,SIZE,6585,3.5x2 mm
73,27,Faceted Emeralds,7,SIZE,6575,3.5x4.5 mm
73,27,Faceted Emeralds,7,SIZE,6391,3.75 mm
73,27,Faceted Emeralds,7,SIZE,6583,3x1.5 mm
73,27,Faceted Emeralds,7,SIZE,6584,3x2 mm
73,27,Faceted Emeralds,7,SIZE,6574,3x4 mm
73,27,Faceted Emeralds,7,SIZE,6177,4 mm
73,27,Faceted Emeralds,7,SIZE,6475,4.25 mm
73,27,Faceted Emeralds,7,SIZE,6178,4.5 mm
73,27,Faceted Emeralds,7,SIZE,6586,4.5x2.5 mm
73,27,Faceted Emeralds,7,SIZE,6533,4.75 mm
73,27,Faceted Emeralds,7,SIZE,6566,4x2 mm
73,27,Faceted Emeralds,7,SIZE,6534,4x3 mm
73,27,Faceted Emeralds,7,SIZE,6076,5 mm
73,27,Faceted Emeralds,7,SIZE,6539,5.25 mm
73,27,Faceted Emeralds,7,SIZE,6173,5.5 mm
73,27,Faceted Emeralds,7,SIZE,6579,5.5x5.5 mm
73,27,Faceted Emeralds,7,SIZE,6571,5.75 mm
73,27,Faceted Emeralds,7,SIZE,6567,5x2.5 mm
73,27,Faceted Emeralds,7,SIZE,6587,5x2.5mm
73,27,Faceted Emeralds,7,SIZE,6535,5x3 mm
73,27,Faceted Emeralds,7,SIZE,6536,5x4 mm
73,27,Faceted Emeralds,7,SIZE,6578,5x5 mm
73,27,Faceted Emeralds,7,SIZE,6588,6.5x3.5 mm
73,27,Faceted Emeralds,7,SIZE,6577,6.5x5.5 mm
73,27,Faceted Emeralds,7,SIZE,6568,6x3 mm
73,27,Faceted Emeralds,7,SIZE,6537,6x4 mm
73,27,Faceted Emeralds,7,SIZE,6576,6x5 mm
73,27,Faceted Emeralds,7,SIZE,6580,6x6 mm
73,27,Faceted Emeralds,7,SIZE,6589,7x3.5 mm
73,27,Faceted Emeralds,7,SIZE,6538,7x5 mm
73,27,Faceted Emeralds,7,SIZE,6569,8x4 mm
73,27,Faceted Emeralds,7,SIZE,6060,8x6 mm
73,27,Faceted Emeralds,7,SIZE,6282,9 mm
73,27,Faceted Emeralds,7,SIZE,6590,9x4.5 mm
73,27,Faceted Emeralds,7,SIZE,6563,9x6 mm
73,27,Faceted Emeralds,7,SIZE,6043,9x7 mm
73,27,Faceted Emeralds,8,COLOR,7481,Green
73,27,Faceted Emeralds,10,SHAPE,7691,Baguette
73,27,Faceted Emeralds,10,SHAPE,7742,Emerald
73,27,Faceted Emeralds,10,SHAPE,7717,Heart
73,27,Faceted Emeralds,10,SHAPE,7684,Marquise
73,27,Faceted Emeralds,10,SHAPE,7689,Octagon
73,27,Faceted Emeralds,10,SHAPE,7666,Oval
73,27,Faceted Emeralds,10,SHAPE,7672,Pear
73,27,Faceted Emeralds,10,SHAPE,7670,Round
73,27,Faceted Emeralds,10,SHAPE,7685,Square
73,27,Faceted Emeralds,10,SHAPE,7668,Trillion
73,27,Faceted Emeralds,11,LUSTER,7918,Nice
73,27,Faceted Emeralds,12,HARDNESS,7943,7.5 - 8.0
73,27,Faceted Emeralds,13,GRADE,8038,AA
73,27,Faceted Emeralds,19,NAME,8401,Emerald
74,27,Cabochon Emeralds,1,TREATMENT,6,Natural
74,27,Cabochon Emeralds,2,ORIGIN,25,Columbia
74,27,Cabochon Emeralds,3,CUT,61,Cabochon
74,27,Cabochon Emeralds,4,CLARITY/GRADE,157,A
74,27,Cabochon Emeralds,4,CLARITY/GRADE,145,AA
74,27,Cabochon Emeralds,4,CLARITY/GRADE,144,AAA
74,27,Cabochon Emeralds,6,WEIGHT,2056,0.16
74,27,Cabochon Emeralds,6,WEIGHT,2065,0.25
74,27,Cabochon Emeralds,6,WEIGHT,2015,0.53
74,27,Cabochon Emeralds,6,WEIGHT,3464,0.63 ct.
74,27,Cabochon Emeralds,6,WEIGHT,3468,0.64 ct.
74,27,Cabochon Emeralds,6,WEIGHT,1938,0.75
74,27,Cabochon Emeralds,6,WEIGHT,3463,10.27 ct.
74,27,Cabochon Emeralds,6,WEIGHT,3455,14.72 ct.
74,27,Cabochon Emeralds,6,WEIGHT,3467,15.01 ct.
74,27,Cabochon Emeralds,6,WEIGHT,3454,15.66 ct.
74,27,Cabochon Emeralds,6,WEIGHT,3458,16.26 ct.
74,27,Cabochon Emeralds,6,WEIGHT,3466,18.79 ct.
74,27,Cabochon Emeralds,6,WEIGHT,1742,2
74,27,Cabochon Emeralds,6,WEIGHT,3456,2.37 ct.
74,27,Cabochon Emeralds,6,WEIGHT,3462,29.99 ct.
74,27,Cabochon Emeralds,6,WEIGHT,3461,42.06 ct.
74,27,Cabochon Emeralds,6,WEIGHT,3459,5.76 ct.
74,27,Cabochon Emeralds,6,WEIGHT,3457,5.87 ct.
74,27,Cabochon Emeralds,6,WEIGHT,3460,7.67 ct.
74,27,Cabochon Emeralds,7,SIZE,6434,1.25 mm
74,27,Cabochon Emeralds,7,SIZE,6437,1.5 mm
74,27,Cabochon Emeralds,7,SIZE,6471,1.75 mm
74,27,Cabochon Emeralds,7,SIZE,6360,2 mm
74,27,Cabochon Emeralds,7,SIZE,6532,2.25 mm
74,27,Cabochon Emeralds,7,SIZE,6372,2.75 mm
74,27,Cabochon Emeralds,7,SIZE,6344,3 mm
74,27,Cabochon Emeralds,7,SIZE,6371,3.25 mm
74,27,Cabochon Emeralds,7,SIZE,6362,3.5 mm
74,27,Cabochon Emeralds,7,SIZE,6391,3.75 mm
74,27,Cabochon Emeralds,7,SIZE,6177,4 mm
74,27,Cabochon Emeralds,7,SIZE,6475,4.25 mm
74,27,Cabochon Emeralds,7,SIZE,6178,4.5 mm
74,27,Cabochon Emeralds,7,SIZE,6533,4.75 mm
74,27,Cabochon Emeralds,7,SIZE,6076,5 mm
74,27,Cabochon Emeralds,7,SIZE,6535,5x3 mm
74,27,Cabochon Emeralds,7,SIZE,6536,5x4 mm
74,27,Cabochon Emeralds,7,SIZE,6537,6x4 mm
74,27,Cabochon Emeralds,7,SIZE,6538,7x5 mm
74,27,Cabochon Emeralds,7,SIZE,6043,9x7 mm
74,27,Cabochon Emeralds,8,COLOR,7481,Green
74,27,Cabochon Emeralds,10,SHAPE,7666,Oval
74,27,Cabochon Emeralds,10,SHAPE,7670,Round
74,27,Cabochon Emeralds,11,LUSTER,7918,Nice
74,27,Cabochon Emeralds,12,HARDNESS,7943,7.5 - 8.0
74,27,Cabochon Emeralds,19,NAME,8470,Emerald Cabochon
75,28,Faceted Ruby,1,TREATMENT,1,Heat Treated
75,28,Faceted Ruby,1,TREATMENT,3,None
75,28,Faceted Ruby,1,TREATMENT,11,Treated
75,28,Faceted Ruby,2,ORIGIN,21,Africa
75,28,Faceted Ruby,2,ORIGIN,50,Thailand
75,28,Faceted Ruby,3,CUT,60,Faceted
75,28,Faceted Ruby,4,CLARITY/GRADE,157,A
75,28,Faceted Ruby,4,CLARITY/GRADE,151,Commercial
75,28,Faceted Ruby,6,WEIGHT,3672,0.01 ct. Approx.
75,28,Faceted Ruby,6,WEIGHT,3673,0.02 ct. Approx.
75,28,Faceted Ruby,6,WEIGHT,3674,0.03 ct. Approx.
75,28,Faceted Ruby,6,WEIGHT,3675,0.04 ct. Approx.
75,28,Faceted Ruby,6,WEIGHT,3676,0.05 ct. Approx.
75,28,Faceted Ruby,6,WEIGHT,3714,0.06 ct. Approx.
75,28,Faceted Ruby,6,WEIGHT,3677,0.07 ct. Approx.
75,28,Faceted Ruby,6,WEIGHT,3745,0.08 ct. Approx.
75,28,Faceted Ruby,6,WEIGHT,3728,0.09 ct. Approx.
75,28,Faceted Ruby,6,WEIGHT,3678,0.1 ct. Approx.
75,28,Faceted Ruby,6,WEIGHT,3729,0.11 ct. Approx.
75,28,Faceted Ruby,6,WEIGHT,3679,0.12 ct. Approx.
75,28,Faceted Ruby,6,WEIGHT,3715,0.13 ct. Approx.
75,28,Faceted Ruby,6,WEIGHT,3680,0.15 ct. Approx.
75,28,Faceted Ruby,6,WEIGHT,3735,0.16 ct. Approx.
75,28,Faceted Ruby,6,WEIGHT,3716,0.17 ct. Approx.
75,28,Faceted Ruby,6,WEIGHT,3730,0.19 ct. Approx.
75,28,Faceted Ruby,6,WEIGHT,3704,0.2 ct. Approx.
75,28,Faceted Ruby,6,WEIGHT,3736,0.22 ct. Approx.
75,28,Faceted Ruby,6,WEIGHT,3681,0.23 ct. Approx.
75,28,Faceted Ruby,6,WEIGHT,3717,0.25 ct. Approx.
75,28,Faceted Ruby,6,WEIGHT,3737,0.26 ct. Approx.
75,28,Faceted Ruby,6,WEIGHT,3731,0.27 ct. Approx.
75,28,Faceted Ruby,6,WEIGHT,3682,0.3 ct. Approx.
75,28,Faceted Ruby,6,WEIGHT,3738,0.31 ct. Approx.
75,28,Faceted Ruby,6,WEIGHT,3683,0.32 ct. Approx.
75,28,Faceted Ruby,6,WEIGHT,3697,0.34 ct. Approx.
75,28,Faceted Ruby,6,WEIGHT,3684,0.35 ct. Approx.
75,28,Faceted Ruby,6,WEIGHT,3698,0.36 ct. Approx.
75,28,Faceted Ruby,6,WEIGHT,3685,0.4 ct. Approx.
75,28,Faceted Ruby,6,WEIGHT,3739,0.43 ct. Approx.
75,28,Faceted Ruby,6,WEIGHT,3705,0.45 ct. Approx.
75,28,Faceted Ruby,6,WEIGHT,3686,0.46 ct. Approx.
75,28,Faceted Ruby,6,WEIGHT,3732,0.47 ct. Approx.
75,28,Faceted Ruby,6,WEIGHT,3699,0.5 ct. Approx.
75,28,Faceted Ruby,6,WEIGHT,3687,0.54 ct. Approx.
75,28,Faceted Ruby,6,WEIGHT,3720,0.55 ct. Approx.
75,28,Faceted Ruby,6,WEIGHT,3740,0.58 ct. Approx.
75,28,Faceted Ruby,6,WEIGHT,3688,0.6 ct. Approx.
75,28,Faceted Ruby,6,WEIGHT,3741,0.62 ct. Approx.
75,28,Faceted Ruby,6,WEIGHT,3706,0.64 ct. Approx.
75,28,Faceted Ruby,6,WEIGHT,3733,0.68 ct. Approx.
75,28,Faceted Ruby,6,WEIGHT,3721,0.7 ct. Approx.
75,28,Faceted Ruby,6,WEIGHT,3689,0.72 ct. Approx.
75,28,Faceted Ruby,6,WEIGHT,3707,0.73 ct. Approx.
75,28,Faceted Ruby,6,WEIGHT,3722,0.75 ct. Approx.
75,28,Faceted Ruby,6,WEIGHT,3700,0.76 ct. Approx.
75,28,Faceted Ruby,6,WEIGHT,3708,0.8 ct. Approx.
75,28,Faceted Ruby,6,WEIGHT,3690,0.85 ct. Approx.
75,28,Faceted Ruby,6,WEIGHT,3734,0.9 ct. Approx.
75,28,Faceted Ruby,6,WEIGHT,3691,0.94 ct. Approx.
75,28,Faceted Ruby,6,WEIGHT,3742,0.97 ct. Approx.
75,28,Faceted Ruby,6,WEIGHT,3701,1 ct. Approx.
75,28,Faceted Ruby,6,WEIGHT,3692,1.05 ct. Approx.
75,28,Faceted Ruby,6,WEIGHT,3724,1.15 ct. Approx.
75,28,Faceted Ruby,6,WEIGHT,3693,1.16 ct. Approx.
75,28,Faceted Ruby,6,WEIGHT,3743,1.2 ct. Approx.
75,28,Faceted Ruby,6,WEIGHT,3694,1.35 ct. Approx.
75,28,Faceted Ruby,6,WEIGHT,3695,1.45 ct. Approx.
75,28,Faceted Ruby,6,WEIGHT,3744,1.46 ct. Approx.
75,28,Faceted Ruby,6,WEIGHT,3702,1.47 ct. Approx.
75,28,Faceted Ruby,6,WEIGHT,3709,1.55 ct. Approx.
75,28,Faceted Ruby,6,WEIGHT,3696,1.6 ct. Approx.
75,28,Faceted Ruby,6,WEIGHT,3591,1.75 ct.
75,28,Faceted Ruby,6,WEIGHT,4351,10.1 ct.
75,28,Faceted Ruby,6,WEIGHT,4352,11.1 ct.
75,28,Faceted Ruby,6,WEIGHT,3552,12 ct.
75,28,Faceted Ruby,6,WEIGHT,4349,12.95 ct.
75,28,Faceted Ruby,6,WEIGHT,4348,14.8 ct.
75,28,Faceted Ruby,6,WEIGHT,3561,2 ct.
75,28,Faceted Ruby,6,WEIGHT,3710,2.2 ct. Approx.
75,28,Faceted Ruby,6,WEIGHT,3703,2.5 ct. Approx.
75,28,Faceted Ruby,6,WEIGHT,4343,2.95 ct.
75,28,Faceted Ruby,6,WEIGHT,4510,28 ct.
75,28,Faceted Ruby,6,WEIGHT,3927,3.2 ct.
75,28,Faceted Ruby,6,WEIGHT,3590,5 ct.
75,28,Faceted Ruby,6,WEIGHT,3712,5 ct. Approx.
75,28,Faceted Ruby,6,WEIGHT,4321,5.6 ct.
75,28,Faceted Ruby,6,WEIGHT,4954,6.15 ct.
75,28,Faceted Ruby,6,WEIGHT,3713,7.25 ct. Approx.
75,28,Faceted Ruby,6,WEIGHT,4353,7.4 ct.
75,28,Faceted Ruby,6,WEIGHT,4326,7.9 ct.
75,28,Faceted Ruby,6,WEIGHT,10115,8.31 ct.
75,28,Faceted Ruby,6,WEIGHT,4354,8.4 ct.
75,28,Faceted Ruby,7,SIZE,6431,1 mm
75,28,Faceted Ruby,7,SIZE,6434,1.25 mm
75,28,Faceted Ruby,7,SIZE,6591,1.50 mm
75,28,Faceted Ruby,7,SIZE,6605,1.5x3 mm
75,28,Faceted Ruby,7,SIZE,6471,1.75 mm
75,28,Faceted Ruby,7,SIZE,6603,10x12 mm
75,28,Faceted Ruby,7,SIZE,6561,10x5 mm
75,28,Faceted Ruby,7,SIZE,5996,10x8 mm
75,28,Faceted Ruby,7,SIZE,5983,11 x 9 mm
75,28,Faceted Ruby,7,SIZE,5920,12x10 mm
75,28,Faceted Ruby,7,SIZE,5924,12x6 mm
75,28,Faceted Ruby,7,SIZE,7455,13 x 11 mm
75,28,Faceted Ruby,7,SIZE,9465,13x10.5mm
75,28,Faceted Ruby,7,SIZE,7331,14 x 10 mm
75,28,Faceted Ruby,7,SIZE,7371,14 x 12 mm
75,28,Faceted Ruby,7,SIZE,5008,14.0x10.0 mm.
75,28,Faceted Ruby,7,SIZE,9464,14.5x10.5mm
75,28,Faceted Ruby,7,SIZE,6541,14x11 mm
75,28,Faceted Ruby,7,SIZE,6558,14x12 mm
75,28,Faceted Ruby,7,SIZE,10097,15.2x11x3.5 mm
75,28,Faceted Ruby,7,SIZE,9468,15.5x10.8 mm
75,28,Faceted Ruby,7,SIZE,6963,15x11 mm
75,28,Faceted Ruby,7,SIZE,5611,16.5x12.0 mm.
75,28,Faceted Ruby,7,SIZE,10091,16x12x5 mm
75,28,Faceted Ruby,7,SIZE,10090,19x17x10 mm
75,28,Faceted Ruby,7,SIZE,6420,2.0 mm
75,28,Faceted Ruby,7,SIZE,6532,2.25 mm
75,28,Faceted Ruby,7,SIZE,6593,2.50 mm
75,28,Faceted Ruby,7,SIZE,6372,2.75 mm
75,28,Faceted Ruby,7,SIZE,6573,2x3 mm
75,28,Faceted Ruby,7,SIZE,6344,3 mm
75,28,Faceted Ruby,7,SIZE,6371,3.25 mm
75,28,Faceted Ruby,7,SIZE,6595,3.50 mm
75,28,Faceted Ruby,7,SIZE,6585,3.5x2 mm
75,28,Faceted Ruby,7,SIZE,6575,3.5x4.5 mm
75,28,Faceted Ruby,7,SIZE,6391,3.75 mm
75,28,Faceted Ruby,7,SIZE,6583,3x1.5 mm
75,28,Faceted Ruby,7,SIZE,6584,3x2 mm
75,28,Faceted Ruby,7,SIZE,6574,3x4 mm
75,28,Faceted Ruby,7,SIZE,6177,4 mm
75,28,Faceted Ruby,7,SIZE,6475,4.25 mm
75,28,Faceted Ruby,7,SIZE,6178,4.5 mm
75,28,Faceted Ruby,7,SIZE,6586,4.5x2.5 mm
75,28,Faceted Ruby,7,SIZE,6533,4.75 mm
75,28,Faceted Ruby,7,SIZE,6566,4x2 mm
75,28,Faceted Ruby,7,SIZE,6534,4x3 mm
75,28,Faceted Ruby,7,SIZE,6076,5 mm
75,28,Faceted Ruby,7,SIZE,6539,5.25 mm
75,28,Faceted Ruby,7,SIZE,6599,5.50 mm
75,28,Faceted Ruby,7,SIZE,6571,5.75 mm
75,28,Faceted Ruby,7,SIZE,6567,5x2.5 mm
75,28,Faceted Ruby,7,SIZE,6535,5x3 mm
75,28,Faceted Ruby,7,SIZE,6536,5x4 mm
75,28,Faceted Ruby,7,SIZE,6174,6 mm
75,28,Faceted Ruby,7,SIZE,6600,6.00 mm
75,28,Faceted Ruby,7,SIZE,6572,6.25 mm
75,28,Faceted Ruby,7,SIZE,6175,6.5 mm
75,28,Faceted Ruby,7,SIZE,6588,6.5x3.5 mm
75,28,Faceted Ruby,7,SIZE,6577,6.5x5.5 mm
75,28,Faceted Ruby,7,SIZE,6168,6.75 mm
75,28,Faceted Ruby,7,SIZE,6568,6x3 mm
75,28,Faceted Ruby,7,SIZE,6537,6x4 mm
75,28,Faceted Ruby,7,SIZE,6576,6x5 mm
75,28,Faceted Ruby,7,SIZE,6477,7.0 mm
75,28,Faceted Ruby,7,SIZE,6589,7x3.5 mm
75,28,Faceted Ruby,7,SIZE,6538,7x5 mm
75,28,Faceted Ruby,7,SIZE,7290,8 x 6 mm
75,28,Faceted Ruby,7,SIZE,9457,8.5x6.5 mm
75,28,Faceted Ruby,7,SIZE,6569,8x4 mm
75,28,Faceted Ruby,7,SIZE,6060,8x6 mm
75,28,Faceted Ruby,7,SIZE,6026,9.5x7.5 mm
75,28,Faceted Ruby,7,SIZE,6590,9x4.5 mm
75,28,Faceted Ruby,7,SIZE,6043,9x7 mm
75,28,Faceted Ruby,7,SIZE,5914,N/A
75,28,Faceted Ruby,8,COLOR,7467,Raspberry Red
75,28,Faceted Ruby,8,COLOR,7461,Red
75,28,Faceted Ruby,10,SHAPE,7691,Baguette
75,28,Faceted Ruby,10,SHAPE,7742,Emerald
75,28,Faceted Ruby,10,SHAPE,7684,Marquise
75,28,Faceted Ruby,10,SHAPE,7666,Oval
75,28,Faceted Ruby,10,SHAPE,7672,Pear
75,28,Faceted Ruby,10,SHAPE,7670,Round
75,28,Faceted Ruby,10,SHAPE,7685,Square
75,28,Faceted Ruby,10,SHAPE,7668,Trillion
75,28,Faceted Ruby,11,LUSTER,7929,Fair
75,28,Faceted Ruby,11,LUSTER,7915,Fine
75,28,Faceted Ruby,11,LUSTER,7924,Super Fine
75,28,Faceted Ruby,11,LUSTER,7917,Very Fine
75,28,Faceted Ruby,11,LUSTER,7925,Very Nice
75,28,Faceted Ruby,12,HARDNESS,7932,9
75,28,Faceted Ruby,13,GRADE,8040,A
75,28,Faceted Ruby,13,GRADE,8038,AA
75,28,Faceted Ruby,13,GRADE,8037,AAA
75,28,Faceted Ruby,19,NAME,8397,Ruby
75,28,Faceted Ruby,22,CLARITY,8590,SI1
75,28,Faceted Ruby,22,CLARITY,8589,VS
75,28,Faceted Ruby,22,CLARITY,8588,VS1
76,28,Cabochon Ruby,1,TREATMENT,6,Natural
76,28,Cabochon Ruby,2,ORIGIN,21,Africa
76,28,Cabochon Ruby,3,CUT,61,Cabochon
76,28,Cabochon Ruby,4,CLARITY/GRADE,157,A
76,28,Cabochon Ruby,4,CLARITY/GRADE,145,AA
76,28,Cabochon Ruby,4,CLARITY/GRADE,144,AAA
76,28,Cabochon Ruby,6,WEIGHT,3515,0.9 ct.
76,28,Cabochon Ruby,6,WEIGHT,3519,1.38 ct.
76,28,Cabochon Ruby,6,WEIGHT,4887,1.5 ct.
76,28,Cabochon Ruby,6,WEIGHT,3520,1.74 ct.
76,28,Cabochon Ruby,6,WEIGHT,3353,2.5 ct.
76,28,Cabochon Ruby,6,WEIGHT,3538,3 ct.
76,28,Cabochon Ruby,6,WEIGHT,3549,4 ct.
76,28,Cabochon Ruby,6,WEIGHT,3471,Approx. 0.06 ct.
76,28,Cabochon Ruby,6,WEIGHT,3472,Approx. 0.084 ct.
76,28,Cabochon Ruby,6,WEIGHT,3473,Approx. 0.192 ct.
76,28,Cabochon Ruby,6,WEIGHT,3474,Approx. 0.22 ct.
76,28,Cabochon Ruby,6,WEIGHT,3475,Approx. 0.264 ct.
76,28,Cabochon Ruby,6,WEIGHT,3476,Approx. 0.3 ct.
76,28,Cabochon Ruby,6,WEIGHT,3477,Approx. 0.336 ct.
76,28,Cabochon Ruby,6,WEIGHT,3487,Approx. 0.36 ct.
76,28,Cabochon Ruby,6,WEIGHT,3478,Approx. 0.384 ct.
76,28,Cabochon Ruby,6,WEIGHT,3479,Approx. 0.48 ct.
76,28,Cabochon Ruby,6,WEIGHT,3488,Approx. 0.504 ct.
76,28,Cabochon Ruby,6,WEIGHT,3480,Approx. 0.54 ct.
76,28,Cabochon Ruby,6,WEIGHT,3481,Approx. 0.636 ct.
76,28,Cabochon Ruby,6,WEIGHT,3489,Approx. 0.66 ct.
76,28,Cabochon Ruby,6,WEIGHT,3482,Approx. 0.672 ct.
76,28,Cabochon Ruby,6,WEIGHT,3483,Approx. 0.756 ct.
76,28,Cabochon Ruby,6,WEIGHT,3484,Approx. 0.9 ct.
76,28,Cabochon Ruby,6,WEIGHT,3485,Approx. 1.05 ct.
76,28,Cabochon Ruby,6,WEIGHT,3486,Approx. 1.15 ct.
76,28,Cabochon Ruby,6,WEIGHT,3490,Approx. 1.38 ct.
76,28,Cabochon Ruby,6,WEIGHT,3491,Approx. 1.74 ct.
76,28,Cabochon Ruby,6,WEIGHT,3492,Approx. 2.4 ct.
76,28,Cabochon Ruby,6,WEIGHT,3493,Approx. 3.18 ct.
76,28,Cabochon Ruby,7,SIZE,6434,1.25 mm
76,28,Cabochon Ruby,7,SIZE,6437,1.5 mm
76,28,Cabochon Ruby,7,SIZE,6556,10x7 mm
76,28,Cabochon Ruby,7,SIZE,5996,10x8 mm
76,28,Cabochon Ruby,7,SIZE,6532,2.25 mm
76,28,Cabochon Ruby,7,SIZE,6363,2.5 mm
76,28,Cabochon Ruby,7,SIZE,6372,2.75 mm
76,28,Cabochon Ruby,7,SIZE,6344,3 mm
76,28,Cabochon Ruby,7,SIZE,6371,3.25 mm
76,28,Cabochon Ruby,7,SIZE,6362,3.5 mm
76,28,Cabochon Ruby,7,SIZE,6391,3.75 mm
76,28,Cabochon Ruby,7,SIZE,6177,4 mm
76,28,Cabochon Ruby,7,SIZE,6475,4.25 mm
76,28,Cabochon Ruby,7,SIZE,6178,4.5 mm
76,28,Cabochon Ruby,7,SIZE,6533,4.75 mm
76,28,Cabochon Ruby,7,SIZE,6534,4x3 mm
76,28,Cabochon Ruby,7,SIZE,6076,5 mm
76,28,Cabochon Ruby,7,SIZE,6539,5.25 mm
76,28,Cabochon Ruby,7,SIZE,6173,5.5 mm
76,28,Cabochon Ruby,7,SIZE,6535,5x3 mm
76,28,Cabochon Ruby,7,SIZE,6536,5x4 mm
76,28,Cabochon Ruby,7,SIZE,6540,5x4mm
76,28,Cabochon Ruby,7,SIZE,6174,6 mm
76,28,Cabochon Ruby,7,SIZE,6537,6x4 mm
76,28,Cabochon Ruby,7,SIZE,6176,7 mm
76,28,Cabochon Ruby,7,SIZE,6538,7x5 mm
76,28,Cabochon Ruby,7,SIZE,6162,8.0 mm
76,28,Cabochon Ruby,7,SIZE,6060,8x6 mm
76,28,Cabochon Ruby,7,SIZE,7300,9 x 7 mm
76,28,Cabochon Ruby,7,SIZE,6043,9x7 mm
76,28,Cabochon Ruby,8,COLOR,7461,Red
76,28,Cabochon Ruby,8,COLOR,8964,Rich Ruby Red
76,28,Cabochon Ruby,10,SHAPE,7666,Oval
76,28,Cabochon Ruby,10,SHAPE,7670,Round
76,28,Cabochon Ruby,11,LUSTER,7918,Nice
76,28,Cabochon Ruby,12,HARDNESS,7932,9
76,28,Cabochon Ruby,13,GRADE,8037,AAA
76,28,Cabochon Ruby,19,NAME,8397,Ruby
76,28,Cabochon Ruby,19,NAME,8471,Ruby Cabochon
81,23,Amethyst,1,TREATMENT,1,Heat Treated
81,23,Amethyst,1,TREATMENT,6,Natural
81,23,Amethyst,1,TREATMENT,3,None
81,23,Amethyst,1,TREATMENT,11,Treated
81,23,Amethyst,2,ORIGIN,21,Africa
81,23,Amethyst,2,ORIGIN,8726,Africa
81,23,Amethyst,2,ORIGIN,43,Brazil
81,23,Amethyst,3,CUT,61,Cabochon
81,23,Amethyst,3,CUT,103,Carved
81,23,Amethyst,3,CUT,99,Carving
81,23,Amethyst,3,CUT,91,Checker Board
81,23,Amethyst,3,CUT,81,Diamond
81,23,Amethyst,3,CUT,60,Faceted
81,23,Amethyst,4,CLARITY/GRADE,157,A
81,23,Amethyst,4,CLARITY/GRADE,145,AA
81,23,Amethyst,4,CLARITY/GRADE,144,AAA
81,23,Amethyst,4,CLARITY/GRADE,151,Commercial
81,23,Amethyst,4,CLARITY/GRADE,193,Super
81,23,Amethyst,6,WEIGHT,3674,0.03 ct. Approx.
81,23,Amethyst,6,WEIGHT,3551,0.05 ct.
81,23,Amethyst,6,WEIGHT,3676,0.05 ct. Approx.
81,23,Amethyst,6,WEIGHT,3533,0.09 ct.
81,23,Amethyst,6,WEIGHT,3678,0.1 ct. Approx.
81,23,Amethyst,6,WEIGHT,3534,0.15 ct.
81,23,Amethyst,6,WEIGHT,3680,0.15 ct. Approx.
81,23,Amethyst,6,WEIGHT,3704,0.2 ct. Approx.
81,23,Amethyst,6,WEIGHT,3681,0.23 ct. Approx.
81,23,Amethyst,6,WEIGHT,3535,0.24 ct.
81,23,Amethyst,6,WEIGHT,3562,0.25 ct.
81,23,Amethyst,6,WEIGHT,3717,0.25 ct. Approx.
81,23,Amethyst,6,WEIGHT,3507,0.3 ct.
81,23,Amethyst,6,WEIGHT,3682,0.3 ct. Approx.
81,23,Amethyst,6,WEIGHT,3555,0.35 ct.
81,23,Amethyst,6,WEIGHT,3684,0.35 ct. Approx.
81,23,Amethyst,6,WEIGHT,3523,0.37 ct.
81,23,Amethyst,6,WEIGHT,3656,0.38 ct.
81,23,Amethyst,6,WEIGHT,3547,0.4 ct.
81,23,Amethyst,6,WEIGHT,3685,0.4 ct. Approx.
81,23,Amethyst,6,WEIGHT,3705,0.45 ct. Approx.
81,23,Amethyst,6,WEIGHT,3558,0.5 ct.
81,23,Amethyst,6,WEIGHT,3699,0.5 ct. Approx.
81,23,Amethyst,6,WEIGHT,3578,0.6 ct.
81,23,Amethyst,6,WEIGHT,3543,0.65 ct.
81,23,Amethyst,6,WEIGHT,3580,0.7 ct.
81,23,Amethyst,6,WEIGHT,3524,0.75 ct.
81,23,Amethyst,6,WEIGHT,3722,0.75 ct. Approx.
81,23,Amethyst,6,WEIGHT,3579,0.8 ct.
81,23,Amethyst,6,WEIGHT,3663,0.85 ct.
81,23,Amethyst,6,WEIGHT,3690,0.85 ct. Approx.
81,23,Amethyst,6,WEIGHT,3559,1 ct.
81,23,Amethyst,6,WEIGHT,3701,1 ct. Approx.
81,23,Amethyst,6,WEIGHT,3536,1.12 ct.
81,23,Amethyst,6,WEIGHT,3589,1.2 ct.
81,23,Amethyst,6,WEIGHT,2434,1.25 ct.
81,23,Amethyst,6,WEIGHT,3762,1.25 ct. Approx.
81,23,Amethyst,6,WEIGHT,3758,1.3 ct. Approx.
81,23,Amethyst,6,WEIGHT,4887,1.5 ct.
81,23,Amethyst,6,WEIGHT,3769,1.5 ct. Approx.
81,23,Amethyst,6,WEIGHT,3603,1.6 ct.
81,23,Amethyst,6,WEIGHT,3591,1.75 ct.
81,23,Amethyst,6,WEIGHT,3773,1.75 ct. Approx.
81,23,Amethyst,6,WEIGHT,3537,1.87 ct.
81,23,Amethyst,6,WEIGHT,3544,1.95 ct.
81,23,Amethyst,6,WEIGHT,3585,10 ct.
81,23,Amethyst,6,WEIGHT,3605,10.5 ct.
81,23,Amethyst,6,WEIGHT,3755,10.5 ct. Approx.
81,23,Amethyst,6,WEIGHT,4502,11 ct.
81,23,Amethyst,6,WEIGHT,4500,11.5 ct.
81,23,Amethyst,6,WEIGHT,3542,11.62 ct.
81,23,Amethyst,6,WEIGHT,3552,12 ct.
81,23,Amethyst,6,WEIGHT,3586,13 ct.
81,23,Amethyst,6,WEIGHT,4521,13.5 ct.
81,23,Amethyst,6,WEIGHT,4509,14 ct.
81,23,Amethyst,6,WEIGHT,3779,14.2 ct. Approx.
81,23,Amethyst,6,WEIGHT,4518,14.75 ct.
81,23,Amethyst,6,WEIGHT,3929,15 ct.
81,23,Amethyst,6,WEIGHT,3777,15 ct. Approx.
81,23,Amethyst,6,WEIGHT,3553,16 ct.
81,23,Amethyst,6,WEIGHT,4504,17 ct.
81,23,Amethyst,6,WEIGHT,4512,17.5 ct.
81,23,Amethyst,6,WEIGHT,4507,18 ct.
81,23,Amethyst,6,WEIGHT,8746,18.75 ct.
81,23,Amethyst,6,WEIGHT,4513,19 ct.
81,23,Amethyst,6,WEIGHT,3561,2 ct.
81,23,Amethyst,6,WEIGHT,3768,2 ct. Approx.
81,23,Amethyst,6,WEIGHT,3759,2.05 ct. Approx.
81,23,Amethyst,6,WEIGHT,3588,2.2 ct.
81,23,Amethyst,6,WEIGHT,3526,2.25 ct.
81,23,Amethyst,6,WEIGHT,3763,2.4 ct. Approx.
81,23,Amethyst,6,WEIGHT,3581,2.5 ct.
81,23,Amethyst,6,WEIGHT,3703,2.5 ct. Approx.
81,23,Amethyst,6,WEIGHT,3659,2.7 ct.
81,23,Amethyst,6,WEIGHT,3583,2.75 ct.
81,23,Amethyst,6,WEIGHT,3727,2.75 ct. Approx.
81,23,Amethyst,6,WEIGHT,3627,2.8 ct.
81,23,Amethyst,6,WEIGHT,3760,2.9 ct. Approx.
81,23,Amethyst,6,WEIGHT,3554,20 ct.
81,23,Amethyst,6,WEIGHT,3778,20 ct. Approx.
81,23,Amethyst,6,WEIGHT,3780,20.3 ct. Approx.
81,23,Amethyst,6,WEIGHT,3587,20.65 ct.
81,23,Amethyst,6,WEIGHT,4519,21 ct.
81,23,Amethyst,6,WEIGHT,3606,22 ct.
81,23,Amethyst,6,WEIGHT,4523,23 ct.
81,23,Amethyst,6,WEIGHT,4501,24 ct.
81,23,Amethyst,6,WEIGHT,4520,26.5 ct.
81,23,Amethyst,6,WEIGHT,4511,27 ct.
81,23,Amethyst,6,WEIGHT,4522,29 ct.
81,23,Amethyst,6,WEIGHT,3538,3 ct.
81,23,Amethyst,6,WEIGHT,3770,3 ct. Approx.
81,23,Amethyst,6,WEIGHT,3545,3.07 ct.
81,23,Amethyst,6,WEIGHT,3774,3.2 ct. Approx.
81,23,Amethyst,6,WEIGHT,3582,3.25 ct.
81,23,Amethyst,6,WEIGHT,4319,3.3 ct.
81,23,Amethyst,6,WEIGHT,3584,3.5 ct.
81,23,Amethyst,6,WEIGHT,3751,3.5 ct. Approx.
81,23,Amethyst,6,WEIGHT,3527,3.75 ct.
81,23,Amethyst,6,WEIGHT,4508,35 ct.
81,23,Amethyst,6,WEIGHT,3549,4 ct.
81,23,Amethyst,6,WEIGHT,3765,4 ct. Approx.
81,23,Amethyst,6,WEIGHT,3539,4.12 ct.
81,23,Amethyst,6,WEIGHT,4494,4.25 ct.
81,23,Amethyst,6,WEIGHT,3761,4.4 ct. Approx.
81,23,Amethyst,6,WEIGHT,3528,4.5 ct.
81,23,Amethyst,6,WEIGHT,3752,4.5 ct. Approx.
81,23,Amethyst,6,WEIGHT,4337,4.9 ct.
81,23,Amethyst,6,WEIGHT,3590,5 ct.
81,23,Amethyst,6,WEIGHT,3712,5 ct. Approx.
81,23,Amethyst,6,WEIGHT,3540,5.25 ct.
81,23,Amethyst,6,WEIGHT,3592,5.5 ct.
81,23,Amethyst,6,WEIGHT,3771,5.5 ct. Approx.
81,23,Amethyst,6,WEIGHT,3598,5.75 ct.
81,23,Amethyst,6,WEIGHT,3529,6 ct.
81,23,Amethyst,6,WEIGHT,3753,6 ct. Approx.
81,23,Amethyst,6,WEIGHT,4492,6.25 ct.
81,23,Amethyst,6,WEIGHT,3550,6.5 ct.
81,23,Amethyst,6,WEIGHT,3775,6.5 ct. Approx.
81,23,Amethyst,6,WEIGHT,3541,6.9 ct.
81,23,Amethyst,6,WEIGHT,4516,61.8 ct.
81,23,Amethyst,6,WEIGHT,3548,7 ct.
81,23,Amethyst,6,WEIGHT,3530,7.5 ct.
81,23,Amethyst,6,WEIGHT,3593,8 ct.
81,23,Amethyst,6,WEIGHT,3772,8.3 ct. Approx.
81,23,Amethyst,6,WEIGHT,3600,8.5 ct.
81,23,Amethyst,6,WEIGHT,3776,8.5 ct. Approx.
81,23,Amethyst,6,WEIGHT,3531,9 ct.
81,23,Amethyst,7,SIZE,5984,10 mm
81,23,Amethyst,7,SIZE,9889,10 x 15 mm
81,23,Amethyst,7,SIZE,5969,10 x 8 mm
81,23,Amethyst,7,SIZE,6854,10x10 mm
81,23,Amethyst,7,SIZE,6561,10x5 mm
81,23,Amethyst,7,SIZE,6556,10x7 mm
81,23,Amethyst,7,SIZE,5996,10x8 mm
81,23,Amethyst,7,SIZE,5977,11 mm
81,23,Amethyst,7,SIZE,7423,11 x 11 mm
81,23,Amethyst,7,SIZE,5983,11 x 9 mm
81,23,Amethyst,7,SIZE,6893,11x7 mm
81,23,Amethyst,7,SIZE,5998,11x9 mm
81,23,Amethyst,7,SIZE,6551,12 mm
81,23,Amethyst,7,SIZE,7417,12 x 10 mm
81,23,Amethyst,7,SIZE,7438,12 x 6 mm
81,23,Amethyst,7,SIZE,7456,12 x 8 mm
81,23,Amethyst,7,SIZE,5920,12x10 mm
81,23,Amethyst,7,SIZE,5924,12x6 mm
81,23,Amethyst,7,SIZE,6564,12x8 mm
81,23,Amethyst,7,SIZE,6552,13 mm
81,23,Amethyst,7,SIZE,6891,13x6 mm
81,23,Amethyst,7,SIZE,6917,13x8 mm
81,23,Amethyst,7,SIZE,9847,13x9 mm
81,23,Amethyst,7,SIZE,6272,14 mm
81,23,Amethyst,7,SIZE,7331,14 x 10 mm
81,23,Amethyst,7,SIZE,7433,14 x 9 mm
81,23,Amethyst,7,SIZE,6550,14x10 mm
81,23,Amethyst,7,SIZE,6558,14x12 mm
81,23,Amethyst,7,SIZE,6868,14x6 mm
81,23,Amethyst,7,SIZE,6887,14x8 mm
81,23,Amethyst,7,SIZE,6852,15 mm
81,23,Amethyst,7,SIZE,5974,15 x 10 mm
81,23,Amethyst,7,SIZE,7410,15 x 15 mm
81,23,Amethyst,7,SIZE,7232,15x 7 mm
81,23,Amethyst,7,SIZE,6565,15x10 mm
81,23,Amethyst,7,SIZE,6570,15x7 mm
81,23,Amethyst,7,SIZE,6885,16 mm
81,23,Amethyst,7,SIZE,7424,16 x 12 mm
81,23,Amethyst,7,SIZE,7330,16 x 8 mm
81,23,Amethyst,7,SIZE,6872,16x10 mm
81,23,Amethyst,7,SIZE,6553,16x12 mm
81,23,Amethyst,7,SIZE,6894,17x10 mm
81,23,Amethyst,7,SIZE,6895,17x12 mm
81,23,Amethyst,7,SIZE,6870,18 mm
81,23,Amethyst,7,SIZE,7432,18 x 13 mm
81,23,Amethyst,7,SIZE,7434,18 x 9 mm
81,23,Amethyst,7,SIZE,6864,18x10 mm
81,23,Amethyst,7,SIZE,6892,18x12 mm
81,23,Amethyst,7,SIZE,6554,18x13 mm
81,23,Amethyst,7,SIZE,6886,18x16 mm
81,23,Amethyst,7,SIZE,6360,2 mm
81,23,Amethyst,7,SIZE,6363,2.5 mm
81,23,Amethyst,7,SIZE,6871,20 mm
81,23,Amethyst,7,SIZE,7451,20 x 12 mm
81,23,Amethyst,7,SIZE,7329,20 x 15 mm
81,23,Amethyst,7,SIZE,6873,20x10 mm
81,23,Amethyst,7,SIZE,6555,20x15 mm
81,23,Amethyst,7,SIZE,6900,20x8 mm
81,23,Amethyst,7,SIZE,6902,22 mm
81,23,Amethyst,7,SIZE,6862,22x12 mm
81,23,Amethyst,7,SIZE,6559,22x16 mm
81,23,Amethyst,7,SIZE,7332,25 x 15 mm
81,23,Amethyst,7,SIZE,6905,25x18 mm
81,23,Amethyst,7,SIZE,5884,25x20 mm
81,23,Amethyst,7,SIZE,6906,25x20 mm
81,23,Amethyst,7,SIZE,6937,27x11 mm
81,23,Amethyst,7,SIZE,6875,28x9 mm
81,23,Amethyst,7,SIZE,6344,3 mm
81,23,Amethyst,7,SIZE,6362,3.5 mm
81,23,Amethyst,7,SIZE,6938,30x10 mm
81,23,Amethyst,7,SIZE,6863,30x15 mm
81,23,Amethyst,7,SIZE,6177,4 mm
81,23,Amethyst,7,SIZE,6566,4x2 mm
81,23,Amethyst,7,SIZE,6888,4x3mm
81,23,Amethyst,7,SIZE,6076,5 mm
81,23,Amethyst,7,SIZE,6567,5x2.5 mm
81,23,Amethyst,7,SIZE,6535,5x3 mm
81,23,Amethyst,7,SIZE,6174,6 mm
81,23,Amethyst,7,SIZE,6568,6x3 mm
81,23,Amethyst,7,SIZE,6537,6x4 mm
81,23,Amethyst,7,SIZE,6557,6x8 mm
81,23,Amethyst,7,SIZE,6176,7 mm
81,23,Amethyst,7,SIZE,6538,7x5 mm
81,23,Amethyst,7,SIZE,6263,8 mm
81,23,Amethyst,7,SIZE,7301,8 x 5 mm
81,23,Amethyst,7,SIZE,7290,8 x 6 mm
81,23,Amethyst,7,SIZE,6569,8x4 mm
81,23,Amethyst,7,SIZE,6562,8x5 mm
81,23,Amethyst,7,SIZE,6060,8x6 mm
81,23,Amethyst,7,SIZE,6282,9 mm
81,23,Amethyst,7,SIZE,7300,9 x 7 mm
81,23,Amethyst,7,SIZE,7428,9 x 9 mm
81,23,Amethyst,7,SIZE,6563,9x6 mm
81,23,Amethyst,7,SIZE,6043,9x7 mm
81,23,Amethyst,7,SIZE,6560,9x9 mm
81,23,Amethyst,8,COLOR,7606,Dark Purple
81,23,Amethyst,8,COLOR,7481,Green
81,23,Amethyst,8,COLOR,7507,Pink
81,23,Amethyst,8,COLOR,7506,Violet
81,23,Amethyst,8,COLOR,7462,Violet/Purple
81,23,Amethyst,10,SHAPE,7827,Antique Cushion
81,23,Amethyst,10,SHAPE,7811,Barrel
81,23,Amethyst,10,SHAPE,7814,Briolette
81,23,Amethyst,10,SHAPE,7847,Briolette Buff Top
81,23,Amethyst,10,SHAPE,7848,Briolette Drop
81,23,Amethyst,10,SHAPE,7820,Bullet
81,23,Amethyst,10,SHAPE,7753,Bullet Shape Oval
81,23,Amethyst,10,SHAPE,7755,Checker Board Long Cushion
81,23,Amethyst,10,SHAPE,7695,Cushion
81,23,Amethyst,10,SHAPE,7752,Cushion Buff Top
81,23,Amethyst,10,SHAPE,7679,Cushion Checker board
81,23,Amethyst,10,SHAPE,7749,Cushion Roll Top
81,23,Amethyst,10,SHAPE,7831,Drop
81,23,Amethyst,10,SHAPE,7742,Emerald
81,23,Amethyst,10,SHAPE,7768,Fancy
81,23,Amethyst,10,SHAPE,7717,Heart
81,23,Amethyst,10,SHAPE,7830,Long Bullet
81,23,Amethyst,10,SHAPE,7694,Long Cushion
81,23,Amethyst,10,SHAPE,7748,Long Cushion Roll Top
81,23,Amethyst,10,SHAPE,7684,Marquise
81,23,Amethyst,10,SHAPE,7689,Octagon
81,23,Amethyst,10,SHAPE,7666,Oval
81,23,Amethyst,10,SHAPE,7834,Oval Bullet
81,23,Amethyst,10,SHAPE,7672,Pear
81,23,Amethyst,10,SHAPE,7762,Roll Top Cushion
81,23,Amethyst,10,SHAPE,7757,Roll Top Oval
81,23,Amethyst,10,SHAPE,7759,Roll Top Round
81,23,Amethyst,10,SHAPE,7758,Roll Top Trillion
81,23,Amethyst,10,SHAPE,7846,Rondelle
81,23,Amethyst,10,SHAPE,7670,Round
81,23,Amethyst,10,SHAPE,7819,Round Briolette
81,23,Amethyst,10,SHAPE,7756,Round Bullet
81,23,Amethyst,10,SHAPE,7746,Round Roll Top
81,23,Amethyst,10,SHAPE,7685,Square
81,23,Amethyst,10,SHAPE,7668,Trillion
81,23,Amethyst,10,SHAPE,7747,Trillion Toll Top
81,23,Amethyst,11,LUSTER,7929,Fair
81,23,Amethyst,11,LUSTER,7915,Fine
81,23,Amethyst,11,LUSTER,7918,Nice
81,23,Amethyst,11,LUSTER,7924,Super Fine
81,23,Amethyst,11,LUSTER,7925,Very Nice
81,23,Amethyst,12,HARDNESS,7933,7
81,23,Amethyst,12,HARDNESS,7947,8
81,23,Amethyst,13,GRADE,8040,A
81,23,Amethyst,13,GRADE,8038,AA
81,23,Amethyst,13,GRADE,8037,AAA
81,23,Amethyst,19,NAME,8398,Amethyst
81,23,Amethyst,19,NAME,8472,Amethyst
81,23,Amethyst,19,NAME,8475,Brazilian Amethyst
81,23,Amethyst,20,DEPTH,8521,5 mm
81,23,Amethyst,20,DEPTH,8523,6 mm
81,23,Amethyst,20,DEPTH,8544,7 mm
81,23,Amethyst,20,DEPTH,8745,8 mm
81,23,Amethyst,22,CLARITY,8594,"Clean, Bright"
81,23,Amethyst,22,CLARITY,8722,Frosted
81,23,Amethyst,22,CLARITY,8595,Regular
81,23,Amethyst,22,CLARITY,8721,SI
81,23,Amethyst,22,CLARITY,8593,Top Clean/Superior
84,23,Aquamarine,1,TREATMENT,1,Heat Treated
84,23,Aquamarine,2,ORIGIN,43,Brazil
84,23,Aquamarine,3,CUT,60,Faceted
84,23,Aquamarine,4,CLARITY/GRADE,157,A
84,23,Aquamarine,4,CLARITY/GRADE,145,AA
84,23,Aquamarine,4,CLARITY/GRADE,144,AAA
84,23,Aquamarine,6,WEIGHT,3803,0.03 ct.
84,23,Aquamarine,6,WEIGHT,3551,0.05 ct.
84,23,Aquamarine,6,WEIGHT,3643,0.10 ct.
84,23,Aquamarine,6,WEIGHT,3534,0.15 ct.
84,23,Aquamarine,6,WEIGHT,3644,0.20 ct.
84,23,Aquamarine,6,WEIGHT,3667,0.23 ct.
84,23,Aquamarine,6,WEIGHT,3562,0.25 ct.
84,23,Aquamarine,6,WEIGHT,3507,0.3 ct.
84,23,Aquamarine,6,WEIGHT,3555,0.35 ct.
84,23,Aquamarine,6,WEIGHT,3547,0.4 ct.
84,23,Aquamarine,6,WEIGHT,3861,0.45 ct.
84,23,Aquamarine,6,WEIGHT,3558,0.5 ct.
84,23,Aquamarine,6,WEIGHT,3524,0.75 ct.
84,23,Aquamarine,6,WEIGHT,3663,0.85 ct.
84,23,Aquamarine,6,WEIGHT,3559,1 ct.
84,23,Aquamarine,6,WEIGHT,2434,1.25 ct.
84,23,Aquamarine,6,WEIGHT,3607,1.3 ct.
84,23,Aquamarine,6,WEIGHT,4887,1.5 ct.
84,23,Aquamarine,6,WEIGHT,3591,1.75 ct.
84,23,Aquamarine,6,WEIGHT,3561,2 ct.
84,23,Aquamarine,6,WEIGHT,3521,2.4 ct.
84,23,Aquamarine,6,WEIGHT,3583,2.75 ct.
84,23,Aquamarine,6,WEIGHT,3538,3 ct.
84,23,Aquamarine,6,WEIGHT,3584,3.5 ct.
84,23,Aquamarine,7,SIZE,5984,10 mm
84,23,Aquamarine,7,SIZE,6561,10x5 mm
84,23,Aquamarine,7,SIZE,6556,10x7 mm
84,23,Aquamarine,7,SIZE,5996,10x8 mm
84,23,Aquamarine,7,SIZE,5924,12x6 mm
84,23,Aquamarine,7,SIZE,6570,15x7 mm
84,23,Aquamarine,7,SIZE,6360,2 mm
84,23,Aquamarine,7,SIZE,6344,3 mm
84,23,Aquamarine,7,SIZE,6177,4 mm
84,23,Aquamarine,7,SIZE,6566,4x2 mm
84,23,Aquamarine,7,SIZE,6076,5 mm
84,23,Aquamarine,7,SIZE,6567,5x2.5 mm
84,23,Aquamarine,7,SIZE,6535,5x3 mm
84,23,Aquamarine,7,SIZE,6174,6 mm
84,23,Aquamarine,7,SIZE,6568,6x3 mm
84,23,Aquamarine,7,SIZE,6537,6x4 mm
84,23,Aquamarine,7,SIZE,6176,7 mm
84,23,Aquamarine,7,SIZE,6538,7x5 mm
84,23,Aquamarine,7,SIZE,6263,8 mm
84,23,Aquamarine,7,SIZE,6569,8x4 mm
84,23,Aquamarine,7,SIZE,6562,8x5 mm
84,23,Aquamarine,7,SIZE,6060,8x6 mm
84,23,Aquamarine,7,SIZE,6282,9 mm
84,23,Aquamarine,7,SIZE,6563,9x6 mm
84,23,Aquamarine,7,SIZE,6043,9x7 mm
84,23,Aquamarine,8,COLOR,7612,Aqua
84,23,Aquamarine,10,SHAPE,7717,Heart
84,23,Aquamarine,10,SHAPE,7684,Marquise
84,23,Aquamarine,10,SHAPE,7689,Octagon
84,23,Aquamarine,10,SHAPE,7666,Oval
84,23,Aquamarine,10,SHAPE,7672,Pear
84,23,Aquamarine,10,SHAPE,7670,Round
84,23,Aquamarine,10,SHAPE,7685,Square
84,23,Aquamarine,10,SHAPE,7668,Trillion
84,23,Aquamarine,11,LUSTER,7925,Very Nice
84,23,Aquamarine,12,HARDNESS,7947,8
84,23,Aquamarine,19,NAME,8479,Aquamarine
85,253,Rose Quartz,1,TREATMENT,11,Treated
85,253,Rose Quartz,2,ORIGIN,21,Africa
85,253,Rose Quartz,2,ORIGIN,43,Brazil
85,253,Rose Quartz,3,CUT,61,Cabochon
85,253,Rose Quartz,3,CUT,99,Carving
85,253,Rose Quartz,3,CUT,91,Checker Board
85,253,Rose Quartz,3,CUT,60,Faceted
85,253,Rose Quartz,3,CUT,8749,Fancy Laser Cut
85,253,Rose Quartz,4,CLARITY/GRADE,144,AAA
85,253,Rose Quartz,6,WEIGHT,3599,1.1 ct.
85,253,Rose Quartz,6,WEIGHT,3585,10 ct.
85,253,Rose Quartz,6,WEIGHT,4439,100 ct.
85,253,Rose Quartz,6,WEIGHT,4502,11 ct.
85,253,Rose Quartz,6,WEIGHT,4500,11.5 ct.
85,253,Rose Quartz,6,WEIGHT,3552,12 ct.
85,253,Rose Quartz,6,WEIGHT,3586,13 ct.
85,253,Rose Quartz,6,WEIGHT,4491,14.5 ct.
85,253,Rose Quartz,6,WEIGHT,4970,16.7 ct.
85,253,Rose Quartz,6,WEIGHT,4507,18 ct.
85,253,Rose Quartz,6,WEIGHT,4969,19.25 ct.
85,253,Rose Quartz,6,WEIGHT,3606,22 ct.
85,253,Rose Quartz,6,WEIGHT,4501,24 ct.
85,253,Rose Quartz,6,WEIGHT,4454,25 ct.
85,253,Rose Quartz,6,WEIGHT,4511,27 ct.
85,253,Rose Quartz,6,WEIGHT,3538,3 ct.
85,253,Rose Quartz,6,WEIGHT,4383,30 ct.
85,253,Rose Quartz,6,WEIGHT,4529,36 ct.
85,253,Rose Quartz,6,WEIGHT,4524,42 ct.
85,253,Rose Quartz,6,WEIGHT,4531,49 ct. (lot)
85,253,Rose Quartz,6,WEIGHT,3590,5 ct.
85,253,Rose Quartz,6,WEIGHT,4329,5.4 ct.
85,253,Rose Quartz,6,WEIGHT,4527,55 ct.
85,253,Rose Quartz,6,WEIGHT,3529,6 ct.
85,253,Rose Quartz,6,WEIGHT,4528,60 ct.
85,253,Rose Quartz,6,WEIGHT,4074,61 ct.
85,253,Rose Quartz,6,WEIGHT,4530,67 ct.
85,253,Rose Quartz,6,WEIGHT,3548,7 ct.
85,253,Rose Quartz,6,WEIGHT,4525,70 ct.
85,253,Rose Quartz,6,WEIGHT,3593,8 ct.
85,253,Rose Quartz,6,WEIGHT,3531,9 ct.
85,253,Rose Quartz,6,WEIGHT,3612,9.5 ct.
85,253,Rose Quartz,6,WEIGHT,4526,96 ct.
85,253,Rose Quartz,7,SIZE,5984,10 mm
85,253,Rose Quartz,7,SIZE,5977,11 mm
85,253,Rose Quartz,7,SIZE,6918,12x11 mm
85,253,Rose Quartz,7,SIZE,6917,13x8 mm
85,253,Rose Quartz,7,SIZE,6272,14 mm
85,253,Rose Quartz,7,SIZE,6541,14x11 mm
85,253,Rose Quartz,7,SIZE,6558,14x12 mm
85,253,Rose Quartz,7,SIZE,6887,14x8 mm
85,253,Rose Quartz,7,SIZE,6852,15 mm
85,253,Rose Quartz,7,SIZE,6872,16x10 mm
85,253,Rose Quartz,7,SIZE,6553,16x12 mm
85,253,Rose Quartz,7,SIZE,6895,17x12 mm
85,253,Rose Quartz,7,SIZE,6870,18 mm
85,253,Rose Quartz,7,SIZE,6864,18x10 mm
85,253,Rose Quartz,7,SIZE,6554,18x13 mm
85,253,Rose Quartz,7,SIZE,6860,18x14 mm
85,253,Rose Quartz,7,SIZE,6871,20 mm
85,253,Rose Quartz,7,SIZE,6901,20x13 mm
85,253,Rose Quartz,7,SIZE,6915,20x14 mm
85,253,Rose Quartz,7,SIZE,6555,20x15 mm
85,253,Rose Quartz,7,SIZE,6908,20x24 mm
85,253,Rose Quartz,7,SIZE,6862,22x12 mm
85,253,Rose Quartz,7,SIZE,6559,22x16 mm
85,253,Rose Quartz,7,SIZE,7332,25 x 15 mm
85,253,Rose Quartz,7,SIZE,6920,25x17 mm
85,253,Rose Quartz,7,SIZE,6916,27x22 mm
85,253,Rose Quartz,7,SIZE,6876,28x12 mm
85,253,Rose Quartz,7,SIZE,8741,30 x 12 mm
85,253,Rose Quartz,7,SIZE,6863,30x15 mm
85,253,Rose Quartz,7,SIZE,6924,30x20 mm
85,253,Rose Quartz,7,SIZE,6907,30x22 mm
85,253,Rose Quartz,7,SIZE,6921,33x20 mm
85,253,Rose Quartz,7,SIZE,6919,40x24 mm
85,253,Rose Quartz,7,SIZE,6912,44x24 mm
85,253,Rose Quartz,7,SIZE,6923,45x24 mm
85,253,Rose Quartz,7,SIZE,6909,45x30 mm
85,253,Rose Quartz,7,SIZE,6911,50x30 mm
85,253,Rose Quartz,7,SIZE,6910,50x39 mm
85,253,Rose Quartz,7,SIZE,6913,50x40 mm
85,253,Rose Quartz,7,SIZE,6174,6 mm
85,253,Rose Quartz,7,SIZE,6263,8 mm
85,253,Rose Quartz,8,COLOR,7507,Pink
85,253,Rose Quartz,8,COLOR,7635,Rose
85,253,Rose Quartz,10,SHAPE,7820,Bullet
85,253,Rose Quartz,10,SHAPE,7695,Cushion
85,253,Rose Quartz,10,SHAPE,7839,Donut
85,253,Rose Quartz,10,SHAPE,7831,Drop
85,253,Rose Quartz,10,SHAPE,7768,Fancy
85,253,Rose Quartz,10,SHAPE,7836,Fancy Oval
85,253,Rose Quartz,10,SHAPE,7717,Heart
85,253,Rose Quartz,10,SHAPE,7694,Long Cushion
85,253,Rose Quartz,10,SHAPE,7666,Oval
85,253,Rose Quartz,10,SHAPE,7835,Oval Briolettes
85,253,Rose Quartz,10,SHAPE,7670,Round
85,253,Rose Quartz,11,LUSTER,7915,Fine
85,253,Rose Quartz,11,LUSTER,7918,Nice
85,253,Rose Quartz,12,HARDNESS,7985,7
85,253,Rose Quartz,12,HARDNESS,7933,7
85,253,Rose Quartz,13,GRADE,8037,AAA
85,253,Rose Quartz,19,NAME,8490,Quartz
85,253,Rose Quartz,19,NAME,8520,Rose Quartz
85,253,Rose Quartz,20,DEPTH,8743,10 mm
85,253,Rose Quartz,20,DEPTH,8754,11 mm
85,253,Rose Quartz,22,CLARITY,8589,VS
85,253,Rose Quartz,30,AVAILABLE AS,8876,Semi-Precious Lot
87,23,Fluorite,1,TREATMENT,3,None
87,23,Fluorite,2,ORIGIN,43,Brazil
87,23,Fluorite,3,CUT,92,Concave
87,23,Fluorite,6,WEIGHT,3585,10 ct.
87,23,Fluorite,6,WEIGHT,3552,12 ct.
87,23,Fluorite,6,WEIGHT,4509,14 ct.
87,23,Fluorite,6,WEIGHT,3553,16 ct.
87,23,Fluorite,6,WEIGHT,4507,18 ct.
87,23,Fluorite,6,WEIGHT,3554,20 ct.
87,23,Fluorite,6,WEIGHT,3606,22 ct.
87,23,Fluorite,6,WEIGHT,4501,24 ct.
87,23,Fluorite,6,WEIGHT,415,25 Carats
87,23,Fluorite,6,WEIGHT,4454,25 ct.
87,23,Fluorite,6,WEIGHT,4510,28 ct.
87,23,Fluorite,6,WEIGHT,9774,28 ct.
87,23,Fluorite,6,WEIGHT,4383,30 ct.
87,23,Fluorite,6,WEIGHT,4829,32 ct.
87,23,Fluorite,6,WEIGHT,3548,7 ct.
87,23,Fluorite,6,WEIGHT,3593,8 ct.
87,23,Fluorite,7,SIZE,6551,12 mm
87,23,Fluorite,7,SIZE,7456,12 x 8 mm
87,23,Fluorite,7,SIZE,6272,14 mm
87,23,Fluorite,7,SIZE,7331,14 x 10 mm
87,23,Fluorite,7,SIZE,6550,14x10 mm
87,23,Fluorite,7,SIZE,6565,15x10 mm
87,23,Fluorite,7,SIZE,6885,16 mm
87,23,Fluorite,7,SIZE,7424,16 x 12 mm
87,23,Fluorite,7,SIZE,7431,16 x 14 mm
87,23,Fluorite,7,SIZE,5006,16.0x12.0 mm.
87,23,Fluorite,7,SIZE,6553,16x12 mm
87,23,Fluorite,7,SIZE,6861,16x14 mm
87,23,Fluorite,7,SIZE,7432,18 x 13 mm
87,23,Fluorite,7,SIZE,9645,18 x 18 mm
87,23,Fluorite,7,SIZE,6554,18x13 mm
87,23,Fluorite,7,SIZE,7329,20 x 15 mm
87,23,Fluorite,7,SIZE,6555,20x15 mm
87,23,Fluorite,7,SIZE,9835,20x20mm
87,23,Fluorite,7,SIZE,7420,22 x 16 mm
87,23,Fluorite,7,SIZE,6559,22x16 mm
87,23,Fluorite,7,SIZE,8735,25 x 18 mm
87,23,Fluorite,7,SIZE,6905,25x18 mm
87,23,Fluorite,7,SIZE,5884,25x20 mm
87,23,Fluorite,7,SIZE,9834,28x20 mm
87,23,Fluorite,7,SIZE,6907,30x22 mm
87,23,Fluorite,8,COLOR,7488,Golden Yellow
87,23,Fluorite,8,COLOR,9839,Irish Green
87,23,Fluorite,8,COLOR,7496,Neon Green
87,23,Fluorite,10,SHAPE,7695,Cushion
87,23,Fluorite,10,SHAPE,7689,Octagon
87,23,Fluorite,10,SHAPE,7666,Oval
87,23,Fluorite,10,SHAPE,7672,Pear
87,23,Fluorite,10,SHAPE,7685,Square
87,23,Fluorite,10,SHAPE,7668,Trillion
87,23,Fluorite,11,LUSTER,7915,Fine
87,23,Fluorite,12,HARDNESS,8010,4
87,23,Fluorite,13,GRADE,8037,AAA
87,23,Fluorite,19,NAME,9633,Fluorite
88,23,Garnet,1,TREATMENT,3,None
88,23,Garnet,2,ORIGIN,21,Africa
88,23,Garnet,2,ORIGIN,23,India
88,23,Garnet,3,CUT,61,Cabochon
88,23,Garnet,3,CUT,91,Checker Board
88,23,Garnet,3,CUT,60,Faceted
88,23,Garnet,4,CLARITY/GRADE,126,VS
88,23,Garnet,6,WEIGHT,3675,0.04 ct. Approx.
88,23,Garnet,6,WEIGHT,3729,0.11 ct. Approx.
88,23,Garnet,6,WEIGHT,3716,0.17 ct. Approx.
88,23,Garnet,6,WEIGHT,3562,0.25 ct.
88,23,Garnet,6,WEIGHT,3748,0.28 ct. Approx.
88,23,Garnet,6,WEIGHT,3682,0.3 ct. Approx.
88,23,Garnet,6,WEIGHT,3555,0.35 ct.
88,23,Garnet,6,WEIGHT,3547,0.4 ct.
88,23,Garnet,6,WEIGHT,3685,0.4 ct. Approx.
88,23,Garnet,6,WEIGHT,3558,0.5 ct.
88,23,Garnet,6,WEIGHT,3746,0.56 ct. Approx.
88,23,Garnet,6,WEIGHT,3749,0.57 ct. Approx.
88,23,Garnet,6,WEIGHT,3578,0.6 ct.
88,23,Garnet,6,WEIGHT,3543,0.65 ct.
88,23,Garnet,6,WEIGHT,3719,0.65 ct. Approx.
88,23,Garnet,6,WEIGHT,3721,0.7 ct. Approx.
88,23,Garnet,6,WEIGHT,3524,0.75 ct.
88,23,Garnet,6,WEIGHT,3722,0.75 ct. Approx.
88,23,Garnet,6,WEIGHT,3579,0.8 ct.
88,23,Garnet,6,WEIGHT,3515,0.9 ct.
88,23,Garnet,6,WEIGHT,3559,1 ct.
88,23,Garnet,6,WEIGHT,3701,1 ct. Approx.
88,23,Garnet,6,WEIGHT,3750,1.1 ct. Approx.
88,23,Garnet,6,WEIGHT,3743,1.2 ct. Approx.
88,23,Garnet,6,WEIGHT,2434,1.25 ct.
88,23,Garnet,6,WEIGHT,3762,1.25 ct. Approx.
88,23,Garnet,6,WEIGHT,3758,1.3 ct. Approx.
88,23,Garnet,6,WEIGHT,4887,1.5 ct.
88,23,Garnet,6,WEIGHT,3709,1.55 ct. Approx.
88,23,Garnet,6,WEIGHT,3696,1.6 ct. Approx.
88,23,Garnet,6,WEIGHT,3591,1.75 ct.
88,23,Garnet,6,WEIGHT,3585,10 ct.
88,23,Garnet,6,WEIGHT,4950,10.2 ct.
88,23,Garnet,6,WEIGHT,3755,10.5 ct. Approx.
88,23,Garnet,6,WEIGHT,4939,10.9 ct.
88,23,Garnet,6,WEIGHT,4942,15.1 ct.
88,23,Garnet,6,WEIGHT,3756,16 ct. Approx.
88,23,Garnet,6,WEIGHT,4941,16.3 ct.
88,23,Garnet,6,WEIGHT,4943,19.4 ct.
88,23,Garnet,6,WEIGHT,3561,2 ct.
88,23,Garnet,6,WEIGHT,3768,2 ct. Approx.
88,23,Garnet,6,WEIGHT,3759,2.05 ct. Approx.
88,23,Garnet,6,WEIGHT,3588,2.2 ct.
88,23,Garnet,6,WEIGHT,3526,2.25 ct.
88,23,Garnet,6,WEIGHT,3763,2.4 ct. Approx.
88,23,Garnet,6,WEIGHT,3581,2.5 ct.
88,23,Garnet,6,WEIGHT,3703,2.5 ct. Approx.
88,23,Garnet,6,WEIGHT,3727,2.75 ct. Approx.
88,23,Garnet,6,WEIGHT,3760,2.9 ct. Approx.
88,23,Garnet,6,WEIGHT,3757,22 ct. Approx.
88,23,Garnet,6,WEIGHT,4944,22.6 ct.
88,23,Garnet,6,WEIGHT,4022,22.75 ct.
88,23,Garnet,6,WEIGHT,4952,24.8 ct.
88,23,Garnet,6,WEIGHT,4851,27.5 ct.
88,23,Garnet,6,WEIGHT,4946,27.75 ct.
88,23,Garnet,6,WEIGHT,3538,3 ct.
88,23,Garnet,6,WEIGHT,3764,3.4 ct. Approx.
88,23,Garnet,6,WEIGHT,3584,3.5 ct.
88,23,Garnet,6,WEIGHT,3751,3.5 ct. Approx.
88,23,Garnet,6,WEIGHT,3527,3.75 ct.
88,23,Garnet,6,WEIGHT,4383,30 ct.
88,23,Garnet,6,WEIGHT,4948,33.3 ct.
88,23,Garnet,6,WEIGHT,4951,34.3 ct.
88,23,Garnet,6,WEIGHT,4945,37.25 ct.
88,23,Garnet,6,WEIGHT,3549,4 ct.
88,23,Garnet,6,WEIGHT,3765,4 ct. Approx.
88,23,Garnet,6,WEIGHT,3761,4.4 ct. Approx.
88,23,Garnet,6,WEIGHT,3528,4.5 ct.
88,23,Garnet,6,WEIGHT,3752,4.5 ct. Approx.
88,23,Garnet,6,WEIGHT,4947,48.8 ct.
88,23,Garnet,6,WEIGHT,3590,5 ct.
88,23,Garnet,6,WEIGHT,3592,5.5 ct.
88,23,Garnet,6,WEIGHT,3747,5.75 ct. Approx.
88,23,Garnet,6,WEIGHT,3529,6 ct.
88,23,Garnet,6,WEIGHT,3753,6 ct. Approx.
88,23,Garnet,6,WEIGHT,4492,6.25 ct.
88,23,Garnet,6,WEIGHT,3550,6.5 ct.
88,23,Garnet,6,WEIGHT,3541,6.9 ct.
88,23,Garnet,6,WEIGHT,4335,7.1 ct.
88,23,Garnet,6,WEIGHT,3593,8 ct.
88,23,Garnet,6,WEIGHT,3766,8 ct. Approx.
88,23,Garnet,6,WEIGHT,4940,8.2 ct.
88,23,Garnet,6,WEIGHT,3600,8.5 ct.
88,23,Garnet,6,WEIGHT,3754,8.8 ct. Approx.
88,23,Garnet,6,WEIGHT,3531,9 ct.
88,23,Garnet,6,WEIGHT,3612,9.5 ct.
88,23,Garnet,6,WEIGHT,3767,9.5 ct. Approx.
88,23,Garnet,6,WEIGHT,4953,91 ct.
88,23,Garnet,7,SIZE,5984,10 mm
88,23,Garnet,7,SIZE,7439,10 x 5 mm
88,23,Garnet,7,SIZE,5109,10.0x5.0 mm.
88,23,Garnet,7,SIZE,5011,10.0x8.0 mm.
88,23,Garnet,7,SIZE,6561,10x5 mm
88,23,Garnet,7,SIZE,6556,10x7 mm
88,23,Garnet,7,SIZE,5996,10x8 mm
88,23,Garnet,7,SIZE,7423,11 x 11 mm
88,23,Garnet,7,SIZE,7367,11 x 5 mm
88,23,Garnet,7,SIZE,5010,11.0x9.0 mm.
88,23,Garnet,7,SIZE,5645,11X11mm
88,23,Garnet,7,SIZE,5998,11x9 mm
88,23,Garnet,7,SIZE,6551,12 mm
88,23,Garnet,7,SIZE,7417,12 x 10 mm
88,23,Garnet,7,SIZE,7409,12 x 12 mm
88,23,Garnet,7,SIZE,7438,12 x 6 mm
88,23,Garnet,7,SIZE,5230,12.0X10.0mm
88,23,Garnet,7,SIZE,5110,12.0x6.0 mm.
88,23,Garnet,7,SIZE,5114,12.0x8.0 mm.
88,23,Garnet,7,SIZE,5920,12x10 mm
88,23,Garnet,7,SIZE,5924,12x6 mm
88,23,Garnet,7,SIZE,6564,12x8 mm
88,23,Garnet,7,SIZE,7408,13.5 x 10 mm
88,23,Garnet,7,SIZE,7331,14 x 10 mm
88,23,Garnet,7,SIZE,7371,14 x 12 mm
88,23,Garnet,7,SIZE,5008,14.0x10.0 mm.
88,23,Garnet,7,SIZE,6550,14x10 mm
88,23,Garnet,7,SIZE,6857,14x7 mm
88,23,Garnet,7,SIZE,7412,15 x 12 mm
88,23,Garnet,7,SIZE,7410,15 x 15 mm
88,23,Garnet,7,SIZE,5111,15.0x7.0 mm.
88,23,Garnet,7,SIZE,6565,15x10 mm
88,23,Garnet,7,SIZE,6570,15x7 mm
88,23,Garnet,7,SIZE,7407,16 x 2 mm
88,23,Garnet,7,SIZE,6553,16x12 mm
88,23,Garnet,7,SIZE,6554,18x13 mm
88,23,Garnet,7,SIZE,7411,19 x 12 mm
88,23,Garnet,7,SIZE,7413,19 x 14 mm
88,23,Garnet,7,SIZE,6360,2 mm
88,23,Garnet,7,SIZE,7329,20 x 15 mm
88,23,Garnet,7,SIZE,7419,20 x 16 mm
88,23,Garnet,7,SIZE,6555,20x15 mm
88,23,Garnet,7,SIZE,7415,21 x 16 mm
88,23,Garnet,7,SIZE,7414,21 x 17 mm
88,23,Garnet,7,SIZE,7421,21.5 x 15 mm
88,23,Garnet,7,SIZE,7420,22 x 16 mm
88,23,Garnet,7,SIZE,7416,23 x 18 mm
88,23,Garnet,7,SIZE,7422,29 x 24 mm
88,23,Garnet,7,SIZE,6344,3 mm
88,23,Garnet,7,SIZE,6362,3.5 mm
88,23,Garnet,7,SIZE,6177,4 mm
88,23,Garnet,7,SIZE,5055,4.0x4.0 mm.
88,23,Garnet,7,SIZE,6076,5 mm
88,23,Garnet,7,SIZE,5060,5.0x5.0 mm
88,23,Garnet,7,SIZE,6567,5x2.5 mm
88,23,Garnet,7,SIZE,6535,5x3 mm
88,23,Garnet,7,SIZE,6578,5x5 mm
88,23,Garnet,7,SIZE,6174,6 mm
88,23,Garnet,7,SIZE,5107,6.0x3.0 mm.
88,23,Garnet,7,SIZE,5017,6.0x4.0 mm.
88,23,Garnet,7,SIZE,5061,6.0x6.0 mm
88,23,Garnet,7,SIZE,6568,6x3 mm
88,23,Garnet,7,SIZE,6184,6x4
88,23,Garnet,7,SIZE,6537,6x4 mm
88,23,Garnet,7,SIZE,6176,7 mm
88,23,Garnet,7,SIZE,5014,7.0x5.0 mm.
88,23,Garnet,7,SIZE,5062,7.0x7.0 mm
88,23,Garnet,7,SIZE,6264,7.5 mm
88,23,Garnet,7,SIZE,6538,7x5 mm
88,23,Garnet,7,SIZE,6582,7x7 mm
88,23,Garnet,7,SIZE,6263,8 mm
88,23,Garnet,7,SIZE,7318,8 x 4 mm
88,23,Garnet,7,SIZE,5108,8.0x4.0 mm.
88,23,Garnet,7,SIZE,5112,8.0x5.0 mm.
88,23,Garnet,7,SIZE,5013,8.0x6.0 mm.
88,23,Garnet,7,SIZE,5063,8.0x8.0 mm
88,23,Garnet,7,SIZE,6569,8x4 mm
88,23,Garnet,7,SIZE,6562,8x5 mm
88,23,Garnet,7,SIZE,6060,8x6 mm
88,23,Garnet,7,SIZE,6850,8x8 mm
88,23,Garnet,7,SIZE,6282,9 mm
88,23,Garnet,7,SIZE,7300,9 x 7 mm
88,23,Garnet,7,SIZE,7285,9 x 9mm
88,23,Garnet,7,SIZE,6067,9.0x7.0 mm
88,23,Garnet,7,SIZE,5064,9.0x9.0 mm
88,23,Garnet,7,SIZE,6563,9x6 mm
88,23,Garnet,7,SIZE,6043,9x7 mm
88,23,Garnet,8,COLOR,7467,Raspberry Red
88,23,Garnet,8,COLOR,7461,Red
88,23,Garnet,10,SHAPE,7814,Briolette
88,23,Garnet,10,SHAPE,7695,Cushion
88,23,Garnet,10,SHAPE,7817,Half Moon
88,23,Garnet,10,SHAPE,7717,Heart
88,23,Garnet,10,SHAPE,7694,Long Cushion
88,23,Garnet,10,SHAPE,7684,Marquise
88,23,Garnet,10,SHAPE,7689,Octagon
88,23,Garnet,10,SHAPE,7705,Octagonal
88,23,Garnet,10,SHAPE,7666,Oval
88,23,Garnet,10,SHAPE,7911,Oval Bullette
88,23,Garnet,10,SHAPE,7672,Pear
88,23,Garnet,10,SHAPE,7670,Round
88,23,Garnet,10,SHAPE,7912,Round Bullette
88,23,Garnet,10,SHAPE,7685,Square
88,23,Garnet,10,SHAPE,7668,Trillion
88,23,Garnet,11,LUSTER,7915,Fine
88,23,Garnet,11,LUSTER,7931,Good
88,23,Garnet,11,LUSTER,7918,Nice
88,23,Garnet,11,LUSTER,7925,Very Nice
88,23,Garnet,12,HARDNESS,7948,6.5 - 7.5
88,23,Garnet,12,HARDNESS,7936,6.5 - 7.5
88,23,Garnet,12,HARDNESS,7934,7.0 - 7.5
88,23,Garnet,13,GRADE,8040,A
88,23,Garnet,13,GRADE,8038,AA
88,23,Garnet,13,GRADE,8037,AAA
88,23,Garnet,13,GRADE,8070,Super Fine
88,23,Garnet,19,NAME,8408,Garnet
88,23,Garnet,19,NAME,8402,Mozambique Garnet
88,23,Garnet,20,DEPTH,8555,2 mm
88,23,Garnet,20,DEPTH,8752,2.5 mm
88,23,Garnet,20,DEPTH,8751,3 mm
88,23,Garnet,20,DEPTH,8753,3.5 mm
88,23,Garnet,20,DEPTH,8744,4 mm
88,23,Garnet,20,DEPTH,8548,4.5 mm
88,23,Garnet,20,DEPTH,8521,5 mm
88,23,Garnet,20,DEPTH,8523,6 mm
88,23,Garnet,20,DEPTH,8544,7 mm
88,23,Garnet,20,DEPTH,8745,8 mm
88,23,Garnet,22,CLARITY,8594,"Clean, Bright"
88,23,Garnet,22,CLARITY,8595,Regular
88,23,Garnet,22,CLARITY,8593,Top Clean/Superior
88,23,Garnet,22,CLARITY,8589,VS
89,253,Green Golden Quartz,1,TREATMENT,3,None
89,253,Green Golden Quartz,1,TREATMENT,11,Treated
89,253,Green Golden Quartz,2,ORIGIN,8726,Africa
89,253,Green Golden Quartz,2,ORIGIN,43,Brazil
89,253,Green Golden Quartz,3,CUT,103,Carved
89,253,Green Golden Quartz,3,CUT,91,Checker Board
89,253,Green Golden Quartz,3,CUT,60,Faceted
89,253,Green Golden Quartz,4,CLARITY/GRADE,144,AAA
89,253,Green Golden Quartz,6,WEIGHT,2434,1.25 ct.
89,253,Green Golden Quartz,6,WEIGHT,3585,10 ct.
89,253,Green Golden Quartz,6,WEIGHT,3605,10.5 ct.
89,253,Green Golden Quartz,6,WEIGHT,4502,11 ct.
89,253,Green Golden Quartz,6,WEIGHT,4500,11.5 ct.
89,253,Green Golden Quartz,6,WEIGHT,3552,12 ct.
89,253,Green Golden Quartz,6,WEIGHT,4509,14 ct.
89,253,Green Golden Quartz,6,WEIGHT,4819,16.75 ct.
89,253,Green Golden Quartz,6,WEIGHT,4504,17 ct.
89,253,Green Golden Quartz,6,WEIGHT,4512,17.5 ct.
89,253,Green Golden Quartz,6,WEIGHT,3561,2 ct.
89,253,Green Golden Quartz,6,WEIGHT,3581,2.5 ct.
89,253,Green Golden Quartz,6,WEIGHT,3554,20 ct.
89,253,Green Golden Quartz,6,WEIGHT,4839,22.5 ct.
89,253,Green Golden Quartz,6,WEIGHT,4454,25 ct.
89,253,Green Golden Quartz,6,WEIGHT,4520,26.5 ct.
89,253,Green Golden Quartz,6,WEIGHT,4510,28 ct.
89,253,Green Golden Quartz,6,WEIGHT,3582,3.25 ct.
89,253,Green Golden Quartz,6,WEIGHT,3584,3.5 ct.
89,253,Green Golden Quartz,6,WEIGHT,4825,34 ct.
89,253,Green Golden Quartz,6,WEIGHT,3549,4 ct.
89,253,Green Golden Quartz,6,WEIGHT,4494,4.25 ct.
89,253,Green Golden Quartz,6,WEIGHT,4842,45.8 ct.
89,253,Green Golden Quartz,6,WEIGHT,3590,5 ct.
89,253,Green Golden Quartz,6,WEIGHT,4321,5.6 ct.
89,253,Green Golden Quartz,6,WEIGHT,4527,55 ct.
89,253,Green Golden Quartz,6,WEIGHT,4841,57.85 ct.
89,253,Green Golden Quartz,6,WEIGHT,3529,6 ct.
89,253,Green Golden Quartz,6,WEIGHT,3550,6.5 ct.
89,253,Green Golden Quartz,6,WEIGHT,4840,74 ct.
89,253,Green Golden Quartz,6,WEIGHT,3531,9 ct.
89,253,Green Golden Quartz,6,WEIGHT,3612,9.5 ct.
89,253,Green Golden Quartz,7,SIZE,5984,10 mm
89,253,Green Golden Quartz,7,SIZE,6561,10x5 mm
89,253,Green Golden Quartz,7,SIZE,7228,10x5x5 mm
89,253,Green Golden Quartz,7,SIZE,7001,10x8x5 mm
89,253,Green Golden Quartz,7,SIZE,6926,11x5 mm
89,253,Green Golden Quartz,7,SIZE,6551,12 mm
89,253,Green Golden Quartz,7,SIZE,5920,12x10 mm
89,253,Green Golden Quartz,7,SIZE,7043,12x10x6 mm
89,253,Green Golden Quartz,7,SIZE,6272,14 mm
89,253,Green Golden Quartz,7,SIZE,7331,14 x 10 mm
89,253,Green Golden Quartz,7,SIZE,6550,14x10 mm
89,253,Green Golden Quartz,7,SIZE,7222,14x12x8 mm
89,253,Green Golden Quartz,7,SIZE,6857,14x7 mm
89,253,Green Golden Quartz,7,SIZE,7392,15 x 8 mm
89,253,Green Golden Quartz,7,SIZE,7232,15x 7 mm
89,253,Green Golden Quartz,7,SIZE,6565,15x10 mm
89,253,Green Golden Quartz,7,SIZE,7218,16x14x6 mm
89,253,Green Golden Quartz,7,SIZE,7223,16x14x8 mm
89,253,Green Golden Quartz,7,SIZE,6855,16x8 mm
89,253,Green Golden Quartz,7,SIZE,7454,17 x 10 mm
89,253,Green Golden Quartz,7,SIZE,7453,18 x 12 mm
89,253,Green Golden Quartz,7,SIZE,6864,18x10 mm
89,253,Green Golden Quartz,7,SIZE,7226,18x10x7 mm
89,253,Green Golden Quartz,7,SIZE,7233,18x10x8.5 mm
89,253,Green Golden Quartz,7,SIZE,7221,18x16x10 mm
89,253,Green Golden Quartz,7,SIZE,6873,20x10 mm
89,253,Green Golden Quartz,7,SIZE,7217,20x13x6 mm
89,253,Green Golden Quartz,7,SIZE,7214,20x14x6 mm
89,253,Green Golden Quartz,7,SIZE,7231,20x20x10 mm
89,253,Green Golden Quartz,7,SIZE,7225,22x12x8 mm
89,253,Green Golden Quartz,7,SIZE,7207,22x14 mm
89,253,Green Golden Quartz,7,SIZE,6927,24x20 mm
89,253,Green Golden Quartz,7,SIZE,7215,25x18x7 mm
89,253,Green Golden Quartz,7,SIZE,7211,26x26x5 mm
89,253,Green Golden Quartz,7,SIZE,7224,30x15x10 mm
89,253,Green Golden Quartz,7,SIZE,7212,30x20x7 mm
89,253,Green Golden Quartz,7,SIZE,7216,31x21x7 mm
89,253,Green Golden Quartz,7,SIZE,7213,35x24x10 mm
89,253,Green Golden Quartz,7,SIZE,7210,40x25x7 mm
89,253,Green Golden Quartz,7,SIZE,7220,40x26x8 mm
89,253,Green Golden Quartz,7,SIZE,7230,7x3 mm
89,253,Green Golden Quartz,7,SIZE,6263,8 mm
89,253,Green Golden Quartz,7,SIZE,6569,8x4 mm
89,253,Green Golden Quartz,8,COLOR,7655,Canary green
89,253,Green Golden Quartz,8,COLOR,7654,Golden Green
89,253,Green Golden Quartz,8,COLOR,7481,Green
89,253,Green Golden Quartz,10,SHAPE,7814,Briolette
89,253,Green Golden Quartz,10,SHAPE,7880,Briolette Round
89,253,Green Golden Quartz,10,SHAPE,7881,Bullette Oval
89,253,Green Golden Quartz,10,SHAPE,7695,Cushion
89,253,Green Golden Quartz,10,SHAPE,7831,Drop
89,253,Green Golden Quartz,10,SHAPE,7768,Fancy
89,253,Green Golden Quartz,10,SHAPE,7694,Long Cushion
89,253,Green Golden Quartz,10,SHAPE,7666,Oval
89,253,Green Golden Quartz,10,SHAPE,7670,Round
89,253,Green Golden Quartz,10,SHAPE,7854,Round Bead
89,253,Green Golden Quartz,11,LUSTER,7915,Fine
89,253,Green Golden Quartz,11,LUSTER,7918,Nice
89,253,Green Golden Quartz,12,HARDNESS,7933,7
89,253,Green Golden Quartz,12,HARDNESS,7934,7.0 - 7.5
89,253,Green Golden Quartz,13,GRADE,8037,AAA
89,253,Green Golden Quartz,19,NAME,8712,Gold Quartz
89,253,Green Golden Quartz,19,NAME,8490,Quartz
89,253,Green Golden Quartz,22,CLARITY,8721,SI
91,23,Swiss Blue Topaz,1,TREATMENT,1,Heat Treated
91,23,Swiss Blue Topaz,1,TREATMENT,3,None
91,23,Swiss Blue Topaz,1,TREATMENT,11,Treated
91,23,Swiss Blue Topaz,2,ORIGIN,43,Brazil
91,23,Swiss Blue Topaz,3,CUT,61,Cabochon
91,23,Swiss Blue Topaz,3,CUT,99,Carving
91,23,Swiss Blue Topaz,3,CUT,91,Checker Board
91,23,Swiss Blue Topaz,3,CUT,60,Faceted
91,23,Swiss Blue Topaz,4,CLARITY/GRADE,157,A
91,23,Swiss Blue Topaz,4,CLARITY/GRADE,145,AA
91,23,Swiss Blue Topaz,4,CLARITY/GRADE,144,AAA
91,23,Swiss Blue Topaz,4,CLARITY/GRADE,151,Commercial
91,23,Swiss Blue Topaz,4,CLARITY/GRADE,193,Super
91,23,Swiss Blue Topaz,6,WEIGHT,3803,0.03 ct.
91,23,Swiss Blue Topaz,6,WEIGHT,3643,0.10 ct.
91,23,Swiss Blue Topaz,6,WEIGHT,3534,0.15 ct.
91,23,Swiss Blue Topaz,6,WEIGHT,3644,0.20 ct.
91,23,Swiss Blue Topaz,6,WEIGHT,3667,0.23 ct.
91,23,Swiss Blue Topaz,6,WEIGHT,3562,0.25 ct.
91,23,Swiss Blue Topaz,6,WEIGHT,3507,0.3 ct.
91,23,Swiss Blue Topaz,6,WEIGHT,3555,0.35 ct.
91,23,Swiss Blue Topaz,6,WEIGHT,3547,0.4 ct.
91,23,Swiss Blue Topaz,6,WEIGHT,3861,0.45 ct.
91,23,Swiss Blue Topaz,6,WEIGHT,3558,0.5 ct.
91,23,Swiss Blue Topaz,6,WEIGHT,3524,0.75 ct.
91,23,Swiss Blue Topaz,6,WEIGHT,3663,0.85 ct.
91,23,Swiss Blue Topaz,6,WEIGHT,3559,1 ct.
91,23,Swiss Blue Topaz,6,WEIGHT,2434,1.25 ct.
91,23,Swiss Blue Topaz,6,WEIGHT,3607,1.3 ct.
91,23,Swiss Blue Topaz,6,WEIGHT,3669,1.35 ct.
91,23,Swiss Blue Topaz,6,WEIGHT,4887,1.5 ct.
91,23,Swiss Blue Topaz,6,WEIGHT,3591,1.75 ct.
91,23,Swiss Blue Topaz,6,WEIGHT,3605,10.5 ct.
91,23,Swiss Blue Topaz,6,WEIGHT,4502,11 ct.
91,23,Swiss Blue Topaz,6,WEIGHT,3552,12 ct.
91,23,Swiss Blue Topaz,6,WEIGHT,3586,13 ct.
91,23,Swiss Blue Topaz,6,WEIGHT,3930,14.2 ct.
91,23,Swiss Blue Topaz,6,WEIGHT,3929,15 ct.
91,23,Swiss Blue Topaz,6,WEIGHT,3561,2 ct.
91,23,Swiss Blue Topaz,6,WEIGHT,3608,2.05 ct.
91,23,Swiss Blue Topaz,6,WEIGHT,3526,2.25 ct.
91,23,Swiss Blue Topaz,6,WEIGHT,3521,2.4 ct.
91,23,Swiss Blue Topaz,6,WEIGHT,3581,2.5 ct.
91,23,Swiss Blue Topaz,6,WEIGHT,3583,2.75 ct.
91,23,Swiss Blue Topaz,6,WEIGHT,3609,2.9 ct.
91,23,Swiss Blue Topaz,6,WEIGHT,3554,20 ct.
91,23,Swiss Blue Topaz,6,WEIGHT,3931,20.3 ct.
91,23,Swiss Blue Topaz,6,WEIGHT,3538,3 ct.
91,23,Swiss Blue Topaz,6,WEIGHT,3927,3.2 ct.
91,23,Swiss Blue Topaz,6,WEIGHT,3584,3.5 ct.
91,23,Swiss Blue Topaz,6,WEIGHT,3549,4 ct.
91,23,Swiss Blue Topaz,6,WEIGHT,3610,4.4 ct.
91,23,Swiss Blue Topaz,6,WEIGHT,3528,4.5 ct.
91,23,Swiss Blue Topaz,6,WEIGHT,3590,5 ct.
91,23,Swiss Blue Topaz,6,WEIGHT,3592,5.5 ct.
91,23,Swiss Blue Topaz,6,WEIGHT,3529,6 ct.
91,23,Swiss Blue Topaz,6,WEIGHT,3550,6.5 ct.
91,23,Swiss Blue Topaz,6,WEIGHT,3548,7 ct.
91,23,Swiss Blue Topaz,6,WEIGHT,3530,7.5 ct.
91,23,Swiss Blue Topaz,6,WEIGHT,3928,8.3 ct.
91,23,Swiss Blue Topaz,6,WEIGHT,3600,8.5 ct.
91,23,Swiss Blue Topaz,7,SIZE,5984,10 mm
91,23,Swiss Blue Topaz,7,SIZE,6561,10x5 mm
91,23,Swiss Blue Topaz,7,SIZE,6556,10x7 mm
91,23,Swiss Blue Topaz,7,SIZE,5996,10x8 mm
91,23,Swiss Blue Topaz,7,SIZE,5977,11 mm
91,23,Swiss Blue Topaz,7,SIZE,5998,11x9 mm
91,23,Swiss Blue Topaz,7,SIZE,5920,12x10 mm
91,23,Swiss Blue Topaz,7,SIZE,5924,12x6 mm
91,23,Swiss Blue Topaz,7,SIZE,6564,12x8 mm
91,23,Swiss Blue Topaz,7,SIZE,6272,14 mm
91,23,Swiss Blue Topaz,7,SIZE,6550,14x10 mm
91,23,Swiss Blue Topaz,7,SIZE,6565,15x10 mm
91,23,Swiss Blue Topaz,7,SIZE,6570,15x7 mm
91,23,Swiss Blue Topaz,7,SIZE,6872,16x10 mm
91,23,Swiss Blue Topaz,7,SIZE,6553,16x12 mm
91,23,Swiss Blue Topaz,7,SIZE,6554,18x13 mm
91,23,Swiss Blue Topaz,7,SIZE,6360,2 mm
91,23,Swiss Blue Topaz,7,SIZE,6555,20x15 mm
91,23,Swiss Blue Topaz,7,SIZE,6344,3 mm
91,23,Swiss Blue Topaz,7,SIZE,6177,4 mm
91,23,Swiss Blue Topaz,7,SIZE,6566,4x2 mm
91,23,Swiss Blue Topaz,7,SIZE,6076,5 mm
91,23,Swiss Blue Topaz,7,SIZE,6567,5x2.5 mm
91,23,Swiss Blue Topaz,7,SIZE,6535,5x3 mm
91,23,Swiss Blue Topaz,7,SIZE,6174,6 mm
91,23,Swiss Blue Topaz,7,SIZE,6568,6x3 mm
91,23,Swiss Blue Topaz,7,SIZE,6537,6x4 mm
91,23,Swiss Blue Topaz,7,SIZE,6176,7 mm
91,23,Swiss Blue Topaz,7,SIZE,6538,7x5 mm
91,23,Swiss Blue Topaz,7,SIZE,6263,8 mm
91,23,Swiss Blue Topaz,7,SIZE,6569,8x4 mm
91,23,Swiss Blue Topaz,7,SIZE,6562,8x5 mm
91,23,Swiss Blue Topaz,7,SIZE,6060,8x6 mm
91,23,Swiss Blue Topaz,7,SIZE,6282,9 mm
91,23,Swiss Blue Topaz,7,SIZE,6563,9x6 mm
91,23,Swiss Blue Topaz,7,SIZE,6043,9x7 mm
91,23,Swiss Blue Topaz,8,COLOR,7607,Swiss blue
91,23,Swiss Blue Topaz,10,SHAPE,7821,Antique cushion
91,23,Swiss Blue Topaz,10,SHAPE,7814,Briolette
91,23,Swiss Blue Topaz,10,SHAPE,7820,Bullet
91,23,Swiss Blue Topaz,10,SHAPE,7695,Cushion
91,23,Swiss Blue Topaz,10,SHAPE,7717,Heart
91,23,Swiss Blue Topaz,10,SHAPE,7694,Long Cushion
91,23,Swiss Blue Topaz,10,SHAPE,7684,Marquise
91,23,Swiss Blue Topaz,10,SHAPE,7689,Octagon
91,23,Swiss Blue Topaz,10,SHAPE,7666,Oval
91,23,Swiss Blue Topaz,10,SHAPE,7672,Pear
91,23,Swiss Blue Topaz,10,SHAPE,7826,Pitcher
91,23,Swiss Blue Topaz,10,SHAPE,7670,Round
91,23,Swiss Blue Topaz,10,SHAPE,7822,Round Briolettes
91,23,Swiss Blue Topaz,10,SHAPE,7685,Square
91,23,Swiss Blue Topaz,10,SHAPE,7668,Trillion
91,23,Swiss Blue Topaz,11,LUSTER,7918,Nice
91,23,Swiss Blue Topaz,11,LUSTER,7925,Very Nice
91,23,Swiss Blue Topaz,12,HARDNESS,7947,8
91,23,Swiss Blue Topaz,19,NAME,8451,Swiss Blue Topaz
91,23,Swiss Blue Topaz,19,NAME,8431,Topaz
92,23,Sky Blue Topaz,1,TREATMENT,3,None
92,23,Sky Blue Topaz,1,TREATMENT,11,Treated
92,23,Sky Blue Topaz,2,ORIGIN,43,Brazil
92,23,Sky Blue Topaz,3,CUT,61,Cabochon
92,23,Sky Blue Topaz,3,CUT,60,Faceted
92,23,Sky Blue Topaz,4,CLARITY/GRADE,157,A
92,23,Sky Blue Topaz,4,CLARITY/GRADE,145,AA
92,23,Sky Blue Topaz,4,CLARITY/GRADE,144,AAA
92,23,Sky Blue Topaz,6,WEIGHT,3594,0.04 ct.
92,23,Sky Blue Topaz,6,WEIGHT,3613,0.07 ct.
92,23,Sky Blue Topaz,6,WEIGHT,3595,0.11 ct.
92,23,Sky Blue Topaz,6,WEIGHT,3614,0.17 ct.
92,23,Sky Blue Topaz,6,WEIGHT,3562,0.25 ct.
92,23,Sky Blue Topaz,6,WEIGHT,3601,0.28 ct.
92,23,Sky Blue Topaz,6,WEIGHT,3507,0.3 ct.
92,23,Sky Blue Topaz,6,WEIGHT,3547,0.4 ct.
92,23,Sky Blue Topaz,6,WEIGHT,3558,0.5 ct.
92,23,Sky Blue Topaz,6,WEIGHT,3596,0.56 ct.
92,23,Sky Blue Topaz,6,WEIGHT,3602,0.57 ct.
92,23,Sky Blue Topaz,6,WEIGHT,3543,0.65 ct.
92,23,Sky Blue Topaz,6,WEIGHT,3580,0.7 ct.
92,23,Sky Blue Topaz,6,WEIGHT,3524,0.75 ct.
92,23,Sky Blue Topaz,6,WEIGHT,3559,1 ct.
92,23,Sky Blue Topaz,6,WEIGHT,3599,1.1 ct.
92,23,Sky Blue Topaz,6,WEIGHT,3589,1.2 ct.
92,23,Sky Blue Topaz,6,WEIGHT,2434,1.25 ct.
92,23,Sky Blue Topaz,6,WEIGHT,3607,1.3 ct.
92,23,Sky Blue Topaz,6,WEIGHT,3597,1.55 ct.
92,23,Sky Blue Topaz,6,WEIGHT,3603,1.6 ct.
92,23,Sky Blue Topaz,6,WEIGHT,3605,10.5 ct.
92,23,Sky Blue Topaz,6,WEIGHT,3553,16 ct.
92,23,Sky Blue Topaz,6,WEIGHT,3561,2 ct.
92,23,Sky Blue Topaz,6,WEIGHT,3608,2.05 ct.
92,23,Sky Blue Topaz,6,WEIGHT,3521,2.4 ct.
92,23,Sky Blue Topaz,6,WEIGHT,3581,2.5 ct.
92,23,Sky Blue Topaz,6,WEIGHT,3583,2.75 ct.
92,23,Sky Blue Topaz,6,WEIGHT,3609,2.9 ct.
92,23,Sky Blue Topaz,6,WEIGHT,3606,22 ct.
92,23,Sky Blue Topaz,6,WEIGHT,3611,3.4 ct.
92,23,Sky Blue Topaz,6,WEIGHT,3584,3.5 ct.
92,23,Sky Blue Topaz,6,WEIGHT,3549,4 ct.
92,23,Sky Blue Topaz,6,WEIGHT,3610,4.4 ct.
92,23,Sky Blue Topaz,6,WEIGHT,3528,4.5 ct.
92,23,Sky Blue Topaz,6,WEIGHT,3598,5.75 ct.
92,23,Sky Blue Topaz,6,WEIGHT,3529,6 ct.
92,23,Sky Blue Topaz,6,WEIGHT,3530,7.5 ct.
92,23,Sky Blue Topaz,6,WEIGHT,3593,8 ct.
92,23,Sky Blue Topaz,6,WEIGHT,3600,8.5 ct.
92,23,Sky Blue Topaz,6,WEIGHT,3604,8.8 ct.
92,23,Sky Blue Topaz,6,WEIGHT,3612,9.5 ct.
92,23,Sky Blue Topaz,7,SIZE,5984,10 mm
92,23,Sky Blue Topaz,7,SIZE,6561,10x5 mm
92,23,Sky Blue Topaz,7,SIZE,6556,10x7 mm
92,23,Sky Blue Topaz,7,SIZE,5996,10x8 mm
92,23,Sky Blue Topaz,7,SIZE,5998,11x9 mm
92,23,Sky Blue Topaz,7,SIZE,5920,12x10 mm
92,23,Sky Blue Topaz,7,SIZE,5924,12x6 mm
92,23,Sky Blue Topaz,7,SIZE,6564,12x8 mm
92,23,Sky Blue Topaz,7,SIZE,6550,14x10 mm
92,23,Sky Blue Topaz,7,SIZE,6565,15x10 mm
92,23,Sky Blue Topaz,7,SIZE,6570,15x7 mm
92,23,Sky Blue Topaz,7,SIZE,6553,16x12 mm
92,23,Sky Blue Topaz,7,SIZE,6554,18x13 mm
92,23,Sky Blue Topaz,7,SIZE,6360,2 mm
92,23,Sky Blue Topaz,7,SIZE,6555,20x15 mm
92,23,Sky Blue Topaz,7,SIZE,6344,3 mm
92,23,Sky Blue Topaz,7,SIZE,6177,4 mm
92,23,Sky Blue Topaz,7,SIZE,6566,4x2 mm
92,23,Sky Blue Topaz,7,SIZE,6076,5 mm
92,23,Sky Blue Topaz,7,SIZE,6567,5x2.5 mm
92,23,Sky Blue Topaz,7,SIZE,6535,5x3 mm
92,23,Sky Blue Topaz,7,SIZE,6174,6 mm
92,23,Sky Blue Topaz,7,SIZE,6568,6x3 mm
92,23,Sky Blue Topaz,7,SIZE,6537,6x4 mm
92,23,Sky Blue Topaz,7,SIZE,6176,7 mm
92,23,Sky Blue Topaz,7,SIZE,6538,7x5 mm
92,23,Sky Blue Topaz,7,SIZE,6263,8 mm
92,23,Sky Blue Topaz,7,SIZE,6569,8x4 mm
92,23,Sky Blue Topaz,7,SIZE,6562,8x5 mm
92,23,Sky Blue Topaz,7,SIZE,6060,8x6 mm
92,23,Sky Blue Topaz,7,SIZE,6282,9 mm
92,23,Sky Blue Topaz,7,SIZE,6563,9x6 mm
92,23,Sky Blue Topaz,7,SIZE,6043,9x7 mm
92,23,Sky Blue Topaz,8,COLOR,7608,Sky Blue
92,23,Sky Blue Topaz,8,COLOR,7607,Swiss blue
92,23,Sky Blue Topaz,10,SHAPE,7717,Heart
92,23,Sky Blue Topaz,10,SHAPE,7684,Marquise
92,23,Sky Blue Topaz,10,SHAPE,7689,Octagon
92,23,Sky Blue Topaz,10,SHAPE,7666,Oval
92,23,Sky Blue Topaz,10,SHAPE,7672,Pear
92,23,Sky Blue Topaz,10,SHAPE,7670,Round
92,23,Sky Blue Topaz,10,SHAPE,7685,Square
92,23,Sky Blue Topaz,10,SHAPE,7668,Trillion
92,23,Sky Blue Topaz,11,LUSTER,7918,Nice
92,23,Sky Blue Topaz,11,LUSTER,7925,Very Nice
92,23,Sky Blue Topaz,12,HARDNESS,7947,8
92,23,Sky Blue Topaz,19,NAME,8473,Sky Blue Topaz
92,23,Sky Blue Topaz,19,NAME,8431,Topaz
94,23,Tsavorite,1,TREATMENT,3,None
94,23,Tsavorite,2,ORIGIN,21,Africa
94,23,Tsavorite,3,CUT,60,Faceted
94,23,Tsavorite,4,CLARITY/GRADE,126,VS
94,23,Tsavorite,6,WEIGHT,3644,0.20 ct.
94,23,Tsavorite,7,SIZE,5055,4.0x4.0 mm.
94,23,Tsavorite,8,COLOR,7481,Green
94,23,Tsavorite,10,SHAPE,7668,Trillion
94,23,Tsavorite,11,LUSTER,7915,Fine
94,23,Tsavorite,12,HARDNESS,7936,6.5 - 7.5
94,23,Tsavorite,13,GRADE,8037,AAA
94,23,Tsavorite,19,NAME,8406,Tsavorite
95,23,White Topaz,1,TREATMENT,1,Heat Treated
95,23,White Topaz,1,TREATMENT,3,None
95,23,White Topaz,2,ORIGIN,43,Brazil
95,23,White Topaz,3,CUT,60,Faceted
95,23,White Topaz,4,CLARITY/GRADE,157,A
95,23,White Topaz,4,CLARITY/GRADE,145,AA
95,23,White Topaz,4,CLARITY/GRADE,144,AAA
95,23,White Topaz,6,WEIGHT,3594,0.04 ct.
95,23,White Topaz,6,WEIGHT,3595,0.11 ct.
95,23,White Topaz,6,WEIGHT,3562,0.25 ct.
95,23,White Topaz,6,WEIGHT,3601,0.28 ct.
95,23,White Topaz,6,WEIGHT,3507,0.3 ct.
95,23,White Topaz,6,WEIGHT,3558,0.5 ct.
95,23,White Topaz,6,WEIGHT,3596,0.56 ct.
95,23,White Topaz,6,WEIGHT,3602,0.57 ct.
95,23,White Topaz,6,WEIGHT,3543,0.65 ct.
95,23,White Topaz,6,WEIGHT,3524,0.75 ct.
95,23,White Topaz,6,WEIGHT,3559,1 ct.
95,23,White Topaz,6,WEIGHT,3599,1.1 ct.
95,23,White Topaz,6,WEIGHT,2434,1.25 ct.
95,23,White Topaz,6,WEIGHT,3597,1.55 ct.
95,23,White Topaz,6,WEIGHT,3603,1.6 ct.
95,23,White Topaz,6,WEIGHT,3605,10.5 ct.
95,23,White Topaz,6,WEIGHT,4509,14 ct.
95,23,White Topaz,6,WEIGHT,4703,15 cts.
95,23,White Topaz,6,WEIGHT,3553,16 ct.
95,23,White Topaz,6,WEIGHT,3561,2 ct.
95,23,White Topaz,6,WEIGHT,3608,2.05 ct.
95,23,White Topaz,6,WEIGHT,3521,2.4 ct.
95,23,White Topaz,6,WEIGHT,3581,2.5 ct.
95,23,White Topaz,6,WEIGHT,3583,2.75 ct.
95,23,White Topaz,6,WEIGHT,3609,2.9 ct.
95,23,White Topaz,6,WEIGHT,3606,22 ct.
95,23,White Topaz,6,WEIGHT,4501,24 ct.
95,23,White Topaz,6,WEIGHT,4511,27 ct.
95,23,White Topaz,6,WEIGHT,3611,3.4 ct.
95,23,White Topaz,6,WEIGHT,3584,3.5 ct.
95,23,White Topaz,6,WEIGHT,3549,4 ct.
95,23,White Topaz,6,WEIGHT,3610,4.4 ct.
95,23,White Topaz,6,WEIGHT,3528,4.5 ct.
95,23,White Topaz,6,WEIGHT,3598,5.75 ct.
95,23,White Topaz,6,WEIGHT,3529,6 ct.
95,23,White Topaz,6,WEIGHT,3530,7.5 ct.
95,23,White Topaz,6,WEIGHT,3593,8 ct.
95,23,White Topaz,6,WEIGHT,3600,8.5 ct.
95,23,White Topaz,6,WEIGHT,3604,8.8 ct.
95,23,White Topaz,6,WEIGHT,3612,9.5 ct.
95,23,White Topaz,7,SIZE,5984,10 mm
95,23,White Topaz,7,SIZE,6556,10x7 mm
95,23,White Topaz,7,SIZE,5996,10x8 mm
95,23,White Topaz,7,SIZE,5998,11x9 mm
95,23,White Topaz,7,SIZE,5920,12x10 mm
95,23,White Topaz,7,SIZE,6564,12x8 mm
95,23,White Topaz,7,SIZE,6550,14x10 mm
95,23,White Topaz,7,SIZE,5974,15 x 10 mm
95,23,White Topaz,7,SIZE,6565,15x10 mm
95,23,White Topaz,7,SIZE,6553,16x12 mm
95,23,White Topaz,7,SIZE,6961,18x11 mm
95,23,White Topaz,7,SIZE,6554,18x13 mm
95,23,White Topaz,7,SIZE,6360,2 mm
95,23,White Topaz,7,SIZE,7451,20 x 12 mm
95,23,White Topaz,7,SIZE,6555,20x15 mm
95,23,White Topaz,7,SIZE,8740,22 x 15 mm
95,23,White Topaz,7,SIZE,6344,3 mm
95,23,White Topaz,7,SIZE,7447,30 x 12 mm
95,23,White Topaz,7,SIZE,6177,4 mm
95,23,White Topaz,7,SIZE,6076,5 mm
95,23,White Topaz,7,SIZE,6535,5x3 mm
95,23,White Topaz,7,SIZE,6174,6 mm
95,23,White Topaz,7,SIZE,6568,6x3 mm
95,23,White Topaz,7,SIZE,6537,6x4 mm
95,23,White Topaz,7,SIZE,6176,7 mm
95,23,White Topaz,7,SIZE,6538,7x5 mm
95,23,White Topaz,7,SIZE,6263,8 mm
95,23,White Topaz,7,SIZE,6562,8x5 mm
95,23,White Topaz,7,SIZE,6060,8x6 mm
95,23,White Topaz,7,SIZE,6282,9 mm
95,23,White Topaz,7,SIZE,6563,9x6 mm
95,23,White Topaz,7,SIZE,6043,9x7 mm
95,23,White Topaz,8,COLOR,7501,White
95,23,White Topaz,10,SHAPE,7814,Briolette
95,23,White Topaz,10,SHAPE,7742,Emerald
95,23,White Topaz,10,SHAPE,7684,Marquise
95,23,White Topaz,10,SHAPE,7666,Oval
95,23,White Topaz,10,SHAPE,7672,Pear
95,23,White Topaz,10,SHAPE,7670,Round
95,23,White Topaz,10,SHAPE,7685,Square
95,23,White Topaz,10,SHAPE,7668,Trillion
95,23,White Topaz,11,LUSTER,7918,Nice
95,23,White Topaz,11,LUSTER,7925,Very Nice
95,23,White Topaz,12,HARDNESS,7947,8
95,23,White Topaz,13,GRADE,8037,AAA
95,23,White Topaz,19,NAME,8431,Topaz
95,23,White Topaz,19,NAME,8478,White Topaz
95,23,White Topaz,22,CLARITY,8721,SI
96,23,Fancy Carved Gemstones,1,TREATMENT,6,Natural
96,23,Fancy Carved Gemstones,1,TREATMENT,3,None
96,23,Fancy Carved Gemstones,1,TREATMENT,11,Treated
96,23,Fancy Carved Gemstones,2,ORIGIN,54,Afghanistan
96,23,Fancy Carved Gemstones,2,ORIGIN,21,Africa
96,23,Fancy Carved Gemstones,2,ORIGIN,42,Arizona
96,23,Fancy Carved Gemstones,2,ORIGIN,43,Brazil
96,23,Fancy Carved Gemstones,2,ORIGIN,23,India
96,23,Fancy Carved Gemstones,2,ORIGIN,56,USA
96,23,Fancy Carved Gemstones,3,CUT,61,Cabochon
96,23,Fancy Carved Gemstones,3,CUT,103,Carved
96,23,Fancy Carved Gemstones,3,CUT,99,Carving
96,23,Fancy Carved Gemstones,3,CUT,91,Checker Board
96,23,Fancy Carved Gemstones,3,CUT,60,Faceted
96,23,Fancy Carved Gemstones,4,CLARITY/GRADE,144,AAA
96,23,Fancy Carved Gemstones,4,CLARITY/GRADE,138,Opaque
96,23,Fancy Carved Gemstones,6,WEIGHT,3644,0.20 ct.
96,23,Fancy Carved Gemstones,6,WEIGHT,3558,0.5 ct.
96,23,Fancy Carved Gemstones,6,WEIGHT,3559,1 ct.
96,23,Fancy Carved Gemstones,6,WEIGHT,3669,1.35 ct.
96,23,Fancy Carved Gemstones,6,WEIGHT,4887,1.5 ct.
96,23,Fancy Carved Gemstones,6,WEIGHT,3591,1.75 ct.
96,23,Fancy Carved Gemstones,6,WEIGHT,3585,10 ct.
96,23,Fancy Carved Gemstones,6,WEIGHT,3605,10.5 ct.
96,23,Fancy Carved Gemstones,6,WEIGHT,4439,100 ct.
96,23,Fancy Carved Gemstones,6,WEIGHT,4822,106 ct.
96,23,Fancy Carved Gemstones,6,WEIGHT,4502,11 ct.
96,23,Fancy Carved Gemstones,6,WEIGHT,4500,11.5 ct.
96,23,Fancy Carved Gemstones,6,WEIGHT,4536,112 ct.
96,23,Fancy Carved Gemstones,6,WEIGHT,3552,12 ct.
96,23,Fancy Carved Gemstones,6,WEIGHT,3586,13 ct.
96,23,Fancy Carved Gemstones,6,WEIGHT,4521,13.5 ct.
96,23,Fancy Carved Gemstones,6,WEIGHT,4509,14 ct.
96,23,Fancy Carved Gemstones,6,WEIGHT,4518,14.75 ct.
96,23,Fancy Carved Gemstones,6,WEIGHT,3929,15 ct.
96,23,Fancy Carved Gemstones,6,WEIGHT,3553,16 ct.
96,23,Fancy Carved Gemstones,6,WEIGHT,4504,17 ct.
96,23,Fancy Carved Gemstones,6,WEIGHT,4507,18 ct.
96,23,Fancy Carved Gemstones,6,WEIGHT,4513,19 ct.
96,23,Fancy Carved Gemstones,6,WEIGHT,3561,2 ct.
96,23,Fancy Carved Gemstones,6,WEIGHT,3526,2.25 ct.
96,23,Fancy Carved Gemstones,6,WEIGHT,3581,2.5 ct.
96,23,Fancy Carved Gemstones,6,WEIGHT,3659,2.7 ct.
96,23,Fancy Carved Gemstones,6,WEIGHT,3554,20 ct.
96,23,Fancy Carved Gemstones,6,WEIGHT,4519,21 ct.
96,23,Fancy Carved Gemstones,6,WEIGHT,3606,22 ct.
96,23,Fancy Carved Gemstones,6,WEIGHT,4839,22.5 ct.
96,23,Fancy Carved Gemstones,6,WEIGHT,4824,230 ct.
96,23,Fancy Carved Gemstones,6,WEIGHT,4501,24 ct.
96,23,Fancy Carved Gemstones,6,WEIGHT,4498,26 ct.
96,23,Fancy Carved Gemstones,6,WEIGHT,4520,26.5 ct.
96,23,Fancy Carved Gemstones,6,WEIGHT,4511,27 ct.
96,23,Fancy Carved Gemstones,6,WEIGHT,4510,28 ct.
96,23,Fancy Carved Gemstones,6,WEIGHT,3538,3 ct.
96,23,Fancy Carved Gemstones,6,WEIGHT,3584,3.5 ct.
96,23,Fancy Carved Gemstones,6,WEIGHT,4383,30 ct.
96,23,Fancy Carved Gemstones,6,WEIGHT,4825,34 ct.
96,23,Fancy Carved Gemstones,6,WEIGHT,4508,35 ct.
96,23,Fancy Carved Gemstones,6,WEIGHT,4529,36 ct.
96,23,Fancy Carved Gemstones,6,WEIGHT,3549,4 ct.
96,23,Fancy Carved Gemstones,6,WEIGHT,4494,4.25 ct.
96,23,Fancy Carved Gemstones,6,WEIGHT,3528,4.5 ct.
96,23,Fancy Carved Gemstones,6,WEIGHT,4503,40 ct.
96,23,Fancy Carved Gemstones,6,WEIGHT,4842,45.8 ct.
96,23,Fancy Carved Gemstones,6,WEIGHT,4531,49 ct. (lot)
96,23,Fancy Carved Gemstones,6,WEIGHT,4823,49.5 ct.
96,23,Fancy Carved Gemstones,6,WEIGHT,3590,5 ct.
96,23,Fancy Carved Gemstones,6,WEIGHT,3592,5.5 ct.
96,23,Fancy Carved Gemstones,6,WEIGHT,4527,55 ct.
96,23,Fancy Carved Gemstones,6,WEIGHT,4841,57.85 ct.
96,23,Fancy Carved Gemstones,6,WEIGHT,3529,6 ct.
96,23,Fancy Carved Gemstones,6,WEIGHT,3550,6.5 ct.
96,23,Fancy Carved Gemstones,6,WEIGHT,4516,61.8 ct.
96,23,Fancy Carved Gemstones,6,WEIGHT,4606,62 ct.
96,23,Fancy Carved Gemstones,6,WEIGHT,4611,62.1 ct.
96,23,Fancy Carved Gemstones,6,WEIGHT,4607,65 ct.
96,23,Fancy Carved Gemstones,6,WEIGHT,3548,7 ct.
96,23,Fancy Carved Gemstones,6,WEIGHT,3530,7.5 ct.
96,23,Fancy Carved Gemstones,6,WEIGHT,4840,74 ct.
96,23,Fancy Carved Gemstones,6,WEIGHT,4535,75 ct.
96,23,Fancy Carved Gemstones,6,WEIGHT,4537,76 ct.
96,23,Fancy Carved Gemstones,6,WEIGHT,3593,8 ct.
96,23,Fancy Carved Gemstones,6,WEIGHT,3600,8.5 ct.
96,23,Fancy Carved Gemstones,6,WEIGHT,3531,9 ct.
96,23,Fancy Carved Gemstones,6,WEIGHT,4610,92 ct.
96,23,Fancy Carved Gemstones,7,SIZE,5984,10 mm
96,23,Fancy Carved Gemstones,7,SIZE,7198,10-12 mm
96,23,Fancy Carved Gemstones,7,SIZE,6866,10x10x7 mm
96,23,Fancy Carved Gemstones,7,SIZE,5996,10x8 mm
96,23,Fancy Carved Gemstones,7,SIZE,6890,10x9 mm
96,23,Fancy Carved Gemstones,7,SIZE,5977,11 mm
96,23,Fancy Carved Gemstones,7,SIZE,6551,12 mm
96,23,Fancy Carved Gemstones,7,SIZE,5920,12x10 mm
96,23,Fancy Carved Gemstones,7,SIZE,6865,12x10x7 mm
96,23,Fancy Carved Gemstones,7,SIZE,6552,13 mm
96,23,Fancy Carved Gemstones,7,SIZE,6272,14 mm
96,23,Fancy Carved Gemstones,7,SIZE,6550,14x10 mm
96,23,Fancy Carved Gemstones,7,SIZE,6558,14x12 mm
96,23,Fancy Carved Gemstones,7,SIZE,6857,14x7 mm
96,23,Fancy Carved Gemstones,7,SIZE,6887,14x8 mm
96,23,Fancy Carved Gemstones,7,SIZE,6852,15 mm
96,23,Fancy Carved Gemstones,7,SIZE,6565,15x10 mm
96,23,Fancy Carved Gemstones,7,SIZE,6872,16x10 mm
96,23,Fancy Carved Gemstones,7,SIZE,6553,16x12 mm
96,23,Fancy Carved Gemstones,7,SIZE,6861,16x14 mm
96,23,Fancy Carved Gemstones,7,SIZE,7218,16x14x6 mm
96,23,Fancy Carved Gemstones,7,SIZE,6855,16x8 mm
96,23,Fancy Carved Gemstones,7,SIZE,6922,16x9 mm
96,23,Fancy Carved Gemstones,7,SIZE,6870,18 mm
96,23,Fancy Carved Gemstones,7,SIZE,6961,18x11 mm
96,23,Fancy Carved Gemstones,7,SIZE,6892,18x12 mm
96,23,Fancy Carved Gemstones,7,SIZE,6554,18x13 mm
96,23,Fancy Carved Gemstones,7,SIZE,6860,18x14 mm
96,23,Fancy Carved Gemstones,7,SIZE,6871,20 mm
96,23,Fancy Carved Gemstones,7,SIZE,6878,20x12 mm
96,23,Fancy Carved Gemstones,7,SIZE,6901,20x13 mm
96,23,Fancy Carved Gemstones,7,SIZE,7217,20x13x6 mm
96,23,Fancy Carved Gemstones,7,SIZE,6915,20x14 mm
96,23,Fancy Carved Gemstones,7,SIZE,7214,20x14x6 mm
96,23,Fancy Carved Gemstones,7,SIZE,6555,20x15 mm
96,23,Fancy Carved Gemstones,7,SIZE,6900,20x8 mm
96,23,Fancy Carved Gemstones,7,SIZE,6902,22 mm
96,23,Fancy Carved Gemstones,7,SIZE,6559,22x16 mm
96,23,Fancy Carved Gemstones,7,SIZE,6928,24x18 mm
96,23,Fancy Carved Gemstones,7,SIZE,6964,25 mm
96,23,Fancy Carved Gemstones,7,SIZE,6904,26x18 mm
96,23,Fancy Carved Gemstones,7,SIZE,7211,26x26x5 mm
96,23,Fancy Carved Gemstones,7,SIZE,6924,30x20 mm
96,23,Fancy Carved Gemstones,7,SIZE,7212,30x20x7 mm
96,23,Fancy Carved Gemstones,7,SIZE,6957,30x21 mm
96,23,Fancy Carved Gemstones,7,SIZE,7192,30x25 mm
96,23,Fancy Carved Gemstones,7,SIZE,7195,32x32 mm
96,23,Fancy Carved Gemstones,7,SIZE,6921,33x20 mm
96,23,Fancy Carved Gemstones,7,SIZE,7213,35x24x10 mm
96,23,Fancy Carved Gemstones,7,SIZE,7194,35x35 mm
96,23,Fancy Carved Gemstones,7,SIZE,6177,4 mm
96,23,Fancy Carved Gemstones,7,SIZE,7210,40x25x7 mm
96,23,Fancy Carved Gemstones,7,SIZE,7220,40x26x8 mm
96,23,Fancy Carved Gemstones,7,SIZE,6923,45x24 mm
96,23,Fancy Carved Gemstones,7,SIZE,6909,45x30 mm
96,23,Fancy Carved Gemstones,7,SIZE,6076,5 mm
96,23,Fancy Carved Gemstones,7,SIZE,6911,50x30 mm
96,23,Fancy Carved Gemstones,7,SIZE,6913,50x40 mm
96,23,Fancy Carved Gemstones,7,SIZE,7193,50x50 mm
96,23,Fancy Carved Gemstones,7,SIZE,6191,7
96,23,Fancy Carved Gemstones,7,SIZE,6176,7 mm
96,23,Fancy Carved Gemstones,7,SIZE,6538,7x5 mm
96,23,Fancy Carved Gemstones,7,SIZE,6263,8 mm
96,23,Fancy Carved Gemstones,7,SIZE,6867,8x8x6 mm
96,23,Fancy Carved Gemstones,8,COLOR,7503,Black
96,23,Fancy Carved Gemstones,8,COLOR,7459,Blue
96,23,Fancy Carved Gemstones,8,COLOR,7596,Blue-Green
96,23,Fancy Carved Gemstones,8,COLOR,7636,Deep Blue
96,23,Fancy Carved Gemstones,8,COLOR,7469,Golden
96,23,Fancy Carved Gemstones,8,COLOR,7654,Golden Green
96,23,Fancy Carved Gemstones,8,COLOR,7481,Green
96,23,Fancy Carved Gemstones,8,COLOR,7507,Pink
96,23,Fancy Carved Gemstones,8,COLOR,7653,Red-Orange
96,23,Fancy Carved Gemstones,8,COLOR,7635,Rose
96,23,Fancy Carved Gemstones,8,COLOR,7607,Swiss blue
96,23,Fancy Carved Gemstones,8,COLOR,7506,Violet
96,23,Fancy Carved Gemstones,8,COLOR,7479,Violet Blue
96,23,Fancy Carved Gemstones,10,SHAPE,7814,Briolette
96,23,Fancy Carved Gemstones,10,SHAPE,7815,Carvings
96,23,Fancy Carved Gemstones,10,SHAPE,7695,Cushion
96,23,Fancy Carved Gemstones,10,SHAPE,7839,Donut
96,23,Fancy Carved Gemstones,10,SHAPE,7858,Donut Square
96,23,Fancy Carved Gemstones,10,SHAPE,7873,Drilled Nuggett
96,23,Fancy Carved Gemstones,10,SHAPE,7871,Drilled Oval
96,23,Fancy Carved Gemstones,10,SHAPE,7831,Drop
96,23,Fancy Carved Gemstones,10,SHAPE,7768,Fancy
96,23,Fancy Carved Gemstones,10,SHAPE,7841,Fancy Square
96,23,Fancy Carved Gemstones,10,SHAPE,7875,Flat Button Drop
96,23,Fancy Carved Gemstones,10,SHAPE,7877,Flat Nuggett
96,23,Fancy Carved Gemstones,10,SHAPE,7874,Flat Oval Drilled
96,23,Fancy Carved Gemstones,10,SHAPE,7694,Long Cushion
96,23,Fancy Carved Gemstones,10,SHAPE,7889,Nugget
96,23,Fancy Carved Gemstones,10,SHAPE,7666,Oval
96,23,Fancy Carved Gemstones,10,SHAPE,7840,Ring
96,23,Fancy Carved Gemstones,10,SHAPE,7670,Round
96,23,Fancy Carved Gemstones,10,SHAPE,7854,Round Bead
96,23,Fancy Carved Gemstones,10,SHAPE,7876,Round Flat Drop
96,23,Fancy Carved Gemstones,11,LUSTER,7915,Fine
96,23,Fancy Carved Gemstones,11,LUSTER,7918,Nice
96,23,Fancy Carved Gemstones,11,LUSTER,7927,Opaque
96,23,Fancy Carved Gemstones,11,LUSTER,7925,Very Nice
96,23,Fancy Carved Gemstones,12,HARDNESS,8033,5.0 - 5.5
96,23,Fancy Carved Gemstones,12,HARDNESS,7939,6.5 - 7.0
96,23,Fancy Carved Gemstones,12,HARDNESS,7933,7
96,23,Fancy Carved Gemstones,12,HARDNESS,7985,7
96,23,Fancy Carved Gemstones,12,HARDNESS,7934,7.0 - 7.5
96,23,Fancy Carved Gemstones,12,HARDNESS,7942,7.0 - 7.5
96,23,Fancy Carved Gemstones,12,HARDNESS,7947,8
96,23,Fancy Carved Gemstones,13,GRADE,8037,AAA
96,23,Fancy Carved Gemstones,19,NAME,8398,Amethyst
96,23,Fancy Carved Gemstones,19,NAME,8505,Carnelian
96,23,Fancy Carved Gemstones,19,NAME,8496,Chalcedony
96,23,Fancy Carved Gemstones,19,NAME,8494,Chrysoprase
96,23,Fancy Carved Gemstones,19,NAME,8456,Golden Citrine
96,23,Fancy Carved Gemstones,19,NAME,8492,Lapis
96,23,Fancy Carved Gemstones,19,NAME,8501,Onyx
96,23,Fancy Carved Gemstones,19,NAME,8490,Quartz
96,23,Fancy Carved Gemstones,19,NAME,8493,Rubelite Tourmaline
96,23,Fancy Carved Gemstones,19,NAME,8431,Topaz
96,23,Fancy Carved Gemstones,19,NAME,8404,Tourmaline
96,23,Fancy Carved Gemstones,30,AVAILABLE AS,8876,Semi-Precious Lot
96,23,Fancy Carved Gemstones,36,APPROX. NUMBER OF STONES,9440,4 Pcs.
97,81,Faceted Amethyst,1,TREATMENT,1,Heat Treated
97,81,Faceted Amethyst,1,TREATMENT,3,None
97,81,Faceted Amethyst,1,TREATMENT,11,Treated
97,81,Faceted Amethyst,2,ORIGIN,8726,Africa
97,81,Faceted Amethyst,2,ORIGIN,21,Africa
97,81,Faceted Amethyst,2,ORIGIN,43,Brazil
97,81,Faceted Amethyst,3,CUT,103,Carved
97,81,Faceted Amethyst,3,CUT,99,Carving
97,81,Faceted Amethyst,3,CUT,91,Checker Board
97,81,Faceted Amethyst,3,CUT,81,Diamond
97,81,Faceted Amethyst,3,CUT,60,Faceted
97,81,Faceted Amethyst,4,CLARITY/GRADE,157,A
97,81,Faceted Amethyst,4,CLARITY/GRADE,145,AA
97,81,Faceted Amethyst,4,CLARITY/GRADE,144,AAA
97,81,Faceted Amethyst,6,WEIGHT,3674,0.03 ct. Approx.
97,81,Faceted Amethyst,6,WEIGHT,3676,0.05 ct. Approx.
97,81,Faceted Amethyst,6,WEIGHT,3678,0.1 ct. Approx.
97,81,Faceted Amethyst,6,WEIGHT,3680,0.15 ct. Approx.
97,81,Faceted Amethyst,6,WEIGHT,3704,0.2 ct. Approx.
97,81,Faceted Amethyst,6,WEIGHT,3681,0.23 ct. Approx.
97,81,Faceted Amethyst,6,WEIGHT,3562,0.25 ct.
97,81,Faceted Amethyst,6,WEIGHT,3717,0.25 ct. Approx.
97,81,Faceted Amethyst,6,WEIGHT,3507,0.3 ct.
97,81,Faceted Amethyst,6,WEIGHT,3682,0.3 ct. Approx.
97,81,Faceted Amethyst,6,WEIGHT,3555,0.35 ct.
97,81,Faceted Amethyst,6,WEIGHT,3684,0.35 ct. Approx.
97,81,Faceted Amethyst,6,WEIGHT,3547,0.4 ct.
97,81,Faceted Amethyst,6,WEIGHT,3685,0.4 ct. Approx.
97,81,Faceted Amethyst,6,WEIGHT,3705,0.45 ct. Approx.
97,81,Faceted Amethyst,6,WEIGHT,3558,0.5 ct.
97,81,Faceted Amethyst,6,WEIGHT,3699,0.5 ct. Approx.
97,81,Faceted Amethyst,6,WEIGHT,3578,0.6 ct.
97,81,Faceted Amethyst,6,WEIGHT,3580,0.7 ct.
97,81,Faceted Amethyst,6,WEIGHT,3524,0.75 ct.
97,81,Faceted Amethyst,6,WEIGHT,3722,0.75 ct. Approx.
97,81,Faceted Amethyst,6,WEIGHT,3579,0.8 ct.
97,81,Faceted Amethyst,6,WEIGHT,3663,0.85 ct.
97,81,Faceted Amethyst,6,WEIGHT,3690,0.85 ct. Approx.
97,81,Faceted Amethyst,6,WEIGHT,3559,1 ct.
97,81,Faceted Amethyst,6,WEIGHT,3701,1 ct. Approx.
97,81,Faceted Amethyst,6,WEIGHT,3589,1.2 ct.
97,81,Faceted Amethyst,6,WEIGHT,2434,1.25 ct.
97,81,Faceted Amethyst,6,WEIGHT,3762,1.25 ct. Approx.
97,81,Faceted Amethyst,6,WEIGHT,3758,1.3 ct. Approx.
97,81,Faceted Amethyst,6,WEIGHT,4887,1.5 ct.
97,81,Faceted Amethyst,6,WEIGHT,3769,1.5 ct. Approx.
97,81,Faceted Amethyst,6,WEIGHT,3603,1.6 ct.
97,81,Faceted Amethyst,6,WEIGHT,3591,1.75 ct.
97,81,Faceted Amethyst,6,WEIGHT,3773,1.75 ct. Approx.
97,81,Faceted Amethyst,6,WEIGHT,3585,10 ct.
97,81,Faceted Amethyst,6,WEIGHT,3605,10.5 ct.
97,81,Faceted Amethyst,6,WEIGHT,3755,10.5 ct. Approx.
97,81,Faceted Amethyst,6,WEIGHT,4502,11 ct.
97,81,Faceted Amethyst,6,WEIGHT,3552,12 ct.
97,81,Faceted Amethyst,6,WEIGHT,3586,13 ct.
97,81,Faceted Amethyst,6,WEIGHT,4521,13.5 ct.
97,81,Faceted Amethyst,6,WEIGHT,4509,14 ct.
97,81,Faceted Amethyst,6,WEIGHT,3779,14.2 ct. Approx.
97,81,Faceted Amethyst,6,WEIGHT,4518,14.75 ct.
97,81,Faceted Amethyst,6,WEIGHT,3929,15 ct.
97,81,Faceted Amethyst,6,WEIGHT,3777,15 ct. Approx.
97,81,Faceted Amethyst,6,WEIGHT,3553,16 ct.
97,81,Faceted Amethyst,6,WEIGHT,4504,17 ct.
97,81,Faceted Amethyst,6,WEIGHT,4512,17.5 ct.
97,81,Faceted Amethyst,6,WEIGHT,4507,18 ct.
97,81,Faceted Amethyst,6,WEIGHT,8746,18.75 ct.
97,81,Faceted Amethyst,6,WEIGHT,4513,19 ct.
97,81,Faceted Amethyst,6,WEIGHT,3561,2 ct.
97,81,Faceted Amethyst,6,WEIGHT,3768,2 ct. Approx.
97,81,Faceted Amethyst,6,WEIGHT,3759,2.05 ct. Approx.
97,81,Faceted Amethyst,6,WEIGHT,3588,2.2 ct.
97,81,Faceted Amethyst,6,WEIGHT,3526,2.25 ct.
97,81,Faceted Amethyst,6,WEIGHT,3763,2.4 ct. Approx.
97,81,Faceted Amethyst,6,WEIGHT,3581,2.5 ct.
97,81,Faceted Amethyst,6,WEIGHT,3703,2.5 ct. Approx.
97,81,Faceted Amethyst,6,WEIGHT,3659,2.7 ct.
97,81,Faceted Amethyst,6,WEIGHT,3583,2.75 ct.
97,81,Faceted Amethyst,6,WEIGHT,3727,2.75 ct. Approx.
97,81,Faceted Amethyst,6,WEIGHT,3627,2.8 ct.
97,81,Faceted Amethyst,6,WEIGHT,3760,2.9 ct. Approx.
97,81,Faceted Amethyst,6,WEIGHT,3554,20 ct.
97,81,Faceted Amethyst,6,WEIGHT,3778,20 ct. Approx.
97,81,Faceted Amethyst,6,WEIGHT,3780,20.3 ct. Approx.
97,81,Faceted Amethyst,6,WEIGHT,3587,20.65 ct.
97,81,Faceted Amethyst,6,WEIGHT,4519,21 ct.
97,81,Faceted Amethyst,6,WEIGHT,3606,22 ct.
97,81,Faceted Amethyst,6,WEIGHT,4501,24 ct.
97,81,Faceted Amethyst,6,WEIGHT,4520,26.5 ct.
97,81,Faceted Amethyst,6,WEIGHT,4511,27 ct.
97,81,Faceted Amethyst,6,WEIGHT,3538,3 ct.
97,81,Faceted Amethyst,6,WEIGHT,3770,3 ct. Approx.
97,81,Faceted Amethyst,6,WEIGHT,3774,3.2 ct. Approx.
97,81,Faceted Amethyst,6,WEIGHT,3582,3.25 ct.
97,81,Faceted Amethyst,6,WEIGHT,4319,3.3 ct.
97,81,Faceted Amethyst,6,WEIGHT,3584,3.5 ct.
97,81,Faceted Amethyst,6,WEIGHT,3751,3.5 ct. Approx.
97,81,Faceted Amethyst,6,WEIGHT,4508,35 ct.
97,81,Faceted Amethyst,6,WEIGHT,3549,4 ct.
97,81,Faceted Amethyst,6,WEIGHT,3765,4 ct. Approx.
97,81,Faceted Amethyst,6,WEIGHT,3761,4.4 ct. Approx.
97,81,Faceted Amethyst,6,WEIGHT,3528,4.5 ct.
97,81,Faceted Amethyst,6,WEIGHT,3752,4.5 ct. Approx.
97,81,Faceted Amethyst,6,WEIGHT,4337,4.9 ct.
97,81,Faceted Amethyst,6,WEIGHT,3590,5 ct.
97,81,Faceted Amethyst,6,WEIGHT,3712,5 ct. Approx.
97,81,Faceted Amethyst,6,WEIGHT,3592,5.5 ct.
97,81,Faceted Amethyst,6,WEIGHT,3771,5.5 ct. Approx.
97,81,Faceted Amethyst,6,WEIGHT,3529,6 ct.
97,81,Faceted Amethyst,6,WEIGHT,3753,6 ct. Approx.
97,81,Faceted Amethyst,6,WEIGHT,4492,6.25 ct.
97,81,Faceted Amethyst,6,WEIGHT,3550,6.5 ct.
97,81,Faceted Amethyst,6,WEIGHT,3775,6.5 ct. Approx.
97,81,Faceted Amethyst,6,WEIGHT,4516,61.8 ct.
97,81,Faceted Amethyst,6,WEIGHT,3548,7 ct.
97,81,Faceted Amethyst,6,WEIGHT,3530,7.5 ct.
97,81,Faceted Amethyst,6,WEIGHT,3593,8 ct.
97,81,Faceted Amethyst,6,WEIGHT,3772,8.3 ct. Approx.
97,81,Faceted Amethyst,6,WEIGHT,3600,8.5 ct.
97,81,Faceted Amethyst,6,WEIGHT,3776,8.5 ct. Approx.
97,81,Faceted Amethyst,6,WEIGHT,3531,9 ct.
97,81,Faceted Amethyst,7,SIZE,5984,10 mm
97,81,Faceted Amethyst,7,SIZE,9889,10 x 15 mm
97,81,Faceted Amethyst,7,SIZE,5969,10 x 8 mm
97,81,Faceted Amethyst,7,SIZE,6854,10x10 mm
97,81,Faceted Amethyst,7,SIZE,6561,10x5 mm
97,81,Faceted Amethyst,7,SIZE,6556,10x7 mm
97,81,Faceted Amethyst,7,SIZE,5996,10x8 mm
97,81,Faceted Amethyst,7,SIZE,5977,11 mm
97,81,Faceted Amethyst,7,SIZE,5983,11 x 9 mm
97,81,Faceted Amethyst,7,SIZE,6893,11x7 mm
97,81,Faceted Amethyst,7,SIZE,5998,11x9 mm
97,81,Faceted Amethyst,7,SIZE,6551,12 mm
97,81,Faceted Amethyst,7,SIZE,7417,12 x 10 mm
97,81,Faceted Amethyst,7,SIZE,7438,12 x 6 mm
97,81,Faceted Amethyst,7,SIZE,7456,12 x 8 mm
97,81,Faceted Amethyst,7,SIZE,5920,12x10 mm
97,81,Faceted Amethyst,7,SIZE,5924,12x6 mm
97,81,Faceted Amethyst,7,SIZE,6564,12x8 mm
97,81,Faceted Amethyst,7,SIZE,6552,13 mm
97,81,Faceted Amethyst,7,SIZE,6891,13x6 mm
97,81,Faceted Amethyst,7,SIZE,6917,13x8 mm
97,81,Faceted Amethyst,7,SIZE,9847,13x9 mm
97,81,Faceted Amethyst,7,SIZE,6272,14 mm
97,81,Faceted Amethyst,7,SIZE,7331,14 x 10 mm
97,81,Faceted Amethyst,7,SIZE,7433,14 x 9 mm
97,81,Faceted Amethyst,7,SIZE,6550,14x10 mm
97,81,Faceted Amethyst,7,SIZE,6558,14x12 mm
97,81,Faceted Amethyst,7,SIZE,6887,14x8 mm
97,81,Faceted Amethyst,7,SIZE,6852,15 mm
97,81,Faceted Amethyst,7,SIZE,5974,15 x 10 mm
97,81,Faceted Amethyst,7,SIZE,7410,15 x 15 mm
97,81,Faceted Amethyst,7,SIZE,7232,15x 7 mm
97,81,Faceted Amethyst,7,SIZE,6565,15x10 mm
97,81,Faceted Amethyst,7,SIZE,6570,15x7 mm
97,81,Faceted Amethyst,7,SIZE,6885,16 mm
97,81,Faceted Amethyst,7,SIZE,7424,16 x 12 mm
97,81,Faceted Amethyst,7,SIZE,7330,16 x 8 mm
97,81,Faceted Amethyst,7,SIZE,6872,16x10 mm
97,81,Faceted Amethyst,7,SIZE,6553,16x12 mm
97,81,Faceted Amethyst,7,SIZE,6894,17x10 mm
97,81,Faceted Amethyst,7,SIZE,6895,17x12 mm
97,81,Faceted Amethyst,7,SIZE,6870,18 mm
97,81,Faceted Amethyst,7,SIZE,7432,18 x 13 mm
97,81,Faceted Amethyst,7,SIZE,7434,18 x 9 mm
97,81,Faceted Amethyst,7,SIZE,6864,18x10 mm
97,81,Faceted Amethyst,7,SIZE,6892,18x12 mm
97,81,Faceted Amethyst,7,SIZE,6554,18x13 mm
97,81,Faceted Amethyst,7,SIZE,6886,18x16 mm
97,81,Faceted Amethyst,7,SIZE,6360,2 mm
97,81,Faceted Amethyst,7,SIZE,6871,20 mm
97,81,Faceted Amethyst,7,SIZE,7451,20 x 12 mm
97,81,Faceted Amethyst,7,SIZE,7329,20 x 15 mm
97,81,Faceted Amethyst,7,SIZE,6873,20x10 mm
97,81,Faceted Amethyst,7,SIZE,6555,20x15 mm
97,81,Faceted Amethyst,7,SIZE,6900,20x8 mm
97,81,Faceted Amethyst,7,SIZE,6902,22 mm
97,81,Faceted Amethyst,7,SIZE,6862,22x12 mm
97,81,Faceted Amethyst,7,SIZE,6559,22x16 mm
97,81,Faceted Amethyst,7,SIZE,7332,25 x 15 mm
97,81,Faceted Amethyst,7,SIZE,6905,25x18 mm
97,81,Faceted Amethyst,7,SIZE,6906,25x20 mm
97,81,Faceted Amethyst,7,SIZE,5884,25x20 mm
97,81,Faceted Amethyst,7,SIZE,6937,27x11 mm
97,81,Faceted Amethyst,7,SIZE,6875,28x9 mm
97,81,Faceted Amethyst,7,SIZE,6344,3 mm
97,81,Faceted Amethyst,7,SIZE,6938,30x10 mm
97,81,Faceted Amethyst,7,SIZE,6863,30x15 mm
97,81,Faceted Amethyst,7,SIZE,6177,4 mm
97,81,Faceted Amethyst,7,SIZE,6566,4x2 mm
97,81,Faceted Amethyst,7,SIZE,6888,4x3mm
97,81,Faceted Amethyst,7,SIZE,6076,5 mm
97,81,Faceted Amethyst,7,SIZE,6567,5x2.5 mm
97,81,Faceted Amethyst,7,SIZE,6535,5x3 mm
97,81,Faceted Amethyst,7,SIZE,6174,6 mm
97,81,Faceted Amethyst,7,SIZE,6568,6x3 mm
97,81,Faceted Amethyst,7,SIZE,6537,6x4 mm
97,81,Faceted Amethyst,7,SIZE,6557,6x8 mm
97,81,Faceted Amethyst,7,SIZE,6176,7 mm
97,81,Faceted Amethyst,7,SIZE,6538,7x5 mm
97,81,Faceted Amethyst,7,SIZE,6263,8 mm
97,81,Faceted Amethyst,7,SIZE,7301,8 x 5 mm
97,81,Faceted Amethyst,7,SIZE,7290,8 x 6 mm
97,81,Faceted Amethyst,7,SIZE,6569,8x4 mm
97,81,Faceted Amethyst,7,SIZE,6562,8x5 mm
97,81,Faceted Amethyst,7,SIZE,6060,8x6 mm
97,81,Faceted Amethyst,7,SIZE,6282,9 mm
97,81,Faceted Amethyst,7,SIZE,7300,9 x 7 mm
97,81,Faceted Amethyst,7,SIZE,6563,9x6 mm
97,81,Faceted Amethyst,7,SIZE,6043,9x7 mm
97,81,Faceted Amethyst,7,SIZE,6560,9x9 mm
97,81,Faceted Amethyst,8,COLOR,7481,Green
97,81,Faceted Amethyst,8,COLOR,7507,Pink
97,81,Faceted Amethyst,8,COLOR,7506,Violet
97,81,Faceted Amethyst,8,COLOR,7462,Violet/Purple
97,81,Faceted Amethyst,10,SHAPE,7827,Antique Cushion
97,81,Faceted Amethyst,10,SHAPE,7811,Barrel
97,81,Faceted Amethyst,10,SHAPE,7814,Briolette
97,81,Faceted Amethyst,10,SHAPE,7848,Briolette Drop
97,81,Faceted Amethyst,10,SHAPE,7820,Bullet
97,81,Faceted Amethyst,10,SHAPE,7753,Bullet Shape Oval
97,81,Faceted Amethyst,10,SHAPE,7755,Checker Board Long Cushion
97,81,Faceted Amethyst,10,SHAPE,7695,Cushion
97,81,Faceted Amethyst,10,SHAPE,7752,Cushion Buff Top
97,81,Faceted Amethyst,10,SHAPE,7679,Cushion Checker board
97,81,Faceted Amethyst,10,SHAPE,7749,Cushion Roll Top
97,81,Faceted Amethyst,10,SHAPE,7831,Drop
97,81,Faceted Amethyst,10,SHAPE,7768,Fancy
97,81,Faceted Amethyst,10,SHAPE,7717,Heart
97,81,Faceted Amethyst,10,SHAPE,7830,Long Bullet
97,81,Faceted Amethyst,10,SHAPE,7694,Long Cushion
97,81,Faceted Amethyst,10,SHAPE,7748,Long Cushion Roll Top
97,81,Faceted Amethyst,10,SHAPE,7684,Marquise
97,81,Faceted Amethyst,10,SHAPE,7689,Octagon
97,81,Faceted Amethyst,10,SHAPE,7666,Oval
97,81,Faceted Amethyst,10,SHAPE,7672,Pear
97,81,Faceted Amethyst,10,SHAPE,7762,Roll Top Cushion
97,81,Faceted Amethyst,10,SHAPE,7757,Roll Top Oval
97,81,Faceted Amethyst,10,SHAPE,7759,Roll Top Round
97,81,Faceted Amethyst,10,SHAPE,7758,Roll Top Trillion
97,81,Faceted Amethyst,10,SHAPE,7670,Round
97,81,Faceted Amethyst,10,SHAPE,7819,Round Briolette
97,81,Faceted Amethyst,10,SHAPE,7756,Round Bullet
97,81,Faceted Amethyst,10,SHAPE,7746,Round Roll Top
97,81,Faceted Amethyst,10,SHAPE,7685,Square
97,81,Faceted Amethyst,10,SHAPE,7668,Trillion
97,81,Faceted Amethyst,10,SHAPE,7747,Trillion Toll Top
97,81,Faceted Amethyst,11,LUSTER,7929,Fair
97,81,Faceted Amethyst,11,LUSTER,7915,Fine
97,81,Faceted Amethyst,11,LUSTER,7918,Nice
97,81,Faceted Amethyst,11,LUSTER,7924,Super Fine
97,81,Faceted Amethyst,11,LUSTER,7925,Very Nice
97,81,Faceted Amethyst,12,HARDNESS,7933,7
97,81,Faceted Amethyst,12,HARDNESS,7947,8
97,81,Faceted Amethyst,13,GRADE,8040,A
97,81,Faceted Amethyst,13,GRADE,8038,AA
97,81,Faceted Amethyst,13,GRADE,8037,AAA
97,81,Faceted Amethyst,19,NAME,8398,Amethyst
97,81,Faceted Amethyst,19,NAME,8472,Amethyst
97,81,Faceted Amethyst,19,NAME,8475,Brazilian Amethyst
97,81,Faceted Amethyst,20,DEPTH,8745,8 mm
97,81,Faceted Amethyst,22,CLARITY,8594,"Clean, Bright"
97,81,Faceted Amethyst,22,CLARITY,8722,Frosted
97,81,Faceted Amethyst,22,CLARITY,8595,Regular
97,81,Faceted Amethyst,22,CLARITY,8721,SI
97,81,Faceted Amethyst,22,CLARITY,8593,Top Clean/Superior
98,81,Cabochon Amethyst,1,TREATMENT,6,Natural
98,81,Cabochon Amethyst,1,TREATMENT,11,Treated
98,81,Cabochon Amethyst,2,ORIGIN,21,Africa
98,81,Cabochon Amethyst,3,CUT,61,Cabochon
98,81,Cabochon Amethyst,4,CLARITY/GRADE,157,A
98,81,Cabochon Amethyst,4,CLARITY/GRADE,145,AA
98,81,Cabochon Amethyst,4,CLARITY/GRADE,144,AAA
98,81,Cabochon Amethyst,4,CLARITY/GRADE,151,Commercial
98,81,Cabochon Amethyst,4,CLARITY/GRADE,193,Super
98,81,Cabochon Amethyst,6,WEIGHT,3551,0.05 ct.
98,81,Cabochon Amethyst,6,WEIGHT,3533,0.09 ct.
98,81,Cabochon Amethyst,6,WEIGHT,3534,0.15 ct.
98,81,Cabochon Amethyst,6,WEIGHT,3535,0.24 ct.
98,81,Cabochon Amethyst,6,WEIGHT,3507,0.3 ct.
98,81,Cabochon Amethyst,6,WEIGHT,3523,0.37 ct.
98,81,Cabochon Amethyst,6,WEIGHT,3547,0.4 ct.
98,81,Cabochon Amethyst,6,WEIGHT,3558,0.5 ct.
98,81,Cabochon Amethyst,6,WEIGHT,3543,0.65 ct.
98,81,Cabochon Amethyst,6,WEIGHT,3524,0.75 ct.
98,81,Cabochon Amethyst,6,WEIGHT,3579,0.8 ct.
98,81,Cabochon Amethyst,6,WEIGHT,3536,1.12 ct.
98,81,Cabochon Amethyst,6,WEIGHT,2434,1.25 ct.
98,81,Cabochon Amethyst,6,WEIGHT,4887,1.5 ct.
98,81,Cabochon Amethyst,6,WEIGHT,3591,1.75 ct.
98,81,Cabochon Amethyst,6,WEIGHT,3537,1.87 ct.
98,81,Cabochon Amethyst,6,WEIGHT,3544,1.95 ct.
98,81,Cabochon Amethyst,6,WEIGHT,3585,10 ct.
98,81,Cabochon Amethyst,6,WEIGHT,4500,11.5 ct.
98,81,Cabochon Amethyst,6,WEIGHT,3542,11.62 ct.
98,81,Cabochon Amethyst,6,WEIGHT,3552,12 ct.
98,81,Cabochon Amethyst,6,WEIGHT,3586,13 ct.
98,81,Cabochon Amethyst,6,WEIGHT,3929,15 ct.
98,81,Cabochon Amethyst,6,WEIGHT,3561,2 ct.
98,81,Cabochon Amethyst,6,WEIGHT,3526,2.25 ct.
98,81,Cabochon Amethyst,6,WEIGHT,3581,2.5 ct.
98,81,Cabochon Amethyst,6,WEIGHT,3554,20 ct.
98,81,Cabochon Amethyst,6,WEIGHT,3538,3 ct.
98,81,Cabochon Amethyst,6,WEIGHT,3545,3.07 ct.
98,81,Cabochon Amethyst,6,WEIGHT,3584,3.5 ct.
98,81,Cabochon Amethyst,6,WEIGHT,3527,3.75 ct.
98,81,Cabochon Amethyst,6,WEIGHT,3549,4 ct.
98,81,Cabochon Amethyst,6,WEIGHT,3539,4.12 ct.
98,81,Cabochon Amethyst,6,WEIGHT,3528,4.5 ct.
98,81,Cabochon Amethyst,6,WEIGHT,3590,5 ct.
98,81,Cabochon Amethyst,6,WEIGHT,3540,5.25 ct.
98,81,Cabochon Amethyst,6,WEIGHT,3529,6 ct.
98,81,Cabochon Amethyst,6,WEIGHT,3550,6.5 ct.
98,81,Cabochon Amethyst,6,WEIGHT,3541,6.9 ct.
98,81,Cabochon Amethyst,6,WEIGHT,3530,7.5 ct.
98,81,Cabochon Amethyst,6,WEIGHT,3600,8.5 ct.
98,81,Cabochon Amethyst,6,WEIGHT,3531,9 ct.
98,81,Cabochon Amethyst,7,SIZE,5984,10 mm
98,81,Cabochon Amethyst,7,SIZE,6561,10x5 mm
98,81,Cabochon Amethyst,7,SIZE,5996,10x8 mm
98,81,Cabochon Amethyst,7,SIZE,5977,11 mm
98,81,Cabochon Amethyst,7,SIZE,5998,11x9 mm
98,81,Cabochon Amethyst,7,SIZE,6551,12 mm
98,81,Cabochon Amethyst,7,SIZE,5920,12x10 mm
98,81,Cabochon Amethyst,7,SIZE,5924,12x6 mm
98,81,Cabochon Amethyst,7,SIZE,6552,13 mm
98,81,Cabochon Amethyst,7,SIZE,6272,14 mm
98,81,Cabochon Amethyst,7,SIZE,6550,14x10 mm
98,81,Cabochon Amethyst,7,SIZE,6558,14x12 mm
98,81,Cabochon Amethyst,7,SIZE,6868,14x6 mm
98,81,Cabochon Amethyst,7,SIZE,6852,15 mm
98,81,Cabochon Amethyst,7,SIZE,6885,16 mm
98,81,Cabochon Amethyst,7,SIZE,6553,16x12 mm
98,81,Cabochon Amethyst,7,SIZE,6870,18 mm
98,81,Cabochon Amethyst,7,SIZE,6360,2 mm
98,81,Cabochon Amethyst,7,SIZE,6363,2.5 mm
98,81,Cabochon Amethyst,7,SIZE,6344,3 mm
98,81,Cabochon Amethyst,7,SIZE,6362,3.5 mm
98,81,Cabochon Amethyst,7,SIZE,6177,4 mm
98,81,Cabochon Amethyst,7,SIZE,6076,5 mm
98,81,Cabochon Amethyst,7,SIZE,6535,5x3 mm
98,81,Cabochon Amethyst,7,SIZE,6174,6 mm
98,81,Cabochon Amethyst,7,SIZE,6537,6x4 mm
98,81,Cabochon Amethyst,7,SIZE,6176,7 mm
98,81,Cabochon Amethyst,7,SIZE,6538,7x5 mm
98,81,Cabochon Amethyst,7,SIZE,6263,8 mm
98,81,Cabochon Amethyst,7,SIZE,6569,8x4 mm
98,81,Cabochon Amethyst,7,SIZE,6060,8x6 mm
98,81,Cabochon Amethyst,7,SIZE,6282,9 mm
98,81,Cabochon Amethyst,7,SIZE,6043,9x7 mm
98,81,Cabochon Amethyst,8,COLOR,7606,Dark Purple
98,81,Cabochon Amethyst,8,COLOR,7506,Violet
98,81,Cabochon Amethyst,10,SHAPE,7695,Cushion
98,81,Cabochon Amethyst,10,SHAPE,7742,Emerald
98,81,Cabochon Amethyst,10,SHAPE,7694,Long Cushion
98,81,Cabochon Amethyst,10,SHAPE,7666,Oval
98,81,Cabochon Amethyst,10,SHAPE,7834,Oval Bullet
98,81,Cabochon Amethyst,10,SHAPE,7670,Round
98,81,Cabochon Amethyst,10,SHAPE,7756,Round Bullet
98,81,Cabochon Amethyst,10,SHAPE,7685,Square
98,81,Cabochon Amethyst,10,SHAPE,7668,Trillion
98,81,Cabochon Amethyst,11,LUSTER,7915,Fine
98,81,Cabochon Amethyst,11,LUSTER,7918,Nice
98,81,Cabochon Amethyst,12,HARDNESS,7933,7
98,81,Cabochon Amethyst,12,HARDNESS,7947,8
98,81,Cabochon Amethyst,19,NAME,8472,Amethyst
98,81,Cabochon Amethyst,19,NAME,8398,Amethyst
101,33,Faceted Citrine,1,TREATMENT,1,Heat Treated
101,33,Faceted Citrine,1,TREATMENT,11,Treated
101,33,Faceted Citrine,2,ORIGIN,43,Brazil
101,33,Faceted Citrine,3,CUT,96,Barrel
101,33,Faceted Citrine,3,CUT,98,Bullet
101,33,Faceted Citrine,3,CUT,99,Carving
101,33,Faceted Citrine,3,CUT,91,Checker Board
101,33,Faceted Citrine,3,CUT,90,Diamond Cut
101,33,Faceted Citrine,3,CUT,60,Faceted
101,33,Faceted Citrine,3,CUT,79,Princess Cut
101,33,Faceted Citrine,4,CLARITY/GRADE,157,A
101,33,Faceted Citrine,4,CLARITY/GRADE,145,AA
101,33,Faceted Citrine,4,CLARITY/GRADE,144,AAA
101,33,Faceted Citrine,4,CLARITY/GRADE,138,Opaque
101,33,Faceted Citrine,4,CLARITY/GRADE,127,SI
101,33,Faceted Citrine,4,CLARITY/GRADE,193,Super
101,33,Faceted Citrine,6,WEIGHT,3507,0.3 ct.
101,33,Faceted Citrine,6,WEIGHT,3547,0.4 ct.
101,33,Faceted Citrine,6,WEIGHT,3558,0.5 ct.
101,33,Faceted Citrine,6,WEIGHT,3578,0.6 ct.
101,33,Faceted Citrine,6,WEIGHT,3543,0.65 ct.
101,33,Faceted Citrine,6,WEIGHT,3524,0.75 ct.
101,33,Faceted Citrine,6,WEIGHT,3579,0.8 ct.
101,33,Faceted Citrine,6,WEIGHT,3515,0.9 ct.
101,33,Faceted Citrine,6,WEIGHT,3559,1 ct.
101,33,Faceted Citrine,6,WEIGHT,3589,1.2 ct.
101,33,Faceted Citrine,6,WEIGHT,2434,1.25 ct.
101,33,Faceted Citrine,6,WEIGHT,4887,1.5 ct.
101,33,Faceted Citrine,6,WEIGHT,3603,1.6 ct.
101,33,Faceted Citrine,6,WEIGHT,3591,1.75 ct.
101,33,Faceted Citrine,6,WEIGHT,3585,10 ct.
101,33,Faceted Citrine,6,WEIGHT,397,10.7 Carats
101,33,Faceted Citrine,6,WEIGHT,392,10.89 Carats
101,33,Faceted Citrine,6,WEIGHT,4502,11 ct.
101,33,Faceted Citrine,6,WEIGHT,4500,11.5 ct.
101,33,Faceted Citrine,6,WEIGHT,383,12.47 Carats
101,33,Faceted Citrine,6,WEIGHT,4497,12.8 ct.
101,33,Faceted Citrine,6,WEIGHT,381,13.5 Carats
101,33,Faceted Citrine,6,WEIGHT,394,13.67 Carats
101,33,Faceted Citrine,6,WEIGHT,410,14.66 Carats
101,33,Faceted Citrine,6,WEIGHT,384,15.67 Carats
101,33,Faceted Citrine,6,WEIGHT,389,16.42 Carats
101,33,Faceted Citrine,6,WEIGHT,386,19.43 Carats
101,33,Faceted Citrine,6,WEIGHT,3561,2 ct.
101,33,Faceted Citrine,6,WEIGHT,3526,2.25 ct.
101,33,Faceted Citrine,6,WEIGHT,3521,2.4 ct.
101,33,Faceted Citrine,6,WEIGHT,3581,2.5 ct.
101,33,Faceted Citrine,6,WEIGHT,4323,2.65 ct.
101,33,Faceted Citrine,6,WEIGHT,3583,2.75 ct.
101,33,Faceted Citrine,6,WEIGHT,396,20.22 Carats
101,33,Faceted Citrine,6,WEIGHT,395,23.03 Carats
101,33,Faceted Citrine,6,WEIGHT,382,23.39 Carats
101,33,Faceted Citrine,6,WEIGHT,4501,24 ct.
101,33,Faceted Citrine,6,WEIGHT,391,24.35 Carats
101,33,Faceted Citrine,6,WEIGHT,4498,26 ct.
101,33,Faceted Citrine,6,WEIGHT,3538,3 ct.
101,33,Faceted Citrine,6,WEIGHT,3584,3.5 ct.
101,33,Faceted Citrine,6,WEIGHT,3527,3.75 ct.
101,33,Faceted Citrine,6,WEIGHT,387,38.65 Carats
101,33,Faceted Citrine,6,WEIGHT,3549,4 ct.
101,33,Faceted Citrine,6,WEIGHT,3528,4.5 ct.
101,33,Faceted Citrine,6,WEIGHT,4316,4.7 ct.
101,33,Faceted Citrine,6,WEIGHT,4496,4.75 ct.
101,33,Faceted Citrine,6,WEIGHT,4337,4.9 ct.
101,33,Faceted Citrine,6,WEIGHT,3590,5 ct.
101,33,Faceted Citrine,6,WEIGHT,3592,5.5 ct.
101,33,Faceted Citrine,6,WEIGHT,3529,6 ct.
101,33,Faceted Citrine,6,WEIGHT,3548,7 ct.
101,33,Faceted Citrine,6,WEIGHT,3530,7.5 ct.
101,33,Faceted Citrine,6,WEIGHT,3593,8 ct.
101,33,Faceted Citrine,6,WEIGHT,3600,8.5 ct.
101,33,Faceted Citrine,6,WEIGHT,3531,9 ct.
101,33,Faceted Citrine,7,SIZE,5984,10 mm
101,33,Faceted Citrine,7,SIZE,7439,10 x 5 mm
101,33,Faceted Citrine,7,SIZE,5231,10.0X10.0mm
101,33,Faceted Citrine,7,SIZE,5011,10.0x8.0 mm.
101,33,Faceted Citrine,7,SIZE,5996,10x8 mm
101,33,Faceted Citrine,7,SIZE,5977,11 mm
101,33,Faceted Citrine,7,SIZE,5010,11.0x9.0 mm.
101,33,Faceted Citrine,7,SIZE,5998,11x9 mm
101,33,Faceted Citrine,7,SIZE,6551,12 mm
101,33,Faceted Citrine,7,SIZE,5230,12.0X10.0mm
101,33,Faceted Citrine,7,SIZE,5920,12x10 mm
101,33,Faceted Citrine,7,SIZE,6564,12x8 mm
101,33,Faceted Citrine,7,SIZE,6552,13 mm
101,33,Faceted Citrine,7,SIZE,6272,14 mm
101,33,Faceted Citrine,7,SIZE,6550,14x10 mm
101,33,Faceted Citrine,7,SIZE,6558,14x12 mm
101,33,Faceted Citrine,7,SIZE,6868,14x6 mm
101,33,Faceted Citrine,7,SIZE,6852,15 mm
101,33,Faceted Citrine,7,SIZE,7395,15 x 7 mm
101,33,Faceted Citrine,7,SIZE,7424,16 x 12 mm
101,33,Faceted Citrine,7,SIZE,7389,16 x 7 mm
101,33,Faceted Citrine,7,SIZE,6861,16x14 mm
101,33,Faceted Citrine,7,SIZE,6871,20 mm
101,33,Faceted Citrine,7,SIZE,6862,22x12 mm
101,33,Faceted Citrine,7,SIZE,6863,30x15 mm
101,33,Faceted Citrine,7,SIZE,6177,4 mm
101,33,Faceted Citrine,7,SIZE,6076,5 mm
101,33,Faceted Citrine,7,SIZE,5060,5.0x5.0 mm
101,33,Faceted Citrine,7,SIZE,6174,6 mm
101,33,Faceted Citrine,7,SIZE,5017,6.0x4.0 mm.
101,33,Faceted Citrine,7,SIZE,5061,6.0x6.0 mm
101,33,Faceted Citrine,7,SIZE,6537,6x4 mm
101,33,Faceted Citrine,7,SIZE,6176,7 mm
101,33,Faceted Citrine,7,SIZE,5014,7.0x5.0 mm.
101,33,Faceted Citrine,7,SIZE,5062,7.0x7.0 mm
101,33,Faceted Citrine,7,SIZE,6538,7x5 mm
101,33,Faceted Citrine,7,SIZE,6615,7x9 mm
101,33,Faceted Citrine,7,SIZE,6263,8 mm
101,33,Faceted Citrine,7,SIZE,5013,8.0x6.0 mm.
101,33,Faceted Citrine,7,SIZE,5063,8.0x8.0 mm
101,33,Faceted Citrine,7,SIZE,6060,8x6 mm
101,33,Faceted Citrine,7,SIZE,6282,9 mm
101,33,Faceted Citrine,7,SIZE,6067,9.0x7.0 mm
101,33,Faceted Citrine,7,SIZE,5064,9.0x9.0 mm
101,33,Faceted Citrine,7,SIZE,6043,9x7 mm
101,33,Faceted Citrine,7,SIZE,5914,N/A
101,33,Faceted Citrine,8,COLOR,7469,Golden
101,33,Faceted Citrine,8,COLOR,7488,Golden Yellow
101,33,Faceted Citrine,8,COLOR,7648,Madira
101,33,Faceted Citrine,10,SHAPE,7821,Antique cushion
101,33,Faceted Citrine,10,SHAPE,7820,Bullet
101,33,Faceted Citrine,10,SHAPE,7769,Bullet Shape
101,33,Faceted Citrine,10,SHAPE,7695,Cushion
101,33,Faceted Citrine,10,SHAPE,7752,Cushion Buff Top
101,33,Faceted Citrine,10,SHAPE,7679,Cushion Checker board
101,33,Faceted Citrine,10,SHAPE,7860,Drop Bead
101,33,Faceted Citrine,10,SHAPE,7768,Fancy
101,33,Faceted Citrine,10,SHAPE,7817,Half Moon
101,33,Faceted Citrine,10,SHAPE,7694,Long Cushion
101,33,Faceted Citrine,10,SHAPE,7770,Long Cushion Buff Top
101,33,Faceted Citrine,10,SHAPE,7678,Long Cushion Checker board
101,33,Faceted Citrine,10,SHAPE,8975,Long octagon
101,33,Faceted Citrine,10,SHAPE,7705,Octagonal
101,33,Faceted Citrine,10,SHAPE,7666,Oval
101,33,Faceted Citrine,10,SHAPE,7809,Oval Buff Top
101,33,Faceted Citrine,10,SHAPE,7670,Round
101,33,Faceted Citrine,10,SHAPE,7771,Round Buff Top
101,33,Faceted Citrine,10,SHAPE,7685,Square
101,33,Faceted Citrine,10,SHAPE,7668,Trillion
101,33,Faceted Citrine,10,SHAPE,7681,Trillion shape Checker board
101,33,Faceted Citrine,11,LUSTER,7915,Fine
101,33,Faceted Citrine,11,LUSTER,7918,Nice
101,33,Faceted Citrine,11,LUSTER,127,SI
101,33,Faceted Citrine,11,LUSTER,8983,Very Good
101,33,Faceted Citrine,12,HARDNESS,7933,7
101,33,Faceted Citrine,13,GRADE,8037,AAA
101,33,Faceted Citrine,19,NAME,8400,Citrine
101,33,Faceted Citrine,19,NAME,8456,Golden Citrine
101,33,Faceted Citrine,20,DEPTH,8751,3 mm
101,33,Faceted Citrine,20,DEPTH,8523,6 mm
101,33,Faceted Citrine,20,DEPTH,9053,6.5 mm
101,33,Faceted Citrine,22,CLARITY,8721,SI
101,33,Faceted Citrine,22,CLARITY,8589,VS
102,33,Cabochon Citrine,1,TREATMENT,1,Heat Treated
102,33,Cabochon Citrine,1,TREATMENT,11,Treated
102,33,Cabochon Citrine,2,ORIGIN,43,Brazil
102,33,Cabochon Citrine,3,CUT,61,Cabochon
102,33,Cabochon Citrine,4,CLARITY/GRADE,157,A
102,33,Cabochon Citrine,4,CLARITY/GRADE,145,AA
102,33,Cabochon Citrine,4,CLARITY/GRADE,144,AAA
102,33,Cabochon Citrine,4,CLARITY/GRADE,193,Super
102,33,Cabochon Citrine,6,WEIGHT,3532,0.045 ct.
102,33,Cabochon Citrine,6,WEIGHT,3533,0.09 ct.
102,33,Cabochon Citrine,6,WEIGHT,3534,0.15 ct.
102,33,Cabochon Citrine,6,WEIGHT,3535,0.24 ct.
102,33,Cabochon Citrine,6,WEIGHT,3523,0.37 ct.
102,33,Cabochon Citrine,6,WEIGHT,3547,0.4 ct.
102,33,Cabochon Citrine,6,WEIGHT,3578,0.6 ct.
102,33,Cabochon Citrine,6,WEIGHT,3543,0.65 ct.
102,33,Cabochon Citrine,6,WEIGHT,3524,0.75 ct.
102,33,Cabochon Citrine,6,WEIGHT,3536,1.12 ct.
102,33,Cabochon Citrine,6,WEIGHT,4887,1.5 ct.
102,33,Cabochon Citrine,6,WEIGHT,3630,1.7 ct.
102,33,Cabochon Citrine,6,WEIGHT,3537,1.87 ct.
102,33,Cabochon Citrine,6,WEIGHT,3544,1.95 ct.
102,33,Cabochon Citrine,6,WEIGHT,4500,11.5 ct.
102,33,Cabochon Citrine,6,WEIGHT,3542,11.62 ct.
102,33,Cabochon Citrine,6,WEIGHT,3561,2 ct.
102,33,Cabochon Citrine,6,WEIGHT,3526,2.25 ct.
102,33,Cabochon Citrine,6,WEIGHT,3581,2.5 ct.
102,33,Cabochon Citrine,6,WEIGHT,3583,2.75 ct.
102,33,Cabochon Citrine,6,WEIGHT,3538,3 ct.
102,33,Cabochon Citrine,6,WEIGHT,3545,3.07 ct.
102,33,Cabochon Citrine,6,WEIGHT,3582,3.25 ct.
102,33,Cabochon Citrine,6,WEIGHT,3584,3.5 ct.
102,33,Cabochon Citrine,6,WEIGHT,3527,3.75 ct.
102,33,Cabochon Citrine,6,WEIGHT,3539,4.12 ct.
102,33,Cabochon Citrine,6,WEIGHT,3546,4.35 ct.
102,33,Cabochon Citrine,6,WEIGHT,3528,4.5 ct.
102,33,Cabochon Citrine,6,WEIGHT,3540,5.25 ct.
102,33,Cabochon Citrine,6,WEIGHT,3529,6 ct.
102,33,Cabochon Citrine,6,WEIGHT,3541,6.9 ct.
102,33,Cabochon Citrine,6,WEIGHT,3548,7 ct.
102,33,Cabochon Citrine,6,WEIGHT,3530,7.5 ct.
102,33,Cabochon Citrine,6,WEIGHT,3531,9 ct.
102,33,Cabochon Citrine,7,SIZE,5984,10 mm
102,33,Cabochon Citrine,7,SIZE,7272,10x5x6mm
102,33,Cabochon Citrine,7,SIZE,5996,10x8 mm
102,33,Cabochon Citrine,7,SIZE,5977,11 mm
102,33,Cabochon Citrine,7,SIZE,5998,11x9 mm
102,33,Cabochon Citrine,7,SIZE,6551,12 mm
102,33,Cabochon Citrine,7,SIZE,5920,12x10 mm
102,33,Cabochon Citrine,7,SIZE,6880,12x6x7 mm
102,33,Cabochon Citrine,7,SIZE,6552,13 mm
102,33,Cabochon Citrine,7,SIZE,6550,14x10 mm
102,33,Cabochon Citrine,7,SIZE,6872,16x10 mm
102,33,Cabochon Citrine,7,SIZE,6360,2 mm
102,33,Cabochon Citrine,7,SIZE,6363,2.5 mm
102,33,Cabochon Citrine,7,SIZE,6344,3 mm
102,33,Cabochon Citrine,7,SIZE,6362,3.5 mm
102,33,Cabochon Citrine,7,SIZE,6177,4 mm
102,33,Cabochon Citrine,7,SIZE,6076,5 mm
102,33,Cabochon Citrine,7,SIZE,6535,5x3 mm
102,33,Cabochon Citrine,7,SIZE,6174,6 mm
102,33,Cabochon Citrine,7,SIZE,6537,6x4 mm
102,33,Cabochon Citrine,7,SIZE,6176,7 mm
102,33,Cabochon Citrine,7,SIZE,6538,7x5 mm
102,33,Cabochon Citrine,7,SIZE,6263,8 mm
102,33,Cabochon Citrine,7,SIZE,6879,8x4x7 mm
102,33,Cabochon Citrine,7,SIZE,6060,8x6 mm
102,33,Cabochon Citrine,7,SIZE,6282,9 mm
102,33,Cabochon Citrine,7,SIZE,6043,9x7 mm
102,33,Cabochon Citrine,8,COLOR,7469,Golden
102,33,Cabochon Citrine,10,SHAPE,7820,Bullet
102,33,Cabochon Citrine,10,SHAPE,7695,Cushion
102,33,Cabochon Citrine,10,SHAPE,7742,Emerald
102,33,Cabochon Citrine,10,SHAPE,7694,Long Cushion
102,33,Cabochon Citrine,10,SHAPE,7666,Oval
102,33,Cabochon Citrine,10,SHAPE,7672,Pear
102,33,Cabochon Citrine,10,SHAPE,7670,Round
102,33,Cabochon Citrine,10,SHAPE,7685,Square
102,33,Cabochon Citrine,10,SHAPE,7668,Trillion
102,33,Cabochon Citrine,11,LUSTER,7915,Fine
102,33,Cabochon Citrine,12,HARDNESS,7933,7
102,33,Cabochon Citrine,19,NAME,8400,Citrine
102,33,Cabochon Citrine,19,NAME,8456,Golden Citrine
103,88,Faceted Garnet,1,TREATMENT,3,None
103,88,Faceted Garnet,2,ORIGIN,21,Africa
103,88,Faceted Garnet,2,ORIGIN,23,India
103,88,Faceted Garnet,3,CUT,91,Checker Board
103,88,Faceted Garnet,3,CUT,60,Faceted
103,88,Faceted Garnet,4,CLARITY/GRADE,126,VS
103,88,Faceted Garnet,6,WEIGHT,3675,0.04 ct. Approx.
103,88,Faceted Garnet,6,WEIGHT,3729,0.11 ct. Approx.
103,88,Faceted Garnet,6,WEIGHT,3716,0.17 ct. Approx.
103,88,Faceted Garnet,6,WEIGHT,3562,0.25 ct.
103,88,Faceted Garnet,6,WEIGHT,3748,0.28 ct. Approx.
103,88,Faceted Garnet,6,WEIGHT,3682,0.3 ct. Approx.
103,88,Faceted Garnet,6,WEIGHT,3547,0.4 ct.
103,88,Faceted Garnet,6,WEIGHT,3685,0.4 ct. Approx.
103,88,Faceted Garnet,6,WEIGHT,3558,0.5 ct.
103,88,Faceted Garnet,6,WEIGHT,3746,0.56 ct. Approx.
103,88,Faceted Garnet,6,WEIGHT,3749,0.57 ct. Approx.
103,88,Faceted Garnet,6,WEIGHT,3578,0.6 ct.
103,88,Faceted Garnet,6,WEIGHT,3543,0.65 ct.
103,88,Faceted Garnet,6,WEIGHT,3719,0.65 ct. Approx.
103,88,Faceted Garnet,6,WEIGHT,3721,0.7 ct. Approx.
103,88,Faceted Garnet,6,WEIGHT,3524,0.75 ct.
103,88,Faceted Garnet,6,WEIGHT,3722,0.75 ct. Approx.
103,88,Faceted Garnet,6,WEIGHT,3579,0.8 ct.
103,88,Faceted Garnet,6,WEIGHT,3515,0.9 ct.
103,88,Faceted Garnet,6,WEIGHT,3559,1 ct.
103,88,Faceted Garnet,6,WEIGHT,3701,1 ct. Approx.
103,88,Faceted Garnet,6,WEIGHT,3750,1.1 ct. Approx.
103,88,Faceted Garnet,6,WEIGHT,3743,1.2 ct. Approx.
103,88,Faceted Garnet,6,WEIGHT,2434,1.25 ct.
103,88,Faceted Garnet,6,WEIGHT,3762,1.25 ct. Approx.
103,88,Faceted Garnet,6,WEIGHT,3758,1.3 ct. Approx.
103,88,Faceted Garnet,6,WEIGHT,4887,1.5 ct.
103,88,Faceted Garnet,6,WEIGHT,3709,1.55 ct. Approx.
103,88,Faceted Garnet,6,WEIGHT,3696,1.6 ct. Approx.
103,88,Faceted Garnet,6,WEIGHT,3591,1.75 ct.
103,88,Faceted Garnet,6,WEIGHT,3585,10 ct.
103,88,Faceted Garnet,6,WEIGHT,4950,10.2 ct.
103,88,Faceted Garnet,6,WEIGHT,3755,10.5 ct. Approx.
103,88,Faceted Garnet,6,WEIGHT,4939,10.9 ct.
103,88,Faceted Garnet,6,WEIGHT,4942,15.1 ct.
103,88,Faceted Garnet,6,WEIGHT,3756,16 ct. Approx.
103,88,Faceted Garnet,6,WEIGHT,4941,16.3 ct.
103,88,Faceted Garnet,6,WEIGHT,4943,19.4 ct.
103,88,Faceted Garnet,6,WEIGHT,3561,2 ct.
103,88,Faceted Garnet,6,WEIGHT,3768,2 ct. Approx.
103,88,Faceted Garnet,6,WEIGHT,3759,2.05 ct. Approx.
103,88,Faceted Garnet,6,WEIGHT,3588,2.2 ct.
103,88,Faceted Garnet,6,WEIGHT,3526,2.25 ct.
103,88,Faceted Garnet,6,WEIGHT,3763,2.4 ct. Approx.
103,88,Faceted Garnet,6,WEIGHT,3581,2.5 ct.
103,88,Faceted Garnet,6,WEIGHT,3703,2.5 ct. Approx.
103,88,Faceted Garnet,6,WEIGHT,3727,2.75 ct. Approx.
103,88,Faceted Garnet,6,WEIGHT,3760,2.9 ct. Approx.
103,88,Faceted Garnet,6,WEIGHT,3757,22 ct. Approx.
103,88,Faceted Garnet,6,WEIGHT,4944,22.6 ct.
103,88,Faceted Garnet,6,WEIGHT,4022,22.75 ct.
103,88,Faceted Garnet,6,WEIGHT,4952,24.8 ct.
103,88,Faceted Garnet,6,WEIGHT,4851,27.5 ct.
103,88,Faceted Garnet,6,WEIGHT,4946,27.75 ct.
103,88,Faceted Garnet,6,WEIGHT,3538,3 ct.
103,88,Faceted Garnet,6,WEIGHT,3764,3.4 ct. Approx.
103,88,Faceted Garnet,6,WEIGHT,3584,3.5 ct.
103,88,Faceted Garnet,6,WEIGHT,3751,3.5 ct. Approx.
103,88,Faceted Garnet,6,WEIGHT,3527,3.75 ct.
103,88,Faceted Garnet,6,WEIGHT,4383,30 ct.
103,88,Faceted Garnet,6,WEIGHT,4948,33.3 ct.
103,88,Faceted Garnet,6,WEIGHT,4945,37.25 ct.
103,88,Faceted Garnet,6,WEIGHT,3765,4 ct. Approx.
103,88,Faceted Garnet,6,WEIGHT,3761,4.4 ct. Approx.
103,88,Faceted Garnet,6,WEIGHT,3528,4.5 ct.
103,88,Faceted Garnet,6,WEIGHT,3752,4.5 ct. Approx.
103,88,Faceted Garnet,6,WEIGHT,4947,48.8 ct.
103,88,Faceted Garnet,6,WEIGHT,3590,5 ct.
103,88,Faceted Garnet,6,WEIGHT,3592,5.5 ct.
103,88,Faceted Garnet,6,WEIGHT,3747,5.75 ct. Approx.
103,88,Faceted Garnet,6,WEIGHT,3529,6 ct.
103,88,Faceted Garnet,6,WEIGHT,3753,6 ct. Approx.
103,88,Faceted Garnet,6,WEIGHT,4492,6.25 ct.
103,88,Faceted Garnet,6,WEIGHT,3550,6.5 ct.
103,88,Faceted Garnet,6,WEIGHT,3541,6.9 ct.
103,88,Faceted Garnet,6,WEIGHT,4335,7.1 ct.
103,88,Faceted Garnet,6,WEIGHT,3593,8 ct.
103,88,Faceted Garnet,6,WEIGHT,3766,8 ct. Approx.
103,88,Faceted Garnet,6,WEIGHT,4940,8.2 ct.
103,88,Faceted Garnet,6,WEIGHT,3600,8.5 ct.
103,88,Faceted Garnet,6,WEIGHT,3754,8.8 ct. Approx.
103,88,Faceted Garnet,6,WEIGHT,3531,9 ct.
103,88,Faceted Garnet,6,WEIGHT,3612,9.5 ct.
103,88,Faceted Garnet,6,WEIGHT,3767,9.5 ct. Approx.
103,88,Faceted Garnet,6,WEIGHT,4953,91 ct.
103,88,Faceted Garnet,7,SIZE,5984,10 mm
103,88,Faceted Garnet,7,SIZE,7439,10 x 5 mm
103,88,Faceted Garnet,7,SIZE,5109,10.0x5.0 mm.
103,88,Faceted Garnet,7,SIZE,5011,10.0x8.0 mm.
103,88,Faceted Garnet,7,SIZE,6561,10x5 mm
103,88,Faceted Garnet,7,SIZE,6556,10x7 mm
103,88,Faceted Garnet,7,SIZE,5996,10x8 mm
103,88,Faceted Garnet,7,SIZE,7423,11 x 11 mm
103,88,Faceted Garnet,7,SIZE,7367,11 x 5 mm
103,88,Faceted Garnet,7,SIZE,5010,11.0x9.0 mm.
103,88,Faceted Garnet,7,SIZE,5645,11X11mm
103,88,Faceted Garnet,7,SIZE,5998,11x9 mm
103,88,Faceted Garnet,7,SIZE,6551,12 mm
103,88,Faceted Garnet,7,SIZE,7417,12 x 10 mm
103,88,Faceted Garnet,7,SIZE,7409,12 x 12 mm
103,88,Faceted Garnet,7,SIZE,7438,12 x 6 mm
103,88,Faceted Garnet,7,SIZE,5230,12.0X10.0mm
103,88,Faceted Garnet,7,SIZE,5110,12.0x6.0 mm.
103,88,Faceted Garnet,7,SIZE,5114,12.0x8.0 mm.
103,88,Faceted Garnet,7,SIZE,5920,12x10 mm
103,88,Faceted Garnet,7,SIZE,5924,12x6 mm
103,88,Faceted Garnet,7,SIZE,6564,12x8 mm
103,88,Faceted Garnet,7,SIZE,7408,13.5 x 10 mm
103,88,Faceted Garnet,7,SIZE,7331,14 x 10 mm
103,88,Faceted Garnet,7,SIZE,7371,14 x 12 mm
103,88,Faceted Garnet,7,SIZE,5008,14.0x10.0 mm.
103,88,Faceted Garnet,7,SIZE,6550,14x10 mm
103,88,Faceted Garnet,7,SIZE,7412,15 x 12 mm
103,88,Faceted Garnet,7,SIZE,7410,15 x 15 mm
103,88,Faceted Garnet,7,SIZE,5111,15.0x7.0 mm.
103,88,Faceted Garnet,7,SIZE,6565,15x10 mm
103,88,Faceted Garnet,7,SIZE,6570,15x7 mm
103,88,Faceted Garnet,7,SIZE,7407,16 x 2 mm
103,88,Faceted Garnet,7,SIZE,6553,16x12 mm
103,88,Faceted Garnet,7,SIZE,6554,18x13 mm
103,88,Faceted Garnet,7,SIZE,7411,19 x 12 mm
103,88,Faceted Garnet,7,SIZE,7413,19 x 14 mm
103,88,Faceted Garnet,7,SIZE,6360,2 mm
103,88,Faceted Garnet,7,SIZE,7329,20 x 15 mm
103,88,Faceted Garnet,7,SIZE,6555,20x15 mm
103,88,Faceted Garnet,7,SIZE,7415,21 x 16 mm
103,88,Faceted Garnet,7,SIZE,7414,21 x 17 mm
103,88,Faceted Garnet,7,SIZE,7421,21.5 x 15 mm
103,88,Faceted Garnet,7,SIZE,7420,22 x 16 mm
103,88,Faceted Garnet,7,SIZE,7416,23 x 18 mm
103,88,Faceted Garnet,7,SIZE,7422,29 x 24 mm
103,88,Faceted Garnet,7,SIZE,6344,3 mm
103,88,Faceted Garnet,7,SIZE,6177,4 mm
103,88,Faceted Garnet,7,SIZE,5055,4.0x4.0 mm.
103,88,Faceted Garnet,7,SIZE,6076,5 mm
103,88,Faceted Garnet,7,SIZE,5060,5.0x5.0 mm
103,88,Faceted Garnet,7,SIZE,6567,5x2.5 mm
103,88,Faceted Garnet,7,SIZE,6535,5x3 mm
103,88,Faceted Garnet,7,SIZE,6578,5x5 mm
103,88,Faceted Garnet,7,SIZE,6174,6 mm
103,88,Faceted Garnet,7,SIZE,5107,6.0x3.0 mm.
103,88,Faceted Garnet,7,SIZE,5017,6.0x4.0 mm.
103,88,Faceted Garnet,7,SIZE,5061,6.0x6.0 mm
103,88,Faceted Garnet,7,SIZE,6568,6x3 mm
103,88,Faceted Garnet,7,SIZE,6184,6x4
103,88,Faceted Garnet,7,SIZE,6537,6x4 mm
103,88,Faceted Garnet,7,SIZE,6176,7 mm
103,88,Faceted Garnet,7,SIZE,5014,7.0x5.0 mm.
103,88,Faceted Garnet,7,SIZE,5062,7.0x7.0 mm
103,88,Faceted Garnet,7,SIZE,6264,7.5 mm
103,88,Faceted Garnet,7,SIZE,6538,7x5 mm
103,88,Faceted Garnet,7,SIZE,6582,7x7 mm
103,88,Faceted Garnet,7,SIZE,6263,8 mm
103,88,Faceted Garnet,7,SIZE,7318,8 x 4 mm
103,88,Faceted Garnet,7,SIZE,5108,8.0x4.0 mm.
103,88,Faceted Garnet,7,SIZE,5112,8.0x5.0 mm.
103,88,Faceted Garnet,7,SIZE,5013,8.0x6.0 mm.
103,88,Faceted Garnet,7,SIZE,5063,8.0x8.0 mm
103,88,Faceted Garnet,7,SIZE,6569,8x4 mm
103,88,Faceted Garnet,7,SIZE,6562,8x5 mm
103,88,Faceted Garnet,7,SIZE,6060,8x6 mm
103,88,Faceted Garnet,7,SIZE,6850,8x8 mm
103,88,Faceted Garnet,7,SIZE,6282,9 mm
103,88,Faceted Garnet,7,SIZE,7300,9 x 7 mm
103,88,Faceted Garnet,7,SIZE,7285,9 x 9mm
103,88,Faceted Garnet,7,SIZE,6067,9.0x7.0 mm
103,88,Faceted Garnet,7,SIZE,5064,9.0x9.0 mm
103,88,Faceted Garnet,7,SIZE,6563,9x6 mm
103,88,Faceted Garnet,7,SIZE,6043,9x7 mm
103,88,Faceted Garnet,8,COLOR,7467,Raspberry Red
103,88,Faceted Garnet,8,COLOR,7461,Red
103,88,Faceted Garnet,10,SHAPE,7814,Briolette
103,88,Faceted Garnet,10,SHAPE,7695,Cushion
103,88,Faceted Garnet,10,SHAPE,7717,Heart
103,88,Faceted Garnet,10,SHAPE,7694,Long Cushion
103,88,Faceted Garnet,10,SHAPE,7684,Marquise
103,88,Faceted Garnet,10,SHAPE,7689,Octagon
103,88,Faceted Garnet,10,SHAPE,7705,Octagonal
103,88,Faceted Garnet,10,SHAPE,7666,Oval
103,88,Faceted Garnet,10,SHAPE,7911,Oval Bullette
103,88,Faceted Garnet,10,SHAPE,7672,Pear
103,88,Faceted Garnet,10,SHAPE,7670,Round
103,88,Faceted Garnet,10,SHAPE,7912,Round Bullette
103,88,Faceted Garnet,10,SHAPE,7685,Square
103,88,Faceted Garnet,10,SHAPE,7668,Trillion
103,88,Faceted Garnet,11,LUSTER,7915,Fine
103,88,Faceted Garnet,11,LUSTER,7931,Good
103,88,Faceted Garnet,11,LUSTER,7918,Nice
103,88,Faceted Garnet,11,LUSTER,7925,Very Nice
103,88,Faceted Garnet,12,HARDNESS,7948,6.5 - 7.5
103,88,Faceted Garnet,12,HARDNESS,7936,6.5 - 7.5
103,88,Faceted Garnet,12,HARDNESS,7934,7.0 - 7.5
103,88,Faceted Garnet,13,GRADE,8040,A
103,88,Faceted Garnet,13,GRADE,8038,AA
103,88,Faceted Garnet,13,GRADE,8037,AAA
103,88,Faceted Garnet,13,GRADE,8070,Super Fine
103,88,Faceted Garnet,19,NAME,8408,Garnet
103,88,Faceted Garnet,19,NAME,8402,Mozambique Garnet
103,88,Faceted Garnet,20,DEPTH,8555,2 mm
103,88,Faceted Garnet,20,DEPTH,8752,2.5 mm
103,88,Faceted Garnet,20,DEPTH,8751,3 mm
103,88,Faceted Garnet,20,DEPTH,8753,3.5 mm
103,88,Faceted Garnet,20,DEPTH,8744,4 mm
103,88,Faceted Garnet,20,DEPTH,8548,4.5 mm
103,88,Faceted Garnet,20,DEPTH,8521,5 mm
103,88,Faceted Garnet,20,DEPTH,8523,6 mm
103,88,Faceted Garnet,20,DEPTH,8544,7 mm
103,88,Faceted Garnet,20,DEPTH,8745,8 mm
103,88,Faceted Garnet,22,CLARITY,8594,"Clean, Bright"
103,88,Faceted Garnet,22,CLARITY,8595,Regular
103,88,Faceted Garnet,22,CLARITY,8593,Top Clean/Superior
103,88,Faceted Garnet,22,CLARITY,8589,VS
104,88,Cabochon Garnet,1,TREATMENT,3,None
104,88,Cabochon Garnet,2,ORIGIN,23,India
104,88,Cabochon Garnet,3,CUT,61,Cabochon
104,88,Cabochon Garnet,4,CLARITY/GRADE,126,VS
104,88,Cabochon Garnet,6,WEIGHT,3555,0.35 ct.
104,88,Cabochon Garnet,6,WEIGHT,3547,0.4 ct.
104,88,Cabochon Garnet,6,WEIGHT,3558,0.5 ct.
104,88,Cabochon Garnet,6,WEIGHT,3559,1 ct.
104,88,Cabochon Garnet,6,WEIGHT,4887,1.5 ct.
104,88,Cabochon Garnet,6,WEIGHT,3591,1.75 ct.
104,88,Cabochon Garnet,6,WEIGHT,3581,2.5 ct.
104,88,Cabochon Garnet,6,WEIGHT,3538,3 ct.
104,88,Cabochon Garnet,6,WEIGHT,3527,3.75 ct.
104,88,Cabochon Garnet,6,WEIGHT,3549,4 ct.
104,88,Cabochon Garnet,6,WEIGHT,1013,410.87 Carats
104,88,Cabochon Garnet,6,WEIGHT,3529,6 ct.
104,88,Cabochon Garnet,7,SIZE,7439,10 x 5 mm
104,88,Cabochon Garnet,7,SIZE,7367,11 x 5 mm
104,88,Cabochon Garnet,7,SIZE,6551,12 mm
104,88,Cabochon Garnet,7,SIZE,6857,14x7 mm
104,88,Cabochon Garnet,7,SIZE,6344,3 mm
104,88,Cabochon Garnet,7,SIZE,6362,3.5 mm
104,88,Cabochon Garnet,7,SIZE,6177,4 mm
104,88,Cabochon Garnet,7,SIZE,6076,5 mm
104,88,Cabochon Garnet,7,SIZE,6535,5x3 mm
104,88,Cabochon Garnet,7,SIZE,6174,6 mm
104,88,Cabochon Garnet,7,SIZE,5017,6.0x4.0 mm.
104,88,Cabochon Garnet,7,SIZE,6176,7 mm
104,88,Cabochon Garnet,7,SIZE,6263,8 mm
104,88,Cabochon Garnet,7,SIZE,7318,8 x 4 mm
104,88,Cabochon Garnet,7,SIZE,6282,9 mm
104,88,Cabochon Garnet,8,COLOR,7467,Raspberry Red
104,88,Cabochon Garnet,8,COLOR,7461,Red
104,88,Cabochon Garnet,10,SHAPE,7817,Half Moon
104,88,Cabochon Garnet,10,SHAPE,7666,Oval
104,88,Cabochon Garnet,10,SHAPE,7911,Oval Bullette
104,88,Cabochon Garnet,10,SHAPE,7670,Round
104,88,Cabochon Garnet,10,SHAPE,7912,Round Bullette
104,88,Cabochon Garnet,11,LUSTER,7915,Fine
104,88,Cabochon Garnet,11,LUSTER,7918,Nice
104,88,Cabochon Garnet,12,HARDNESS,7936,6.5 - 7.5
104,88,Cabochon Garnet,12,HARDNESS,7934,7.0 - 7.5
104,88,Cabochon Garnet,13,GRADE,8037,AAA
104,88,Cabochon Garnet,19,NAME,8408,Garnet
104,88,Cabochon Garnet,20,DEPTH,8752,2.5 mm
104,88,Cabochon Garnet,20,DEPTH,8751,3 mm
104,88,Cabochon Garnet,20,DEPTH,8744,4 mm
104,88,Cabochon Garnet,20,DEPTH,8521,5 mm
104,88,Cabochon Garnet,20,DEPTH,8523,6 mm
104,88,Cabochon Garnet,20,DEPTH,8544,7 mm
104,88,Cabochon Garnet,22,CLARITY,8589,VS
105,34,Faceted Iolite,1,TREATMENT,6,Natural
105,34,Faceted Iolite,1,TREATMENT,3,None
105,34,Faceted Iolite,2,ORIGIN,42,Arizona
105,34,Faceted Iolite,2,ORIGIN,23,India
105,34,Faceted Iolite,3,CUT,91,Checker Board
105,34,Faceted Iolite,3,CUT,60,Faceted
105,34,Faceted Iolite,3,CUT,84,Fancy
105,34,Faceted Iolite,4,CLARITY/GRADE,157,A
105,34,Faceted Iolite,4,CLARITY/GRADE,145,AA
105,34,Faceted Iolite,4,CLARITY/GRADE,144,AAA
105,34,Faceted Iolite,4,CLARITY/GRADE,193,Super
105,34,Faceted Iolite,4,CLARITY/GRADE,126,VS
105,34,Faceted Iolite,6,WEIGHT,3534,0.15 ct.
105,34,Faceted Iolite,6,WEIGHT,3644,0.20 ct.
105,34,Faceted Iolite,6,WEIGHT,3562,0.25 ct.
105,34,Faceted Iolite,6,WEIGHT,3547,0.4 ct.
105,34,Faceted Iolite,6,WEIGHT,3558,0.5 ct.
105,34,Faceted Iolite,6,WEIGHT,3543,0.65 ct.
105,34,Faceted Iolite,6,WEIGHT,3524,0.75 ct.
105,34,Faceted Iolite,6,WEIGHT,3559,1 ct.
105,34,Faceted Iolite,6,WEIGHT,4887,1.5 ct.
105,34,Faceted Iolite,6,WEIGHT,3630,1.7 ct.
105,34,Faceted Iolite,6,WEIGHT,3591,1.75 ct.
105,34,Faceted Iolite,6,WEIGHT,3561,2 ct.
105,34,Faceted Iolite,6,WEIGHT,3581,2.5 ct.
105,34,Faceted Iolite,6,WEIGHT,3528,4.5 ct.
105,34,Faceted Iolite,6,WEIGHT,3590,5 ct.
105,34,Faceted Iolite,7,SIZE,5109,10.0x5.0 mm.
105,34,Faceted Iolite,7,SIZE,5113,10.0x7.0 mm.
105,34,Faceted Iolite,7,SIZE,5998,11x9 mm
105,34,Faceted Iolite,7,SIZE,5920,12x10 mm
105,34,Faceted Iolite,7,SIZE,5099,3.0x3.0 mm.
105,34,Faceted Iolite,7,SIZE,5116,3.5x3.5 mm.
105,34,Faceted Iolite,7,SIZE,6177,4 mm
105,34,Faceted Iolite,7,SIZE,5055,4.0x4.0 mm.
105,34,Faceted Iolite,7,SIZE,6076,5 mm
105,34,Faceted Iolite,7,SIZE,5018,5.0x3.0 mm.
105,34,Faceted Iolite,7,SIZE,5060,5.0x5.0 mm
105,34,Faceted Iolite,7,SIZE,6174,6 mm
105,34,Faceted Iolite,7,SIZE,5107,6.0x3.0 mm.
105,34,Faceted Iolite,7,SIZE,5017,6.0x4.0 mm.
105,34,Faceted Iolite,7,SIZE,6537,6x4 mm
105,34,Faceted Iolite,7,SIZE,5014,7.0x5.0 mm.
105,34,Faceted Iolite,7,SIZE,6538,7x5 mm
105,34,Faceted Iolite,7,SIZE,6615,7x9 mm
105,34,Faceted Iolite,7,SIZE,5108,8.0x4.0 mm.
105,34,Faceted Iolite,7,SIZE,5112,8.0x5.0 mm.
105,34,Faceted Iolite,7,SIZE,5013,8.0x6.0 mm.
105,34,Faceted Iolite,7,SIZE,6060,8x6 mm
105,34,Faceted Iolite,7,SIZE,5115,9.0x6.0 mm.
105,34,Faceted Iolite,7,SIZE,6067,9.0x7.0 mm
105,34,Faceted Iolite,7,SIZE,6043,9x7 mm
105,34,Faceted Iolite,8,COLOR,7479,Violet Blue
105,34,Faceted Iolite,10,SHAPE,7695,Cushion
105,34,Faceted Iolite,10,SHAPE,7694,Long Cushion
105,34,Faceted Iolite,10,SHAPE,7684,Marquise
105,34,Faceted Iolite,10,SHAPE,7689,Octagon
105,34,Faceted Iolite,10,SHAPE,7666,Oval
105,34,Faceted Iolite,10,SHAPE,7672,Pear
105,34,Faceted Iolite,10,SHAPE,7670,Round
105,34,Faceted Iolite,10,SHAPE,7685,Square
105,34,Faceted Iolite,10,SHAPE,7681,Trillion shape Checker board
105,34,Faceted Iolite,11,LUSTER,7915,Fine
105,34,Faceted Iolite,11,LUSTER,7918,Nice
105,34,Faceted Iolite,12,HARDNESS,7942,7.0 - 7.5
105,34,Faceted Iolite,12,HARDNESS,7934,7.0 - 7.5
105,34,Faceted Iolite,13,GRADE,8037,AAA
105,34,Faceted Iolite,19,NAME,8403,Iolite
106,34,Cabochon Iolite,1,TREATMENT,3,None
106,34,Cabochon Iolite,2,ORIGIN,23,India
106,34,Cabochon Iolite,3,CUT,61,Cabochon
106,34,Cabochon Iolite,4,CLARITY/GRADE,157,A
106,34,Cabochon Iolite,4,CLARITY/GRADE,145,AA
106,34,Cabochon Iolite,4,CLARITY/GRADE,144,AAA
106,34,Cabochon Iolite,4,CLARITY/GRADE,193,Super
106,34,Cabochon Iolite,6,WEIGHT,3534,0.15 ct.
106,34,Cabochon Iolite,6,WEIGHT,3555,0.35 ct.
106,34,Cabochon Iolite,6,WEIGHT,3523,0.37 ct.
106,34,Cabochon Iolite,6,WEIGHT,3547,0.4 ct.
106,34,Cabochon Iolite,6,WEIGHT,3556,0.52 ct.
106,34,Cabochon Iolite,6,WEIGHT,3543,0.65 ct.
106,34,Cabochon Iolite,6,WEIGHT,3524,0.75 ct.
106,34,Cabochon Iolite,6,WEIGHT,3557,1.05 ct.
106,34,Cabochon Iolite,6,WEIGHT,3536,1.12 ct.
106,34,Cabochon Iolite,6,WEIGHT,4887,1.5 ct.
106,34,Cabochon Iolite,6,WEIGHT,3537,1.87 ct.
106,34,Cabochon Iolite,6,WEIGHT,3544,1.95 ct.
106,34,Cabochon Iolite,6,WEIGHT,3542,11.62 ct.
106,34,Cabochon Iolite,6,WEIGHT,3552,12 ct.
106,34,Cabochon Iolite,6,WEIGHT,3553,16 ct.
106,34,Cabochon Iolite,6,WEIGHT,3526,2.25 ct.
106,34,Cabochon Iolite,6,WEIGHT,3554,20 ct.
106,34,Cabochon Iolite,6,WEIGHT,3538,3 ct.
106,34,Cabochon Iolite,6,WEIGHT,3545,3.07 ct.
106,34,Cabochon Iolite,6,WEIGHT,3527,3.75 ct.
106,34,Cabochon Iolite,6,WEIGHT,3539,4.12 ct.
106,34,Cabochon Iolite,6,WEIGHT,3528,4.5 ct.
106,34,Cabochon Iolite,6,WEIGHT,3540,5.25 ct.
106,34,Cabochon Iolite,6,WEIGHT,3529,6 ct.
106,34,Cabochon Iolite,6,WEIGHT,3541,6.9 ct.
106,34,Cabochon Iolite,6,WEIGHT,3530,7.5 ct.
106,34,Cabochon Iolite,6,WEIGHT,3531,9 ct.
106,34,Cabochon Iolite,7,SIZE,5984,10 mm
106,34,Cabochon Iolite,7,SIZE,5996,10x8 mm
106,34,Cabochon Iolite,7,SIZE,5977,11 mm
106,34,Cabochon Iolite,7,SIZE,5998,11x9 mm
106,34,Cabochon Iolite,7,SIZE,6551,12 mm
106,34,Cabochon Iolite,7,SIZE,5920,12x10 mm
106,34,Cabochon Iolite,7,SIZE,6552,13 mm
106,34,Cabochon Iolite,7,SIZE,6550,14x10 mm
106,34,Cabochon Iolite,7,SIZE,6553,16x12 mm
106,34,Cabochon Iolite,7,SIZE,6554,18x13 mm
106,34,Cabochon Iolite,7,SIZE,6555,20x15 mm
106,34,Cabochon Iolite,7,SIZE,6344,3 mm
106,34,Cabochon Iolite,7,SIZE,6177,4 mm
106,34,Cabochon Iolite,7,SIZE,6076,5 mm
106,34,Cabochon Iolite,7,SIZE,6535,5x3 mm
106,34,Cabochon Iolite,7,SIZE,6174,6 mm
106,34,Cabochon Iolite,7,SIZE,6537,6x4 mm
106,34,Cabochon Iolite,7,SIZE,6176,7 mm
106,34,Cabochon Iolite,7,SIZE,6538,7x5 mm
106,34,Cabochon Iolite,7,SIZE,6263,8 mm
106,34,Cabochon Iolite,7,SIZE,6060,8x6 mm
106,34,Cabochon Iolite,7,SIZE,6282,9 mm
106,34,Cabochon Iolite,7,SIZE,6043,9x7 mm
106,34,Cabochon Iolite,8,COLOR,7479,Violet Blue
106,34,Cabochon Iolite,10,SHAPE,7695,Cushion
106,34,Cabochon Iolite,10,SHAPE,7742,Emerald
106,34,Cabochon Iolite,10,SHAPE,7717,Heart
106,34,Cabochon Iolite,10,SHAPE,7666,Oval
106,34,Cabochon Iolite,10,SHAPE,7672,Pear
106,34,Cabochon Iolite,10,SHAPE,7670,Round
106,34,Cabochon Iolite,10,SHAPE,7685,Square
106,34,Cabochon Iolite,10,SHAPE,7668,Trillion
106,34,Cabochon Iolite,11,LUSTER,7915,Fine
106,34,Cabochon Iolite,12,HARDNESS,7942,7.0 - 7.5
106,34,Cabochon Iolite,19,NAME,8403,Iolite
109,91,Faceted Swiss Blue Topaz,1,TREATMENT,1,Heat Treated
109,91,Faceted Swiss Blue Topaz,1,TREATMENT,11,Treated
109,91,Faceted Swiss Blue Topaz,2,ORIGIN,43,Brazil
109,91,Faceted Swiss Blue Topaz,3,CUT,91,Checker Board
109,91,Faceted Swiss Blue Topaz,3,CUT,60,Faceted
109,91,Faceted Swiss Blue Topaz,4,CLARITY/GRADE,157,A
109,91,Faceted Swiss Blue Topaz,4,CLARITY/GRADE,145,AA
109,91,Faceted Swiss Blue Topaz,4,CLARITY/GRADE,144,AAA
109,91,Faceted Swiss Blue Topaz,6,WEIGHT,3803,0.03 ct.
109,91,Faceted Swiss Blue Topaz,6,WEIGHT,3643,0.10 ct.
109,91,Faceted Swiss Blue Topaz,6,WEIGHT,3534,0.15 ct.
109,91,Faceted Swiss Blue Topaz,6,WEIGHT,3644,0.20 ct.
109,91,Faceted Swiss Blue Topaz,6,WEIGHT,3667,0.23 ct.
109,91,Faceted Swiss Blue Topaz,6,WEIGHT,3562,0.25 ct.
109,91,Faceted Swiss Blue Topaz,6,WEIGHT,3507,0.3 ct.
109,91,Faceted Swiss Blue Topaz,6,WEIGHT,3555,0.35 ct.
109,91,Faceted Swiss Blue Topaz,6,WEIGHT,3547,0.4 ct.
109,91,Faceted Swiss Blue Topaz,6,WEIGHT,3861,0.45 ct.
109,91,Faceted Swiss Blue Topaz,6,WEIGHT,3558,0.5 ct.
109,91,Faceted Swiss Blue Topaz,6,WEIGHT,3524,0.75 ct.
109,91,Faceted Swiss Blue Topaz,6,WEIGHT,3663,0.85 ct.
109,91,Faceted Swiss Blue Topaz,6,WEIGHT,3559,1 ct.
109,91,Faceted Swiss Blue Topaz,6,WEIGHT,2434,1.25 ct.
109,91,Faceted Swiss Blue Topaz,6,WEIGHT,3607,1.3 ct.
109,91,Faceted Swiss Blue Topaz,6,WEIGHT,4887,1.5 ct.
109,91,Faceted Swiss Blue Topaz,6,WEIGHT,3591,1.75 ct.
109,91,Faceted Swiss Blue Topaz,6,WEIGHT,3605,10.5 ct.
109,91,Faceted Swiss Blue Topaz,6,WEIGHT,3552,12 ct.
109,91,Faceted Swiss Blue Topaz,6,WEIGHT,3930,14.2 ct.
109,91,Faceted Swiss Blue Topaz,6,WEIGHT,3929,15 ct.
109,91,Faceted Swiss Blue Topaz,6,WEIGHT,3561,2 ct.
109,91,Faceted Swiss Blue Topaz,6,WEIGHT,3608,2.05 ct.
109,91,Faceted Swiss Blue Topaz,6,WEIGHT,3526,2.25 ct.
109,91,Faceted Swiss Blue Topaz,6,WEIGHT,3521,2.4 ct.
109,91,Faceted Swiss Blue Topaz,6,WEIGHT,3581,2.5 ct.
109,91,Faceted Swiss Blue Topaz,6,WEIGHT,3583,2.75 ct.
109,91,Faceted Swiss Blue Topaz,6,WEIGHT,3609,2.9 ct.
109,91,Faceted Swiss Blue Topaz,6,WEIGHT,3554,20 ct.
109,91,Faceted Swiss Blue Topaz,6,WEIGHT,3931,20.3 ct.
109,91,Faceted Swiss Blue Topaz,6,WEIGHT,3538,3 ct.
109,91,Faceted Swiss Blue Topaz,6,WEIGHT,3927,3.2 ct.
109,91,Faceted Swiss Blue Topaz,6,WEIGHT,3584,3.5 ct.
109,91,Faceted Swiss Blue Topaz,6,WEIGHT,3549,4 ct.
109,91,Faceted Swiss Blue Topaz,6,WEIGHT,3610,4.4 ct.
109,91,Faceted Swiss Blue Topaz,6,WEIGHT,3528,4.5 ct.
109,91,Faceted Swiss Blue Topaz,6,WEIGHT,3590,5 ct.
109,91,Faceted Swiss Blue Topaz,6,WEIGHT,3592,5.5 ct.
109,91,Faceted Swiss Blue Topaz,6,WEIGHT,3529,6 ct.
109,91,Faceted Swiss Blue Topaz,6,WEIGHT,3550,6.5 ct.
109,91,Faceted Swiss Blue Topaz,6,WEIGHT,3548,7 ct.
109,91,Faceted Swiss Blue Topaz,6,WEIGHT,3928,8.3 ct.
109,91,Faceted Swiss Blue Topaz,6,WEIGHT,3600,8.5 ct.
109,91,Faceted Swiss Blue Topaz,7,SIZE,5984,10 mm
109,91,Faceted Swiss Blue Topaz,7,SIZE,6561,10x5 mm
109,91,Faceted Swiss Blue Topaz,7,SIZE,6556,10x7 mm
109,91,Faceted Swiss Blue Topaz,7,SIZE,5996,10x8 mm
109,91,Faceted Swiss Blue Topaz,7,SIZE,5977,11 mm
109,91,Faceted Swiss Blue Topaz,7,SIZE,5998,11x9 mm
109,91,Faceted Swiss Blue Topaz,7,SIZE,5920,12x10 mm
109,91,Faceted Swiss Blue Topaz,7,SIZE,5924,12x6 mm
109,91,Faceted Swiss Blue Topaz,7,SIZE,6564,12x8 mm
109,91,Faceted Swiss Blue Topaz,7,SIZE,6272,14 mm
109,91,Faceted Swiss Blue Topaz,7,SIZE,6550,14x10 mm
109,91,Faceted Swiss Blue Topaz,7,SIZE,6565,15x10 mm
109,91,Faceted Swiss Blue Topaz,7,SIZE,6570,15x7 mm
109,91,Faceted Swiss Blue Topaz,7,SIZE,6872,16x10 mm
109,91,Faceted Swiss Blue Topaz,7,SIZE,6553,16x12 mm
109,91,Faceted Swiss Blue Topaz,7,SIZE,6554,18x13 mm
109,91,Faceted Swiss Blue Topaz,7,SIZE,6360,2 mm
109,91,Faceted Swiss Blue Topaz,7,SIZE,6555,20x15 mm
109,91,Faceted Swiss Blue Topaz,7,SIZE,6344,3 mm
109,91,Faceted Swiss Blue Topaz,7,SIZE,6177,4 mm
109,91,Faceted Swiss Blue Topaz,7,SIZE,6566,4x2 mm
109,91,Faceted Swiss Blue Topaz,7,SIZE,6076,5 mm
109,91,Faceted Swiss Blue Topaz,7,SIZE,6567,5x2.5 mm
109,91,Faceted Swiss Blue Topaz,7,SIZE,6535,5x3 mm
109,91,Faceted Swiss Blue Topaz,7,SIZE,6174,6 mm
109,91,Faceted Swiss Blue Topaz,7,SIZE,6568,6x3 mm
109,91,Faceted Swiss Blue Topaz,7,SIZE,6537,6x4 mm
109,91,Faceted Swiss Blue Topaz,7,SIZE,6176,7 mm
109,91,Faceted Swiss Blue Topaz,7,SIZE,6538,7x5 mm
109,91,Faceted Swiss Blue Topaz,7,SIZE,6263,8 mm
109,91,Faceted Swiss Blue Topaz,7,SIZE,6569,8x4 mm
109,91,Faceted Swiss Blue Topaz,7,SIZE,6562,8x5 mm
109,91,Faceted Swiss Blue Topaz,7,SIZE,6060,8x6 mm
109,91,Faceted Swiss Blue Topaz,7,SIZE,6282,9 mm
109,91,Faceted Swiss Blue Topaz,7,SIZE,6563,9x6 mm
109,91,Faceted Swiss Blue Topaz,7,SIZE,6043,9x7 mm
109,91,Faceted Swiss Blue Topaz,8,COLOR,7607,Swiss blue
109,91,Faceted Swiss Blue Topaz,10,SHAPE,7821,Antique cushion
109,91,Faceted Swiss Blue Topaz,10,SHAPE,7820,Bullet
109,91,Faceted Swiss Blue Topaz,10,SHAPE,7695,Cushion
109,91,Faceted Swiss Blue Topaz,10,SHAPE,7717,Heart
109,91,Faceted Swiss Blue Topaz,10,SHAPE,7694,Long Cushion
109,91,Faceted Swiss Blue Topaz,10,SHAPE,7684,Marquise
109,91,Faceted Swiss Blue Topaz,10,SHAPE,7689,Octagon
109,91,Faceted Swiss Blue Topaz,10,SHAPE,7666,Oval
109,91,Faceted Swiss Blue Topaz,10,SHAPE,7672,Pear
109,91,Faceted Swiss Blue Topaz,10,SHAPE,7826,Pitcher
109,91,Faceted Swiss Blue Topaz,10,SHAPE,7670,Round
109,91,Faceted Swiss Blue Topaz,10,SHAPE,7822,Round Briolettes
109,91,Faceted Swiss Blue Topaz,10,SHAPE,7685,Square
109,91,Faceted Swiss Blue Topaz,10,SHAPE,7668,Trillion
109,91,Faceted Swiss Blue Topaz,11,LUSTER,7925,Very Nice
109,91,Faceted Swiss Blue Topaz,12,HARDNESS,7947,8
109,91,Faceted Swiss Blue Topaz,19,NAME,8451,Swiss Blue Topaz
109,91,Faceted Swiss Blue Topaz,19,NAME,8431,Topaz
110,91,Cabochon Swiss Blue Topaz,1,TREATMENT,3,None
110,91,Cabochon Swiss Blue Topaz,1,TREATMENT,11,Treated
110,91,Cabochon Swiss Blue Topaz,2,ORIGIN,43,Brazil
110,91,Cabochon Swiss Blue Topaz,3,CUT,61,Cabochon
110,91,Cabochon Swiss Blue Topaz,4,CLARITY/GRADE,157,A
110,91,Cabochon Swiss Blue Topaz,4,CLARITY/GRADE,145,AA
110,91,Cabochon Swiss Blue Topaz,4,CLARITY/GRADE,144,AAA
110,91,Cabochon Swiss Blue Topaz,4,CLARITY/GRADE,151,Commercial
110,91,Cabochon Swiss Blue Topaz,4,CLARITY/GRADE,193,Super
110,91,Cabochon Swiss Blue Topaz,6,WEIGHT,3562,0.25 ct.
110,91,Cabochon Swiss Blue Topaz,6,WEIGHT,3547,0.4 ct.
110,91,Cabochon Swiss Blue Topaz,6,WEIGHT,3558,0.5 ct.
110,91,Cabochon Swiss Blue Topaz,6,WEIGHT,3524,0.75 ct.
110,91,Cabochon Swiss Blue Topaz,6,WEIGHT,3559,1 ct.
110,91,Cabochon Swiss Blue Topaz,6,WEIGHT,2434,1.25 ct.
110,91,Cabochon Swiss Blue Topaz,6,WEIGHT,4887,1.5 ct.
110,91,Cabochon Swiss Blue Topaz,6,WEIGHT,3561,2 ct.
110,91,Cabochon Swiss Blue Topaz,6,WEIGHT,3538,3 ct.
110,91,Cabochon Swiss Blue Topaz,6,WEIGHT,3549,4 ct.
110,91,Cabochon Swiss Blue Topaz,6,WEIGHT,3529,6 ct.
110,91,Cabochon Swiss Blue Topaz,7,SIZE,5984,10 mm
110,91,Cabochon Swiss Blue Topaz,7,SIZE,5996,10x8 mm
110,91,Cabochon Swiss Blue Topaz,7,SIZE,6344,3 mm
110,91,Cabochon Swiss Blue Topaz,7,SIZE,6177,4 mm
110,91,Cabochon Swiss Blue Topaz,7,SIZE,6076,5 mm
110,91,Cabochon Swiss Blue Topaz,7,SIZE,6174,6 mm
110,91,Cabochon Swiss Blue Topaz,7,SIZE,6537,6x4 mm
110,91,Cabochon Swiss Blue Topaz,7,SIZE,6176,7 mm
110,91,Cabochon Swiss Blue Topaz,7,SIZE,6538,7x5 mm
110,91,Cabochon Swiss Blue Topaz,7,SIZE,6060,8x6 mm
110,91,Cabochon Swiss Blue Topaz,7,SIZE,6043,9x7 mm
110,91,Cabochon Swiss Blue Topaz,8,COLOR,7607,Swiss blue
110,91,Cabochon Swiss Blue Topaz,10,SHAPE,7820,Bullet
110,91,Cabochon Swiss Blue Topaz,10,SHAPE,7666,Oval
110,91,Cabochon Swiss Blue Topaz,10,SHAPE,7670,Round
110,91,Cabochon Swiss Blue Topaz,10,SHAPE,7685,Square
110,91,Cabochon Swiss Blue Topaz,10,SHAPE,7668,Trillion
110,91,Cabochon Swiss Blue Topaz,11,LUSTER,7918,Nice
110,91,Cabochon Swiss Blue Topaz,11,LUSTER,7925,Very Nice
110,91,Cabochon Swiss Blue Topaz,12,HARDNESS,7947,8
110,91,Cabochon Swiss Blue Topaz,19,NAME,8451,Swiss Blue Topaz
110,91,Cabochon Swiss Blue Topaz,19,NAME,8431,Topaz
111,92,Faceted Sky Blue Topaz,1,TREATMENT,3,None
111,92,Faceted Sky Blue Topaz,2,ORIGIN,43,Brazil
111,92,Faceted Sky Blue Topaz,3,CUT,60,Faceted
111,92,Faceted Sky Blue Topaz,4,CLARITY/GRADE,157,A
111,92,Faceted Sky Blue Topaz,4,CLARITY/GRADE,145,AA
111,92,Faceted Sky Blue Topaz,4,CLARITY/GRADE,144,AAA
111,92,Faceted Sky Blue Topaz,6,WEIGHT,3594,0.04 ct.
111,92,Faceted Sky Blue Topaz,6,WEIGHT,3613,0.07 ct.
111,92,Faceted Sky Blue Topaz,6,WEIGHT,3595,0.11 ct.
111,92,Faceted Sky Blue Topaz,6,WEIGHT,3614,0.17 ct.
111,92,Faceted Sky Blue Topaz,6,WEIGHT,3562,0.25 ct.
111,92,Faceted Sky Blue Topaz,6,WEIGHT,3601,0.28 ct.
111,92,Faceted Sky Blue Topaz,6,WEIGHT,3507,0.3 ct.
111,92,Faceted Sky Blue Topaz,6,WEIGHT,3547,0.4 ct.
111,92,Faceted Sky Blue Topaz,6,WEIGHT,3558,0.5 ct.
111,92,Faceted Sky Blue Topaz,6,WEIGHT,3596,0.56 ct.
111,92,Faceted Sky Blue Topaz,6,WEIGHT,3602,0.57 ct.
111,92,Faceted Sky Blue Topaz,6,WEIGHT,3543,0.65 ct.
111,92,Faceted Sky Blue Topaz,6,WEIGHT,3580,0.7 ct.
111,92,Faceted Sky Blue Topaz,6,WEIGHT,3524,0.75 ct.
111,92,Faceted Sky Blue Topaz,6,WEIGHT,3559,1 ct.
111,92,Faceted Sky Blue Topaz,6,WEIGHT,3599,1.1 ct.
111,92,Faceted Sky Blue Topaz,6,WEIGHT,3589,1.2 ct.
111,92,Faceted Sky Blue Topaz,6,WEIGHT,2434,1.25 ct.
111,92,Faceted Sky Blue Topaz,6,WEIGHT,3607,1.3 ct.
111,92,Faceted Sky Blue Topaz,6,WEIGHT,3597,1.55 ct.
111,92,Faceted Sky Blue Topaz,6,WEIGHT,3603,1.6 ct.
111,92,Faceted Sky Blue Topaz,6,WEIGHT,3605,10.5 ct.
111,92,Faceted Sky Blue Topaz,6,WEIGHT,3553,16 ct.
111,92,Faceted Sky Blue Topaz,6,WEIGHT,3561,2 ct.
111,92,Faceted Sky Blue Topaz,6,WEIGHT,3608,2.05 ct.
111,92,Faceted Sky Blue Topaz,6,WEIGHT,3521,2.4 ct.
111,92,Faceted Sky Blue Topaz,6,WEIGHT,3581,2.5 ct.
111,92,Faceted Sky Blue Topaz,6,WEIGHT,3583,2.75 ct.
111,92,Faceted Sky Blue Topaz,6,WEIGHT,3609,2.9 ct.
111,92,Faceted Sky Blue Topaz,6,WEIGHT,3606,22 ct.
111,92,Faceted Sky Blue Topaz,6,WEIGHT,3611,3.4 ct.
111,92,Faceted Sky Blue Topaz,6,WEIGHT,3584,3.5 ct.
111,92,Faceted Sky Blue Topaz,6,WEIGHT,3549,4 ct.
111,92,Faceted Sky Blue Topaz,6,WEIGHT,3610,4.4 ct.
111,92,Faceted Sky Blue Topaz,6,WEIGHT,3528,4.5 ct.
111,92,Faceted Sky Blue Topaz,6,WEIGHT,3598,5.75 ct.
111,92,Faceted Sky Blue Topaz,6,WEIGHT,3529,6 ct.
111,92,Faceted Sky Blue Topaz,6,WEIGHT,3530,7.5 ct.
111,92,Faceted Sky Blue Topaz,6,WEIGHT,3593,8 ct.
111,92,Faceted Sky Blue Topaz,6,WEIGHT,3600,8.5 ct.
111,92,Faceted Sky Blue Topaz,6,WEIGHT,3604,8.8 ct.
111,92,Faceted Sky Blue Topaz,6,WEIGHT,3612,9.5 ct.
111,92,Faceted Sky Blue Topaz,7,SIZE,5984,10 mm
111,92,Faceted Sky Blue Topaz,7,SIZE,6561,10x5 mm
111,92,Faceted Sky Blue Topaz,7,SIZE,6556,10x7 mm
111,92,Faceted Sky Blue Topaz,7,SIZE,5996,10x8 mm
111,92,Faceted Sky Blue Topaz,7,SIZE,5998,11x9 mm
111,92,Faceted Sky Blue Topaz,7,SIZE,5920,12x10 mm
111,92,Faceted Sky Blue Topaz,7,SIZE,5924,12x6 mm
111,92,Faceted Sky Blue Topaz,7,SIZE,6564,12x8 mm
111,92,Faceted Sky Blue Topaz,7,SIZE,6550,14x10 mm
111,92,Faceted Sky Blue Topaz,7,SIZE,6565,15x10 mm
111,92,Faceted Sky Blue Topaz,7,SIZE,6570,15x7 mm
111,92,Faceted Sky Blue Topaz,7,SIZE,6553,16x12 mm
111,92,Faceted Sky Blue Topaz,7,SIZE,6554,18x13 mm
111,92,Faceted Sky Blue Topaz,7,SIZE,6360,2 mm
111,92,Faceted Sky Blue Topaz,7,SIZE,6555,20x15 mm
111,92,Faceted Sky Blue Topaz,7,SIZE,6344,3 mm
111,92,Faceted Sky Blue Topaz,7,SIZE,6177,4 mm
111,92,Faceted Sky Blue Topaz,7,SIZE,6566,4x2 mm
111,92,Faceted Sky Blue Topaz,7,SIZE,6076,5 mm
111,92,Faceted Sky Blue Topaz,7,SIZE,6567,5x2.5 mm
111,92,Faceted Sky Blue Topaz,7,SIZE,6535,5x3 mm
111,92,Faceted Sky Blue Topaz,7,SIZE,6174,6 mm
111,92,Faceted Sky Blue Topaz,7,SIZE,6568,6x3 mm
111,92,Faceted Sky Blue Topaz,7,SIZE,6537,6x4 mm
111,92,Faceted Sky Blue Topaz,7,SIZE,6176,7 mm
111,92,Faceted Sky Blue Topaz,7,SIZE,6538,7x5 mm
111,92,Faceted Sky Blue Topaz,7,SIZE,6263,8 mm
111,92,Faceted Sky Blue Topaz,7,SIZE,6569,8x4 mm
111,92,Faceted Sky Blue Topaz,7,SIZE,6562,8x5 mm
111,92,Faceted Sky Blue Topaz,7,SIZE,6060,8x6 mm
111,92,Faceted Sky Blue Topaz,7,SIZE,6282,9 mm
111,92,Faceted Sky Blue Topaz,7,SIZE,6563,9x6 mm
111,92,Faceted Sky Blue Topaz,7,SIZE,6043,9x7 mm
111,92,Faceted Sky Blue Topaz,8,COLOR,7608,Sky Blue
111,92,Faceted Sky Blue Topaz,10,SHAPE,7717,Heart
111,92,Faceted Sky Blue Topaz,10,SHAPE,7684,Marquise
111,92,Faceted Sky Blue Topaz,10,SHAPE,7689,Octagon
111,92,Faceted Sky Blue Topaz,10,SHAPE,7666,Oval
111,92,Faceted Sky Blue Topaz,10,SHAPE,7672,Pear
111,92,Faceted Sky Blue Topaz,10,SHAPE,7670,Round
111,92,Faceted Sky Blue Topaz,10,SHAPE,7685,Square
111,92,Faceted Sky Blue Topaz,10,SHAPE,7668,Trillion
111,92,Faceted Sky Blue Topaz,11,LUSTER,7918,Nice
111,92,Faceted Sky Blue Topaz,12,HARDNESS,7947,8
111,92,Faceted Sky Blue Topaz,19,NAME,8473,Sky Blue Topaz
113,37,Faceted Peridot,1,TREATMENT,1,Heat Treated
113,37,Faceted Peridot,1,TREATMENT,6,Natural
113,37,Faceted Peridot,2,ORIGIN,42,Arizona
113,37,Faceted Peridot,3,CUT,91,Checker Board
113,37,Faceted Peridot,3,CUT,60,Faceted
113,37,Faceted Peridot,4,CLARITY/GRADE,157,A
113,37,Faceted Peridot,4,CLARITY/GRADE,145,AA
113,37,Faceted Peridot,4,CLARITY/GRADE,144,AAA
113,37,Faceted Peridot,6,WEIGHT,3803,0.03 ct.
113,37,Faceted Peridot,6,WEIGHT,3551,0.05 ct.
113,37,Faceted Peridot,6,WEIGHT,3643,0.10 ct.
113,37,Faceted Peridot,6,WEIGHT,3534,0.15 ct.
113,37,Faceted Peridot,6,WEIGHT,3644,0.20 ct.
113,37,Faceted Peridot,6,WEIGHT,3667,0.23 ct.
113,37,Faceted Peridot,6,WEIGHT,3562,0.25 ct.
113,37,Faceted Peridot,6,WEIGHT,3507,0.3 ct.
113,37,Faceted Peridot,6,WEIGHT,3555,0.35 ct.
113,37,Faceted Peridot,6,WEIGHT,3547,0.4 ct.
113,37,Faceted Peridot,6,WEIGHT,3861,0.45 ct.
113,37,Faceted Peridot,6,WEIGHT,3558,0.5 ct.
113,37,Faceted Peridot,6,WEIGHT,3543,0.65 ct.
113,37,Faceted Peridot,6,WEIGHT,3524,0.75 ct.
113,37,Faceted Peridot,6,WEIGHT,3663,0.85 ct.
113,37,Faceted Peridot,6,WEIGHT,3559,1 ct.
113,37,Faceted Peridot,6,WEIGHT,2434,1.25 ct.
113,37,Faceted Peridot,6,WEIGHT,3607,1.3 ct.
113,37,Faceted Peridot,6,WEIGHT,4887,1.5 ct.
113,37,Faceted Peridot,6,WEIGHT,3591,1.75 ct.
113,37,Faceted Peridot,6,WEIGHT,3561,2 ct.
113,37,Faceted Peridot,6,WEIGHT,3521,2.4 ct.
113,37,Faceted Peridot,6,WEIGHT,3581,2.5 ct.
113,37,Faceted Peridot,6,WEIGHT,3583,2.75 ct.
113,37,Faceted Peridot,7,SIZE,6561,10x5 mm
113,37,Faceted Peridot,7,SIZE,6556,10x7 mm
113,37,Faceted Peridot,7,SIZE,5996,10x8 mm
113,37,Faceted Peridot,7,SIZE,5924,12x6 mm
113,37,Faceted Peridot,7,SIZE,6360,2 mm
113,37,Faceted Peridot,7,SIZE,6344,3 mm
113,37,Faceted Peridot,7,SIZE,6177,4 mm
113,37,Faceted Peridot,7,SIZE,6566,4x2 mm
113,37,Faceted Peridot,7,SIZE,6076,5 mm
113,37,Faceted Peridot,7,SIZE,6567,5x2.5 mm
113,37,Faceted Peridot,7,SIZE,6535,5x3 mm
113,37,Faceted Peridot,7,SIZE,6174,6 mm
113,37,Faceted Peridot,7,SIZE,6568,6x3 mm
113,37,Faceted Peridot,7,SIZE,6537,6x4 mm
113,37,Faceted Peridot,7,SIZE,6176,7 mm
113,37,Faceted Peridot,7,SIZE,6538,7x5 mm
113,37,Faceted Peridot,7,SIZE,6263,8 mm
113,37,Faceted Peridot,7,SIZE,6569,8x4 mm
113,37,Faceted Peridot,7,SIZE,6562,8x5 mm
113,37,Faceted Peridot,7,SIZE,6060,8x6 mm
113,37,Faceted Peridot,7,SIZE,6282,9 mm
113,37,Faceted Peridot,7,SIZE,6563,9x6 mm
113,37,Faceted Peridot,7,SIZE,6043,9x7 mm
113,37,Faceted Peridot,8,COLOR,7481,Green
113,37,Faceted Peridot,10,SHAPE,7695,Cushion
113,37,Faceted Peridot,10,SHAPE,7841,Fancy Square
113,37,Faceted Peridot,10,SHAPE,7717,Heart
113,37,Faceted Peridot,10,SHAPE,7684,Marquise
113,37,Faceted Peridot,10,SHAPE,7689,Octagon
113,37,Faceted Peridot,10,SHAPE,7666,Oval
113,37,Faceted Peridot,10,SHAPE,7672,Pear
113,37,Faceted Peridot,10,SHAPE,7670,Round
113,37,Faceted Peridot,10,SHAPE,7685,Square
113,37,Faceted Peridot,10,SHAPE,7668,Trillion
113,37,Faceted Peridot,11,LUSTER,7918,Nice
113,37,Faceted Peridot,11,LUSTER,7925,Very Nice
113,37,Faceted Peridot,12,HARDNESS,7949,6.5 - 7.0
113,37,Faceted Peridot,12,HARDNESS,7939,6.5 - 7.0
113,37,Faceted Peridot,19,NAME,8407,Peridot
114,37,Cabochon Peridot,1,TREATMENT,6,Natural
114,37,Cabochon Peridot,2,ORIGIN,26,Arizona (USA)
114,37,Cabochon Peridot,3,CUT,61,Cabochon
114,37,Cabochon Peridot,4,CLARITY/GRADE,157,A
114,37,Cabochon Peridot,4,CLARITY/GRADE,145,AA
114,37,Cabochon Peridot,4,CLARITY/GRADE,144,AAA
114,37,Cabochon Peridot,4,CLARITY/GRADE,151,Commercial
114,37,Cabochon Peridot,6,WEIGHT,3532,0.045 ct.
114,37,Cabochon Peridot,6,WEIGHT,3533,0.09 ct.
114,37,Cabochon Peridot,6,WEIGHT,3534,0.15 ct.
114,37,Cabochon Peridot,6,WEIGHT,3523,0.37 ct.
114,37,Cabochon Peridot,6,WEIGHT,3556,0.52 ct.
114,37,Cabochon Peridot,6,WEIGHT,3524,0.75 ct.
114,37,Cabochon Peridot,6,WEIGHT,3557,1.05 ct.
114,37,Cabochon Peridot,6,WEIGHT,3536,1.12 ct.
114,37,Cabochon Peridot,6,WEIGHT,4887,1.5 ct.
114,37,Cabochon Peridot,6,WEIGHT,3537,1.87 ct.
114,37,Cabochon Peridot,6,WEIGHT,3544,1.95 ct.
114,37,Cabochon Peridot,6,WEIGHT,3526,2.25 ct.
114,37,Cabochon Peridot,6,WEIGHT,3538,3 ct.
114,37,Cabochon Peridot,6,WEIGHT,3527,3.75 ct.
114,37,Cabochon Peridot,6,WEIGHT,3539,4.12 ct.
114,37,Cabochon Peridot,6,WEIGHT,3528,4.5 ct.
114,37,Cabochon Peridot,7,SIZE,6556,10x7 mm
114,37,Cabochon Peridot,7,SIZE,5996,10x8 mm
114,37,Cabochon Peridot,7,SIZE,6360,2 mm
114,37,Cabochon Peridot,7,SIZE,6363,2.5 mm
114,37,Cabochon Peridot,7,SIZE,6344,3 mm
114,37,Cabochon Peridot,7,SIZE,6177,4 mm
114,37,Cabochon Peridot,7,SIZE,6076,5 mm
114,37,Cabochon Peridot,7,SIZE,6535,5x3 mm
114,37,Cabochon Peridot,7,SIZE,6174,6 mm
114,37,Cabochon Peridot,7,SIZE,6537,6x4 mm
114,37,Cabochon Peridot,7,SIZE,6176,7 mm
114,37,Cabochon Peridot,7,SIZE,6538,7x5 mm
114,37,Cabochon Peridot,7,SIZE,6263,8 mm
114,37,Cabochon Peridot,7,SIZE,6060,8x6 mm
114,37,Cabochon Peridot,7,SIZE,6043,9x7 mm
114,37,Cabochon Peridot,8,COLOR,7505,Olive Green
114,37,Cabochon Peridot,10,SHAPE,7717,Heart
114,37,Cabochon Peridot,10,SHAPE,7666,Oval
114,37,Cabochon Peridot,10,SHAPE,7672,Pear
114,37,Cabochon Peridot,10,SHAPE,7670,Round
114,37,Cabochon Peridot,11,LUSTER,7916,Bright
114,37,Cabochon Peridot,12,HARDNESS,7939,6.5 - 7.0
114,37,Cabochon Peridot,19,NAME,8407,Peridot
115,38,Faceted Rhodolite Garnet,1,TREATMENT,1,Heat Treated
115,38,Faceted Rhodolite Garnet,1,TREATMENT,3,None
115,38,Faceted Rhodolite Garnet,2,ORIGIN,23,India
115,38,Faceted Rhodolite Garnet,3,CUT,91,Checker Board
115,38,Faceted Rhodolite Garnet,3,CUT,81,Diamond
115,38,Faceted Rhodolite Garnet,3,CUT,60,Faceted
115,38,Faceted Rhodolite Garnet,4,CLARITY/GRADE,157,A
115,38,Faceted Rhodolite Garnet,4,CLARITY/GRADE,145,AA
115,38,Faceted Rhodolite Garnet,4,CLARITY/GRADE,144,AAA
115,38,Faceted Rhodolite Garnet,4,CLARITY/GRADE,130,VVS
115,38,Faceted Rhodolite Garnet,6,WEIGHT,3533,0.09 ct.
115,38,Faceted Rhodolite Garnet,6,WEIGHT,3620,0.13 ct.
115,38,Faceted Rhodolite Garnet,6,WEIGHT,3633,0.16 ct.
115,38,Faceted Rhodolite Garnet,6,WEIGHT,3562,0.25 ct.
115,38,Faceted Rhodolite Garnet,6,WEIGHT,3507,0.3 ct.
115,38,Faceted Rhodolite Garnet,6,WEIGHT,3547,0.4 ct.
115,38,Faceted Rhodolite Garnet,6,WEIGHT,3634,0.42 ct.
115,38,Faceted Rhodolite Garnet,6,WEIGHT,3558,0.5 ct.
115,38,Faceted Rhodolite Garnet,6,WEIGHT,4888,0.55 ct
115,38,Faceted Rhodolite Garnet,6,WEIGHT,3578,0.6 ct.
115,38,Faceted Rhodolite Garnet,6,WEIGHT,3524,0.75 ct.
115,38,Faceted Rhodolite Garnet,6,WEIGHT,3579,0.8 ct.
115,38,Faceted Rhodolite Garnet,6,WEIGHT,3559,1 ct.
115,38,Faceted Rhodolite Garnet,6,WEIGHT,3622,1.15 ct.
115,38,Faceted Rhodolite Garnet,6,WEIGHT,3589,1.2 ct.
115,38,Faceted Rhodolite Garnet,6,WEIGHT,2434,1.25 ct.
115,38,Faceted Rhodolite Garnet,6,WEIGHT,3607,1.3 ct.
115,38,Faceted Rhodolite Garnet,6,WEIGHT,3625,1.4 ct.
115,38,Faceted Rhodolite Garnet,6,WEIGHT,4887,1.5 ct.
115,38,Faceted Rhodolite Garnet,6,WEIGHT,3603,1.6 ct.
115,38,Faceted Rhodolite Garnet,6,WEIGHT,3630,1.7 ct.
115,38,Faceted Rhodolite Garnet,6,WEIGHT,3591,1.75 ct.
115,38,Faceted Rhodolite Garnet,6,WEIGHT,3617,1.8 ct.
115,38,Faceted Rhodolite Garnet,6,WEIGHT,3585,10 ct.
115,38,Faceted Rhodolite Garnet,6,WEIGHT,747,10.25 Carats
115,38,Faceted Rhodolite Garnet,6,WEIGHT,1727,10.3 Carats
115,38,Faceted Rhodolite Garnet,6,WEIGHT,3605,10.5 ct.
115,38,Faceted Rhodolite Garnet,6,WEIGHT,757,10.88 Carats
115,38,Faceted Rhodolite Garnet,6,WEIGHT,365,11.43 Carats
115,38,Faceted Rhodolite Garnet,6,WEIGHT,1718,11.8 Carats
115,38,Faceted Rhodolite Garnet,6,WEIGHT,756,11.84 Carats
115,38,Faceted Rhodolite Garnet,6,WEIGHT,3553,16 ct.
115,38,Faceted Rhodolite Garnet,6,WEIGHT,4941,16.3 ct.
115,38,Faceted Rhodolite Garnet,6,WEIGHT,3561,2 ct.
115,38,Faceted Rhodolite Garnet,6,WEIGHT,3626,2.1 ct.
115,38,Faceted Rhodolite Garnet,6,WEIGHT,3526,2.25 ct.
115,38,Faceted Rhodolite Garnet,6,WEIGHT,4783,2.45 cts.
115,38,Faceted Rhodolite Garnet,6,WEIGHT,3581,2.5 ct.
115,38,Faceted Rhodolite Garnet,6,WEIGHT,3627,2.8 ct.
115,38,Faceted Rhodolite Garnet,6,WEIGHT,3635,2.85 ct.
115,38,Faceted Rhodolite Garnet,6,WEIGHT,3554,20 ct.
115,38,Faceted Rhodolite Garnet,6,WEIGHT,1708,20.8 Carats
115,38,Faceted Rhodolite Garnet,6,WEIGHT,3606,22 ct.
115,38,Faceted Rhodolite Garnet,6,WEIGHT,4958,23.5 ct.
115,38,Faceted Rhodolite Garnet,6,WEIGHT,3538,3 ct.
115,38,Faceted Rhodolite Garnet,6,WEIGHT,1215,3.05 Carats
115,38,Faceted Rhodolite Garnet,6,WEIGHT,1243,3.25 Carats
115,38,Faceted Rhodolite Garnet,6,WEIGHT,4898,3.35 ct.
115,38,Faceted Rhodolite Garnet,6,WEIGHT,3611,3.4 ct.
115,38,Faceted Rhodolite Garnet,6,WEIGHT,750,3.41 Carats
115,38,Faceted Rhodolite Garnet,6,WEIGHT,1714,3.45 Carats
115,38,Faceted Rhodolite Garnet,6,WEIGHT,3584,3.5 ct.
115,38,Faceted Rhodolite Garnet,6,WEIGHT,4681,3.55 cts.
115,38,Faceted Rhodolite Garnet,6,WEIGHT,4313,3.6 ct.
115,38,Faceted Rhodolite Garnet,6,WEIGHT,3621,3.7 ct.
115,38,Faceted Rhodolite Garnet,6,WEIGHT,3527,3.75 ct.
115,38,Faceted Rhodolite Garnet,6,WEIGHT,927,3.96 Carats
115,38,Faceted Rhodolite Garnet,6,WEIGHT,3549,4 ct.
115,38,Faceted Rhodolite Garnet,6,WEIGHT,1076,4.06 Carats
115,38,Faceted Rhodolite Garnet,6,WEIGHT,4345,4.11 ct.
115,38,Faceted Rhodolite Garnet,6,WEIGHT,4960,4.15 ct.
115,38,Faceted Rhodolite Garnet,6,WEIGHT,272,4.26 Carats
115,38,Faceted Rhodolite Garnet,6,WEIGHT,3631,4.3 ct.
115,38,Faceted Rhodolite Garnet,6,WEIGHT,3610,4.4 ct.
115,38,Faceted Rhodolite Garnet,6,WEIGHT,751,4.46 Carats
115,38,Faceted Rhodolite Garnet,6,WEIGHT,503,4.5 Carats
115,38,Faceted Rhodolite Garnet,6,WEIGHT,3528,4.5 ct.
115,38,Faceted Rhodolite Garnet,6,WEIGHT,752,4.64 Carats
115,38,Faceted Rhodolite Garnet,6,WEIGHT,368,4.65 Carats
115,38,Faceted Rhodolite Garnet,6,WEIGHT,4496,4.75 ct.
115,38,Faceted Rhodolite Garnet,6,WEIGHT,306,4.8 ct.
115,38,Faceted Rhodolite Garnet,6,WEIGHT,598,4.83 Carats
115,38,Faceted Rhodolite Garnet,6,WEIGHT,4337,4.9 ct.
115,38,Faceted Rhodolite Garnet,6,WEIGHT,1712,4.95 Carats
115,38,Faceted Rhodolite Garnet,6,WEIGHT,4959,42.8 ct.
115,38,Faceted Rhodolite Garnet,6,WEIGHT,3590,5 ct.
115,38,Faceted Rhodolite Garnet,6,WEIGHT,4336,5.1 ct.
115,38,Faceted Rhodolite Garnet,6,WEIGHT,366,5.13 Carats
115,38,Faceted Rhodolite Garnet,6,WEIGHT,3628,5.15 ct.
115,38,Faceted Rhodolite Garnet,6,WEIGHT,4495,5.2 ct.
115,38,Faceted Rhodolite Garnet,6,WEIGHT,3540,5.25 ct.
115,38,Faceted Rhodolite Garnet,6,WEIGHT,749,5.26 Carats
115,38,Faceted Rhodolite Garnet,6,WEIGHT,4338,5.3 ct.
115,38,Faceted Rhodolite Garnet,6,WEIGHT,1702,5.55 Carats
115,38,Faceted Rhodolite Garnet,6,WEIGHT,600,5.57 Carats
115,38,Faceted Rhodolite Garnet,6,WEIGHT,748,5.73 Carats
115,38,Faceted Rhodolite Garnet,6,WEIGHT,3598,5.75 ct.
115,38,Faceted Rhodolite Garnet,6,WEIGHT,3623,5.8 ct.
115,38,Faceted Rhodolite Garnet,6,WEIGHT,4955,5.9 ct.
115,38,Faceted Rhodolite Garnet,6,WEIGHT,760,5.94 Carats
115,38,Faceted Rhodolite Garnet,6,WEIGHT,3529,6 ct.
115,38,Faceted Rhodolite Garnet,6,WEIGHT,746,6.15 Carats
115,38,Faceted Rhodolite Garnet,6,WEIGHT,4954,6.15 ct.
115,38,Faceted Rhodolite Garnet,6,WEIGHT,1077,6.19 Carats
115,38,Faceted Rhodolite Garnet,6,WEIGHT,4492,6.25 ct.
115,38,Faceted Rhodolite Garnet,6,WEIGHT,364,6.27 Carats
115,38,Faceted Rhodolite Garnet,6,WEIGHT,3632,6.35 ct.
115,38,Faceted Rhodolite Garnet,6,WEIGHT,3550,6.5 ct.
115,38,Faceted Rhodolite Garnet,6,WEIGHT,4333,6.55 ct.
115,38,Faceted Rhodolite Garnet,6,WEIGHT,3629,6.6 ct.
115,38,Faceted Rhodolite Garnet,6,WEIGHT,4900,6.63 ct
115,38,Faceted Rhodolite Garnet,6,WEIGHT,4765,6.65 cts.
115,38,Faceted Rhodolite Garnet,6,WEIGHT,753,6.66 Carats
115,38,Faceted Rhodolite Garnet,6,WEIGHT,4335,7.1 ct.
115,38,Faceted Rhodolite Garnet,6,WEIGHT,785,7.15 Carats
115,38,Faceted Rhodolite Garnet,6,WEIGHT,1341,7.2 Carats
115,38,Faceted Rhodolite Garnet,6,WEIGHT,758,7.23 Carats
115,38,Faceted Rhodolite Garnet,6,WEIGHT,4328,7.3 ct.
115,38,Faceted Rhodolite Garnet,6,WEIGHT,362,7.31 Carats
115,38,Faceted Rhodolite Garnet,6,WEIGHT,4353,7.4 ct.
115,38,Faceted Rhodolite Garnet,6,WEIGHT,4614,7.75 ct.
115,38,Faceted Rhodolite Garnet,6,WEIGHT,3615,7.8 ct.
115,38,Faceted Rhodolite Garnet,6,WEIGHT,755,7.92 Carats
115,38,Faceted Rhodolite Garnet,6,WEIGHT,754,7.96 Carats
115,38,Faceted Rhodolite Garnet,6,WEIGHT,3593,8 ct.
115,38,Faceted Rhodolite Garnet,6,WEIGHT,1365,8.05 Carats
115,38,Faceted Rhodolite Garnet,6,WEIGHT,4963,8.1 ct.
115,38,Faceted Rhodolite Garnet,6,WEIGHT,3600,8.5 ct.
115,38,Faceted Rhodolite Garnet,6,WEIGHT,4357,8.7 ct.
115,38,Faceted Rhodolite Garnet,6,WEIGHT,4961,8.75 ct.
115,38,Faceted Rhodolite Garnet,6,WEIGHT,3531,9 ct.
115,38,Faceted Rhodolite Garnet,6,WEIGHT,1190,9.05 Carats
115,38,Faceted Rhodolite Garnet,6,WEIGHT,1079,9.69 Carats
115,38,Faceted Rhodolite Garnet,7,SIZE,5994,10 . 5 mm
115,38,Faceted Rhodolite Garnet,7,SIZE,5987,10 . 9 x 8 . 9 mm
115,38,Faceted Rhodolite Garnet,7,SIZE,5984,10 mm
115,38,Faceted Rhodolite Garnet,7,SIZE,7439,10 x 5 mm
115,38,Faceted Rhodolite Garnet,7,SIZE,5231,10.0X10.0mm
115,38,Faceted Rhodolite Garnet,7,SIZE,5968,10.1x8.1 mm
115,38,Faceted Rhodolite Garnet,7,SIZE,5949,10.7X8.9 mm
115,38,Faceted Rhodolite Garnet,7,SIZE,5965,10.8 mm
115,38,Faceted Rhodolite Garnet,7,SIZE,5243,10.9X8.9mm
115,38,Faceted Rhodolite Garnet,7,SIZE,6561,10x5 mm
115,38,Faceted Rhodolite Garnet,7,SIZE,6556,10x7 mm
115,38,Faceted Rhodolite Garnet,7,SIZE,5996,10x8 mm
115,38,Faceted Rhodolite Garnet,7,SIZE,5960,10x8.2 mm
115,38,Faceted Rhodolite Garnet,7,SIZE,5980,11 . 9 mm
115,38,Faceted Rhodolite Garnet,7,SIZE,5977,11 mm
115,38,Faceted Rhodolite Garnet,7,SIZE,7367,11 x 5 mm
115,38,Faceted Rhodolite Garnet,7,SIZE,5988,11 x 8 .9 mm
115,38,Faceted Rhodolite Garnet,7,SIZE,7425,11 x 8.5 mm
115,38,Faceted Rhodolite Garnet,7,SIZE,5983,11 x 9 mm
115,38,Faceted Rhodolite Garnet,7,SIZE,5981,11. 9 x 9. 9 mm
115,38,Faceted Rhodolite Garnet,7,SIZE,5181,11.0X8.9mm
115,38,Faceted Rhodolite Garnet,7,SIZE,5178,11.2X9.5mm
115,38,Faceted Rhodolite Garnet,7,SIZE,5967,11.3x8.2 mm
115,38,Faceted Rhodolite Garnet,7,SIZE,6038,11.4x9 mm
115,38,Faceted Rhodolite Garnet,7,SIZE,5964,11.5 mm
115,38,Faceted Rhodolite Garnet,7,SIZE,5918,11.5x9.4 mm
115,38,Faceted Rhodolite Garnet,7,SIZE,5936,11.6x7.6 mm
115,38,Faceted Rhodolite Garnet,7,SIZE,5241,11.7X8.9mm
115,38,Faceted Rhodolite Garnet,7,SIZE,5915,11.7x9.6 mm
115,38,Faceted Rhodolite Garnet,7,SIZE,5195,11.8X9.2mm
115,38,Faceted Rhodolite Garnet,7,SIZE,5185,11.9X9.9mm
115,38,Faceted Rhodolite Garnet,7,SIZE,5959,11X8.5 mm
115,38,Faceted Rhodolite Garnet,7,SIZE,5946,11X8.7 mm
115,38,Faceted Rhodolite Garnet,7,SIZE,5937,11X8.9 mm
115,38,Faceted Rhodolite Garnet,7,SIZE,5998,11x9 mm
115,38,Faceted Rhodolite Garnet,7,SIZE,5989,12 . 4 x 10 . 7 mm
115,38,Faceted Rhodolite Garnet,7,SIZE,5991,12 . 5 x 10 . 8 mm
115,38,Faceted Rhodolite Garnet,7,SIZE,5975,12 . 6 x 10 . 2 mm
115,38,Faceted Rhodolite Garnet,7,SIZE,5976,12 . 7 x 9 mm
115,38,Faceted Rhodolite Garnet,7,SIZE,7417,12 x 10 mm
115,38,Faceted Rhodolite Garnet,7,SIZE,7409,12 x 12 mm
115,38,Faceted Rhodolite Garnet,7,SIZE,7438,12 x 6 mm
115,38,Faceted Rhodolite Garnet,7,SIZE,5180,12.0X6.1mm
115,38,Faceted Rhodolite Garnet,7,SIZE,5242,12.0X9.4mm
115,38,Faceted Rhodolite Garnet,7,SIZE,5962,12.1X8.1 mm
115,38,Faceted Rhodolite Garnet,7,SIZE,5923,12.2x7.8 mm
115,38,Faceted Rhodolite Garnet,7,SIZE,5192,12.2X9.8mm
115,38,Faceted Rhodolite Garnet,7,SIZE,5194,12.4X10.7mm
115,38,Faceted Rhodolite Garnet,7,SIZE,5186,12.5X10.8mm
115,38,Faceted Rhodolite Garnet,7,SIZE,5041,12.5X12.5 mm
115,38,Faceted Rhodolite Garnet,7,SIZE,5971,12.5x9.15 mm
115,38,Faceted Rhodolite Garnet,7,SIZE,5188,12.6X10.3mm
115,38,Faceted Rhodolite Garnet,7,SIZE,5921,12.7x10.5 mm
115,38,Faceted Rhodolite Garnet,7,SIZE,5179,12.7X9.2mm
115,38,Faceted Rhodolite Garnet,7,SIZE,5176,12.8X9.8mm
115,38,Faceted Rhodolite Garnet,7,SIZE,5920,12x10 mm
115,38,Faceted Rhodolite Garnet,7,SIZE,5924,12x6 mm
115,38,Faceted Rhodolite Garnet,7,SIZE,6564,12x8 mm
115,38,Faceted Rhodolite Garnet,7,SIZE,5039,13.0X13.0mm
115,38,Faceted Rhodolite Garnet,7,SIZE,5182,13.0X7.6mm
115,38,Faceted Rhodolite Garnet,7,SIZE,5931,13.2x6.8 mm
115,38,Faceted Rhodolite Garnet,7,SIZE,5930,13.4x6.2 mm
115,38,Faceted Rhodolite Garnet,7,SIZE,5244,13.5X6.4mm
115,38,Faceted Rhodolite Garnet,7,SIZE,5957,13.5X6.8 mm
115,38,Faceted Rhodolite Garnet,7,SIZE,5958,13.6X10.5 mm
115,38,Faceted Rhodolite Garnet,7,SIZE,5183,13.8X10.3mm
115,38,Faceted Rhodolite Garnet,7,SIZE,5934,13.8X9.2 mm
115,38,Faceted Rhodolite Garnet,7,SIZE,5932,13.9x7 mm
115,38,Faceted Rhodolite Garnet,7,SIZE,5933,13x7.8 mm
115,38,Faceted Rhodolite Garnet,7,SIZE,5973,14 x 10 . 5 mm
115,38,Faceted Rhodolite Garnet,7,SIZE,7331,14 x 10 mm
115,38,Faceted Rhodolite Garnet,7,SIZE,5995,14 x 11 . 5 mm
115,38,Faceted Rhodolite Garnet,7,SIZE,7371,14 x 12 mm
115,38,Faceted Rhodolite Garnet,7,SIZE,5190,14.0X9.7.0mm
115,38,Faceted Rhodolite Garnet,7,SIZE,5042,14.1X14.1mm
115,38,Faceted Rhodolite Garnet,7,SIZE,5045,14.2X7.2mm
115,38,Faceted Rhodolite Garnet,7,SIZE,5245,14.4X11.4 mm
115,38,Faceted Rhodolite Garnet,7,SIZE,5970,14.5x7.5 mm
115,38,Faceted Rhodolite Garnet,7,SIZE,5043,14.5X9.3mm
115,38,Faceted Rhodolite Garnet,7,SIZE,6550,14x10 mm
115,38,Faceted Rhodolite Garnet,7,SIZE,6616,14x2 mm
115,38,Faceted Rhodolite Garnet,7,SIZE,5922,14x8.3 mm
115,38,Faceted Rhodolite Garnet,7,SIZE,5961,14X9.7 mm
115,38,Faceted Rhodolite Garnet,7,SIZE,5935,14x9.8 mm
115,38,Faceted Rhodolite Garnet,7,SIZE,5974,15 x 10 mm
115,38,Faceted Rhodolite Garnet,7,SIZE,7392,15 x 8 mm
115,38,Faceted Rhodolite Garnet,7,SIZE,5919,15.1x7.1 mm
115,38,Faceted Rhodolite Garnet,7,SIZE,5233,15.3X9.1mm
115,38,Faceted Rhodolite Garnet,7,SIZE,5189,15.4X10.0mm
115,38,Faceted Rhodolite Garnet,7,SIZE,6565,15x10 mm
115,38,Faceted Rhodolite Garnet,7,SIZE,6570,15x7 mm
115,38,Faceted Rhodolite Garnet,7,SIZE,7431,16 x 14 mm
115,38,Faceted Rhodolite Garnet,7,SIZE,7330,16 x 8 mm
115,38,Faceted Rhodolite Garnet,7,SIZE,7427,16 x 9 mm
115,38,Faceted Rhodolite Garnet,7,SIZE,5187,16.0X11.7mm
115,38,Faceted Rhodolite Garnet,7,SIZE,5238,16.9X8.9mm
115,38,Faceted Rhodolite Garnet,7,SIZE,6553,16x12 mm
115,38,Faceted Rhodolite Garnet,7,SIZE,5972,17 x 10 . 3 mm
115,38,Faceted Rhodolite Garnet,7,SIZE,5992,17 x 11 . 5 mm
115,38,Faceted Rhodolite Garnet,7,SIZE,5177,17.4X11.9mm
115,38,Faceted Rhodolite Garnet,7,SIZE,6554,18x13 mm
115,38,Faceted Rhodolite Garnet,7,SIZE,6360,2 mm
115,38,Faceted Rhodolite Garnet,7,SIZE,7329,20 x 15 mm
115,38,Faceted Rhodolite Garnet,7,SIZE,6555,20x15 mm
115,38,Faceted Rhodolite Garnet,7,SIZE,7414,21 x 17 mm
115,38,Faceted Rhodolite Garnet,7,SIZE,6344,3 mm
115,38,Faceted Rhodolite Garnet,7,SIZE,6177,4 mm
115,38,Faceted Rhodolite Garnet,7,SIZE,6566,4x2 mm
115,38,Faceted Rhodolite Garnet,7,SIZE,6076,5 mm
115,38,Faceted Rhodolite Garnet,7,SIZE,6567,5x2.5 mm
115,38,Faceted Rhodolite Garnet,7,SIZE,6535,5x3 mm
115,38,Faceted Rhodolite Garnet,7,SIZE,6174,6 mm
115,38,Faceted Rhodolite Garnet,7,SIZE,6568,6x3 mm
115,38,Faceted Rhodolite Garnet,7,SIZE,6184,6x4
115,38,Faceted Rhodolite Garnet,7,SIZE,6537,6x4 mm
115,38,Faceted Rhodolite Garnet,7,SIZE,6557,6x8 mm
115,38,Faceted Rhodolite Garnet,7,SIZE,6176,7 mm
115,38,Faceted Rhodolite Garnet,7,SIZE,6264,7.5 mm
115,38,Faceted Rhodolite Garnet,7,SIZE,6538,7x5 mm
115,38,Faceted Rhodolite Garnet,7,SIZE,6263,8 mm
115,38,Faceted Rhodolite Garnet,7,SIZE,7318,8 x 4 mm
115,38,Faceted Rhodolite Garnet,7,SIZE,7426,8 x 8 mm
115,38,Faceted Rhodolite Garnet,7,SIZE,6569,8x4 mm
115,38,Faceted Rhodolite Garnet,7,SIZE,6562,8x5 mm
115,38,Faceted Rhodolite Garnet,7,SIZE,6060,8x6 mm
115,38,Faceted Rhodolite Garnet,7,SIZE,5993,9 . 7 mm
115,38,Faceted Rhodolite Garnet,7,SIZE,5966,9 . 8 x 7 . 8 mm
115,38,Faceted Rhodolite Garnet,7,SIZE,6282,9 mm
115,38,Faceted Rhodolite Garnet,7,SIZE,7300,9 x 7 mm
115,38,Faceted Rhodolite Garnet,7,SIZE,7285,9 x 9mm
115,38,Faceted Rhodolite Garnet,7,SIZE,6563,9x6 mm
115,38,Faceted Rhodolite Garnet,7,SIZE,6043,9x7 mm
115,38,Faceted Rhodolite Garnet,8,COLOR,7519,Dark Red
115,38,Faceted Rhodolite Garnet,8,COLOR,7467,Raspberry Red
115,38,Faceted Rhodolite Garnet,10,SHAPE,7691,Baguette
115,38,Faceted Rhodolite Garnet,10,SHAPE,7814,Briolette
115,38,Faceted Rhodolite Garnet,10,SHAPE,7773,Buff Top Cushion
115,38,Faceted Rhodolite Garnet,10,SHAPE,7774,Buff Top Long Cushion
115,38,Faceted Rhodolite Garnet,10,SHAPE,7777,Buff Top Marquise
115,38,Faceted Rhodolite Garnet,10,SHAPE,7775,Buff Top Oval
115,38,Faceted Rhodolite Garnet,10,SHAPE,7776,Buff Top Square
115,38,Faceted Rhodolite Garnet,10,SHAPE,7772,Buff Top Trillion
115,38,Faceted Rhodolite Garnet,10,SHAPE,7820,Bullet
115,38,Faceted Rhodolite Garnet,10,SHAPE,7695,Cushion
115,38,Faceted Rhodolite Garnet,10,SHAPE,7679,Cushion Checker board
115,38,Faceted Rhodolite Garnet,10,SHAPE,7742,Emerald
115,38,Faceted Rhodolite Garnet,10,SHAPE,7768,Fancy
115,38,Faceted Rhodolite Garnet,10,SHAPE,7910,Fancy Arrow
115,38,Faceted Rhodolite Garnet,10,SHAPE,7717,Heart
115,38,Faceted Rhodolite Garnet,10,SHAPE,7709,Long Baguette
115,38,Faceted Rhodolite Garnet,10,SHAPE,7678,Long Cushion Checker board
115,38,Faceted Rhodolite Garnet,10,SHAPE,7684,Marquise
115,38,Faceted Rhodolite Garnet,10,SHAPE,7689,Octagon
115,38,Faceted Rhodolite Garnet,10,SHAPE,7705,Octagonal
115,38,Faceted Rhodolite Garnet,10,SHAPE,7666,Oval
115,38,Faceted Rhodolite Garnet,10,SHAPE,7672,Pear
115,38,Faceted Rhodolite Garnet,10,SHAPE,7762,Roll Top Cushion
115,38,Faceted Rhodolite Garnet,10,SHAPE,7761,Roll Top Long Cushion
115,38,Faceted Rhodolite Garnet,10,SHAPE,7757,Roll Top Oval
115,38,Faceted Rhodolite Garnet,10,SHAPE,7759,Roll Top Round
115,38,Faceted Rhodolite Garnet,10,SHAPE,7758,Roll Top Trillion
115,38,Faceted Rhodolite Garnet,10,SHAPE,7670,Round
115,38,Faceted Rhodolite Garnet,10,SHAPE,7912,Round Bullette
115,38,Faceted Rhodolite Garnet,10,SHAPE,7685,Square
115,38,Faceted Rhodolite Garnet,10,SHAPE,7668,Trillion
115,38,Faceted Rhodolite Garnet,11,LUSTER,7916,Bright
115,38,Faceted Rhodolite Garnet,11,LUSTER,7918,Nice
115,38,Faceted Rhodolite Garnet,11,LUSTER,7917,Very Fine
115,38,Faceted Rhodolite Garnet,11,LUSTER,7925,Very Nice
115,38,Faceted Rhodolite Garnet,12,HARDNESS,7934,7.0 - 7.5
115,38,Faceted Rhodolite Garnet,12,HARDNESS,7942,7.0 - 7.5
115,38,Faceted Rhodolite Garnet,12,HARDNESS,7938,7.0 - 7.5
115,38,Faceted Rhodolite Garnet,13,GRADE,8038,AA
115,38,Faceted Rhodolite Garnet,13,GRADE,8037,AAA
115,38,Faceted Rhodolite Garnet,13,GRADE,8070,Super Fine
115,38,Faceted Rhodolite Garnet,19,NAME,8408,Garnet
115,38,Faceted Rhodolite Garnet,19,NAME,8416,Rhodolite Garnet
115,38,Faceted Rhodolite Garnet,19,NAME,8399,Rhodolite Garnet
115,38,Faceted Rhodolite Garnet,19,NAME,8476,Rhodolite Garnet
115,38,Faceted Rhodolite Garnet,20,DEPTH,8555,2 mm
115,38,Faceted Rhodolite Garnet,20,DEPTH,8546,3 . 9 mm
115,38,Faceted Rhodolite Garnet,20,DEPTH,8751,3 mm
115,38,Faceted Rhodolite Garnet,20,DEPTH,8524,3.4 mm
115,38,Faceted Rhodolite Garnet,20,DEPTH,8753,3.5 mm
115,38,Faceted Rhodolite Garnet,20,DEPTH,8533,3.9 mm
115,38,Faceted Rhodolite Garnet,20,DEPTH,8560,4 . 6 mm
115,38,Faceted Rhodolite Garnet,20,DEPTH,8744,4 mm
115,38,Faceted Rhodolite Garnet,20,DEPTH,8541,4.2 mm
115,38,Faceted Rhodolite Garnet,20,DEPTH,8527,4.3 mm
115,38,Faceted Rhodolite Garnet,20,DEPTH,8547,4.4 mm
115,38,Faceted Rhodolite Garnet,20,DEPTH,8548,4.5 mm
115,38,Faceted Rhodolite Garnet,20,DEPTH,8549,4.6 mm
115,38,Faceted Rhodolite Garnet,20,DEPTH,8534,4.7 mm
115,38,Faceted Rhodolite Garnet,20,DEPTH,8539,4.8 mm
115,38,Faceted Rhodolite Garnet,20,DEPTH,8542,4.9 mm
115,38,Faceted Rhodolite Garnet,20,DEPTH,8558,5 . 3 mm
115,38,Faceted Rhodolite Garnet,20,DEPTH,8552,5 . 89 mm
115,38,Faceted Rhodolite Garnet,20,DEPTH,8563,5 .4 mm
115,38,Faceted Rhodolite Garnet,20,DEPTH,8521,5 mm
115,38,Faceted Rhodolite Garnet,20,DEPTH,8543,5.13 mm
115,38,Faceted Rhodolite Garnet,20,DEPTH,8537,5.2 mm
115,38,Faceted Rhodolite Garnet,20,DEPTH,8535,5.5 mm
115,38,Faceted Rhodolite Garnet,20,DEPTH,8525,5.6 mm
115,38,Faceted Rhodolite Garnet,20,DEPTH,8536,5.7 mm
115,38,Faceted Rhodolite Garnet,20,DEPTH,8526,5.8 mm
115,38,Faceted Rhodolite Garnet,20,DEPTH,8562,6 .4 mm
115,38,Faceted Rhodolite Garnet,20,DEPTH,8523,6 mm
115,38,Faceted Rhodolite Garnet,20,DEPTH,8529,6.2 mm
115,38,Faceted Rhodolite Garnet,20,DEPTH,8551,6.3 mm
115,38,Faceted Rhodolite Garnet,20,DEPTH,8556,6.6 mm
115,38,Faceted Rhodolite Garnet,20,DEPTH,8530,6.9 mm
115,38,Faceted Rhodolite Garnet,20,DEPTH,8544,7 mm
115,38,Faceted Rhodolite Garnet,20,DEPTH,8745,8 mm
115,38,Faceted Rhodolite Garnet,20,DEPTH,8564,9 mm
115,38,Faceted Rhodolite Garnet,22,CLARITY,8589,VS
116,38,Cabochon Rhodolite Garnet,1,TREATMENT,3,None
116,38,Cabochon Rhodolite Garnet,2,ORIGIN,23,India
116,38,Cabochon Rhodolite Garnet,3,CUT,61,Cabochon
116,38,Cabochon Rhodolite Garnet,4,CLARITY/GRADE,157,A
116,38,Cabochon Rhodolite Garnet,4,CLARITY/GRADE,145,AA
116,38,Cabochon Rhodolite Garnet,4,CLARITY/GRADE,144,AAA
116,38,Cabochon Rhodolite Garnet,4,CLARITY/GRADE,193,Super
116,38,Cabochon Rhodolite Garnet,6,WEIGHT,3595,0.11 ct.
116,38,Cabochon Rhodolite Garnet,6,WEIGHT,3562,0.25 ct.
116,38,Cabochon Rhodolite Garnet,6,WEIGHT,3507,0.3 ct.
116,38,Cabochon Rhodolite Garnet,6,WEIGHT,3555,0.35 ct.
116,38,Cabochon Rhodolite Garnet,6,WEIGHT,3547,0.4 ct.
116,38,Cabochon Rhodolite Garnet,6,WEIGHT,3510,0.48 ct.
116,38,Cabochon Rhodolite Garnet,6,WEIGHT,3558,0.5 ct.
116,38,Cabochon Rhodolite Garnet,6,WEIGHT,3578,0.6 ct.
116,38,Cabochon Rhodolite Garnet,6,WEIGHT,3524,0.75 ct.
116,38,Cabochon Rhodolite Garnet,6,WEIGHT,3515,0.9 ct.
116,38,Cabochon Rhodolite Garnet,6,WEIGHT,3559,1 ct.
116,38,Cabochon Rhodolite Garnet,6,WEIGHT,3589,1.2 ct.
116,38,Cabochon Rhodolite Garnet,6,WEIGHT,2434,1.25 ct.
116,38,Cabochon Rhodolite Garnet,6,WEIGHT,4887,1.5 ct.
116,38,Cabochon Rhodolite Garnet,6,WEIGHT,3619,1.56 ct.
116,38,Cabochon Rhodolite Garnet,6,WEIGHT,3591,1.75 ct.
116,38,Cabochon Rhodolite Garnet,6,WEIGHT,3617,1.8 ct.
116,38,Cabochon Rhodolite Garnet,6,WEIGHT,3618,1.9 ct.
116,38,Cabochon Rhodolite Garnet,6,WEIGHT,3616,12.5 ct.
116,38,Cabochon Rhodolite Garnet,6,WEIGHT,3561,2 ct.
116,38,Cabochon Rhodolite Garnet,6,WEIGHT,3526,2.25 ct.
116,38,Cabochon Rhodolite Garnet,6,WEIGHT,3521,2.4 ct.
116,38,Cabochon Rhodolite Garnet,6,WEIGHT,3581,2.5 ct.
116,38,Cabochon Rhodolite Garnet,6,WEIGHT,3538,3 ct.
116,38,Cabochon Rhodolite Garnet,6,WEIGHT,3527,3.75 ct.
116,38,Cabochon Rhodolite Garnet,6,WEIGHT,3549,4 ct.
116,38,Cabochon Rhodolite Garnet,6,WEIGHT,3528,4.5 ct.
116,38,Cabochon Rhodolite Garnet,6,WEIGHT,3590,5 ct.
116,38,Cabochon Rhodolite Garnet,6,WEIGHT,3529,6 ct.
116,38,Cabochon Rhodolite Garnet,6,WEIGHT,3550,6.5 ct.
116,38,Cabochon Rhodolite Garnet,6,WEIGHT,3615,7.8 ct.
116,38,Cabochon Rhodolite Garnet,7,SIZE,5984,10 mm
116,38,Cabochon Rhodolite Garnet,7,SIZE,7439,10 x 5 mm
116,38,Cabochon Rhodolite Garnet,7,SIZE,5996,10x8 mm
116,38,Cabochon Rhodolite Garnet,7,SIZE,5977,11 mm
116,38,Cabochon Rhodolite Garnet,7,SIZE,7367,11 x 5 mm
116,38,Cabochon Rhodolite Garnet,7,SIZE,5998,11x9 mm
116,38,Cabochon Rhodolite Garnet,7,SIZE,6551,12 mm
116,38,Cabochon Rhodolite Garnet,7,SIZE,7438,12 x 6 mm
116,38,Cabochon Rhodolite Garnet,7,SIZE,5920,12x10 mm
116,38,Cabochon Rhodolite Garnet,7,SIZE,6550,14x10 mm
116,38,Cabochon Rhodolite Garnet,7,SIZE,6553,16x12 mm
116,38,Cabochon Rhodolite Garnet,7,SIZE,6360,2 mm
116,38,Cabochon Rhodolite Garnet,7,SIZE,6344,3 mm
116,38,Cabochon Rhodolite Garnet,7,SIZE,6362,3.5 mm
116,38,Cabochon Rhodolite Garnet,7,SIZE,6177,4 mm
116,38,Cabochon Rhodolite Garnet,7,SIZE,6076,5 mm
116,38,Cabochon Rhodolite Garnet,7,SIZE,6535,5x3 mm
116,38,Cabochon Rhodolite Garnet,7,SIZE,6174,6 mm
116,38,Cabochon Rhodolite Garnet,7,SIZE,6537,6x4 mm
116,38,Cabochon Rhodolite Garnet,7,SIZE,6176,7 mm
116,38,Cabochon Rhodolite Garnet,7,SIZE,6538,7x5 mm
116,38,Cabochon Rhodolite Garnet,7,SIZE,6263,8 mm
116,38,Cabochon Rhodolite Garnet,7,SIZE,7318,8 x 4 mm
116,38,Cabochon Rhodolite Garnet,7,SIZE,6060,8x6 mm
116,38,Cabochon Rhodolite Garnet,7,SIZE,6282,9 mm
116,38,Cabochon Rhodolite Garnet,7,SIZE,6563,9x6 mm
116,38,Cabochon Rhodolite Garnet,7,SIZE,6043,9x7 mm
116,38,Cabochon Rhodolite Garnet,8,COLOR,7467,Raspberry Red
116,38,Cabochon Rhodolite Garnet,10,SHAPE,7763,Anti Cushion
116,38,Cabochon Rhodolite Garnet,10,SHAPE,7695,Cushion
116,38,Cabochon Rhodolite Garnet,10,SHAPE,7717,Heart
116,38,Cabochon Rhodolite Garnet,10,SHAPE,7666,Oval
116,38,Cabochon Rhodolite Garnet,10,SHAPE,7911,Oval Bullette
116,38,Cabochon Rhodolite Garnet,10,SHAPE,7672,Pear
116,38,Cabochon Rhodolite Garnet,10,SHAPE,7670,Round
116,38,Cabochon Rhodolite Garnet,10,SHAPE,7912,Round Bullette
116,38,Cabochon Rhodolite Garnet,10,SHAPE,7685,Square
116,38,Cabochon Rhodolite Garnet,10,SHAPE,7668,Trillion
116,38,Cabochon Rhodolite Garnet,11,LUSTER,7918,Nice
116,38,Cabochon Rhodolite Garnet,11,LUSTER,7925,Very Nice
116,38,Cabochon Rhodolite Garnet,12,HARDNESS,7934,7.0 - 7.5
116,38,Cabochon Rhodolite Garnet,12,HARDNESS,7942,7.0 - 7.5
116,38,Cabochon Rhodolite Garnet,13,GRADE,8037,AAA
116,38,Cabochon Rhodolite Garnet,19,NAME,8416,Rhodolite Garnet
116,38,Cabochon Rhodolite Garnet,20,DEPTH,8555,2 mm
116,38,Cabochon Rhodolite Garnet,20,DEPTH,8752,2.5 mm
116,38,Cabochon Rhodolite Garnet,20,DEPTH,8751,3 mm
116,38,Cabochon Rhodolite Garnet,20,DEPTH,8744,4 mm
116,38,Cabochon Rhodolite Garnet,20,DEPTH,8521,5 mm
116,38,Cabochon Rhodolite Garnet,20,DEPTH,8523,6 mm
116,38,Cabochon Rhodolite Garnet,20,DEPTH,8544,7 mm
116,38,Cabochon Rhodolite Garnet,20,DEPTH,8745,8 mm
116,38,Cabochon Rhodolite Garnet,22,CLARITY,8589,VS
118,39,Cabochon Tourmaline,1,TREATMENT,1,Heat Treated
118,39,Cabochon Tourmaline,1,TREATMENT,11,Treated
118,39,Cabochon Tourmaline,2,ORIGIN,42,Arizona
118,39,Cabochon Tourmaline,2,ORIGIN,43,Brazil
118,39,Cabochon Tourmaline,3,CUT,61,Cabochon
118,39,Cabochon Tourmaline,3,CUT,60,Faceted
118,39,Cabochon Tourmaline,4,CLARITY/GRADE,157,A
118,39,Cabochon Tourmaline,4,CLARITY/GRADE,145,AA
118,39,Cabochon Tourmaline,4,CLARITY/GRADE,144,AAA
118,39,Cabochon Tourmaline,4,CLARITY/GRADE,151,Commercial
118,39,Cabochon Tourmaline,4,CLARITY/GRADE,126,VS
118,39,Cabochon Tourmaline,6,WEIGHT,3534,0.15 ct.
118,39,Cabochon Tourmaline,6,WEIGHT,3507,0.3 ct.
118,39,Cabochon Tourmaline,6,WEIGHT,3523,0.37 ct.
118,39,Cabochon Tourmaline,6,WEIGHT,3558,0.5 ct.
118,39,Cabochon Tourmaline,6,WEIGHT,3543,0.65 ct.
118,39,Cabochon Tourmaline,6,WEIGHT,3524,0.75 ct.
118,39,Cabochon Tourmaline,6,WEIGHT,3536,1.12 ct.
118,39,Cabochon Tourmaline,6,WEIGHT,2434,1.25 ct.
118,39,Cabochon Tourmaline,6,WEIGHT,4887,1.5 ct.
118,39,Cabochon Tourmaline,6,WEIGHT,3617,1.8 ct.
118,39,Cabochon Tourmaline,6,WEIGHT,3537,1.87 ct.
118,39,Cabochon Tourmaline,6,WEIGHT,3561,2 ct.
118,39,Cabochon Tourmaline,6,WEIGHT,3526,2.25 ct.
118,39,Cabochon Tourmaline,6,WEIGHT,3581,2.5 ct.
118,39,Cabochon Tourmaline,6,WEIGHT,3538,3 ct.
118,39,Cabochon Tourmaline,6,WEIGHT,3527,3.75 ct.
118,39,Cabochon Tourmaline,6,WEIGHT,3539,4.12 ct.
118,39,Cabochon Tourmaline,6,WEIGHT,3528,4.5 ct.
118,39,Cabochon Tourmaline,6,WEIGHT,3590,5 ct.
118,39,Cabochon Tourmaline,6,WEIGHT,3540,5.25 ct.
118,39,Cabochon Tourmaline,6,WEIGHT,3529,6 ct.
118,39,Cabochon Tourmaline,6,WEIGHT,3530,7.5 ct.
118,39,Cabochon Tourmaline,6,WEIGHT,3531,9 ct.
118,39,Cabochon Tourmaline,7,SIZE,5984,10 mm
118,39,Cabochon Tourmaline,7,SIZE,5122,10.8x5.5 mm.
118,39,Cabochon Tourmaline,7,SIZE,5996,10x8 mm
118,39,Cabochon Tourmaline,7,SIZE,5998,11x9 mm
118,39,Cabochon Tourmaline,7,SIZE,5920,12x10 mm
118,39,Cabochon Tourmaline,7,SIZE,6550,14x10 mm
118,39,Cabochon Tourmaline,7,SIZE,6344,3 mm
118,39,Cabochon Tourmaline,7,SIZE,6177,4 mm
118,39,Cabochon Tourmaline,7,SIZE,6076,5 mm
118,39,Cabochon Tourmaline,7,SIZE,6535,5x3 mm
118,39,Cabochon Tourmaline,7,SIZE,6174,6 mm
118,39,Cabochon Tourmaline,7,SIZE,8859,6.0 mm
118,39,Cabochon Tourmaline,7,SIZE,6537,6x4 mm
118,39,Cabochon Tourmaline,7,SIZE,6176,7 mm
118,39,Cabochon Tourmaline,7,SIZE,6538,7x5 mm
118,39,Cabochon Tourmaline,7,SIZE,6263,8 mm
118,39,Cabochon Tourmaline,7,SIZE,6060,8x6 mm
118,39,Cabochon Tourmaline,7,SIZE,6282,9 mm
118,39,Cabochon Tourmaline,7,SIZE,6043,9x7 mm
118,39,Cabochon Tourmaline,8,COLOR,7459,Blue
118,39,Cabochon Tourmaline,8,COLOR,7477,Dark Pink
118,39,Cabochon Tourmaline,8,COLOR,7481,Green
118,39,Cabochon Tourmaline,8,COLOR,7507,Pink
118,39,Cabochon Tourmaline,8,COLOR,7461,Red
118,39,Cabochon Tourmaline,10,SHAPE,7820,Bullet
118,39,Cabochon Tourmaline,10,SHAPE,7695,Cushion
118,39,Cabochon Tourmaline,10,SHAPE,7889,Nugget
118,39,Cabochon Tourmaline,10,SHAPE,7666,Oval
118,39,Cabochon Tourmaline,10,SHAPE,7670,Round
118,39,Cabochon Tourmaline,10,SHAPE,7685,Square
118,39,Cabochon Tourmaline,10,SHAPE,7688,Tear drop
118,39,Cabochon Tourmaline,11,LUSTER,7916,Bright
118,39,Cabochon Tourmaline,11,LUSTER,7918,Nice
118,39,Cabochon Tourmaline,11,LUSTER,7925,Very Nice
118,39,Cabochon Tourmaline,12,HARDNESS,7934,7.0 - 7.5
118,39,Cabochon Tourmaline,12,HARDNESS,7942,7.0 - 7.5
118,39,Cabochon Tourmaline,13,GRADE,8038,AA
118,39,Cabochon Tourmaline,13,GRADE,8070,Super Fine
118,39,Cabochon Tourmaline,19,NAME,8404,Tourmaline
125,126,Engagement Solitaire Rings,1,TREATMENT,13,Color Treated
125,126,Engagement Solitaire Rings,1,TREATMENT,8,Irradiated
125,126,Engagement Solitaire Rings,1,TREATMENT,6,Natural
125,126,Engagement Solitaire Rings,1,TREATMENT,3,None
125,126,Engagement Solitaire Rings,1,TREATMENT,11,Treated
125,126,Engagement Solitaire Rings,2,ORIGIN,21,Africa
125,126,Engagement Solitaire Rings,2,ORIGIN,28,Australia
125,126,Engagement Solitaire Rings,3,CUT,65,Brilliant
125,126,Engagement Solitaire Rings,3,CUT,79,Princess Cut
125,126,Engagement Solitaire Rings,3,CUT,8773,Very Good
125,126,Engagement Solitaire Rings,4,CLARITY/GRADE,132,I
125,126,Engagement Solitaire Rings,4,CLARITY/GRADE,131,I1
125,126,Engagement Solitaire Rings,4,CLARITY/GRADE,133,I2
125,126,Engagement Solitaire Rings,4,CLARITY/GRADE,147,I3
125,126,Engagement Solitaire Rings,4,CLARITY/GRADE,138,Opaque
125,126,Engagement Solitaire Rings,4,CLARITY/GRADE,129,SI1
125,126,Engagement Solitaire Rings,4,CLARITY/GRADE,140,SI2
125,126,Engagement Solitaire Rings,5,METAL/MATERIAL,215,14 k Gold
125,126,Engagement Solitaire Rings,5,METAL/MATERIAL,207,14k Dualtone Gold
125,126,Engagement Solitaire Rings,5,METAL/MATERIAL,214,14k Gold
125,126,Engagement Solitaire Rings,5,METAL/MATERIAL,206,14k White Gold
125,126,Engagement Solitaire Rings,5,METAL/MATERIAL,222,14k White or Yellow Gold
125,126,Engagement Solitaire Rings,5,METAL/MATERIAL,205,18k Gold
125,126,Engagement Solitaire Rings,6,WEIGHT,3562,0.25 ct.
125,126,Engagement Solitaire Rings,6,WEIGHT,3555,0.35 ct.
125,126,Engagement Solitaire Rings,6,WEIGHT,3912,0.5 Carats twt. Approx.
125,126,Engagement Solitaire Rings,6,WEIGHT,3558,0.5 ct.
125,126,Engagement Solitaire Rings,6,WEIGHT,2958,0.5 Grams
125,126,Engagement Solitaire Rings,6,WEIGHT,3524,0.75 ct.
125,126,Engagement Solitaire Rings,6,WEIGHT,3499,1 Carat TW
125,126,Engagement Solitaire Rings,6,WEIGHT,3559,1 ct.
125,126,Engagement Solitaire Rings,6,WEIGHT,4887,1.5 ct.
125,126,Engagement Solitaire Rings,6,WEIGHT,3561,2 ct.
125,126,Engagement Solitaire Rings,6,WEIGHT,3501,2 Grams Approx.
125,126,Engagement Solitaire Rings,6,WEIGHT,2142,2.0 Grams
125,126,Engagement Solitaire Rings,6,WEIGHT,3904,2.0 Grams approx.
125,126,Engagement Solitaire Rings,6,WEIGHT,3581,2.5 ct.
125,126,Engagement Solitaire Rings,6,WEIGHT,2223,3.32 Grams
125,126,Engagement Solitaire Rings,6,WEIGHT,1450,3.46 Grams
125,126,Engagement Solitaire Rings,6,WEIGHT,9855,5.18 Grams
125,126,Engagement Solitaire Rings,6,WEIGHT,1503,5.72 Grams
125,126,Engagement Solitaire Rings,7,SIZE,6391,3.75 mm
125,126,Engagement Solitaire Rings,7,SIZE,6288,3.8 mm
125,126,Engagement Solitaire Rings,7,SIZE,6177,4 mm
125,126,Engagement Solitaire Rings,7,SIZE,6546,4.45 mm.
125,126,Engagement Solitaire Rings,7,SIZE,6076,5 mm
125,126,Engagement Solitaire Rings,7,SIZE,6190,6
125,126,Engagement Solitaire Rings,7,SIZE,6174,6 mm
125,126,Engagement Solitaire Rings,7,SIZE,6175,6.5 mm
125,126,Engagement Solitaire Rings,7,SIZE,6128,7.5
125,126,Engagement Solitaire Rings,7,SIZE,6256,7.5 mm.
125,126,Engagement Solitaire Rings,7,SIZE,6199,8
125,126,Engagement Solitaire Rings,7,SIZE,6263,8 mm
125,126,Engagement Solitaire Rings,7,SIZE,6257,9 mm.
125,126,Engagement Solitaire Rings,8,COLOR,7503,Black
125,126,Engagement Solitaire Rings,8,COLOR,7459,Blue
125,126,Engagement Solitaire Rings,8,COLOR,7472,Canary
125,126,Engagement Solitaire Rings,8,COLOR,7497,Champagne
125,126,Engagement Solitaire Rings,8,COLOR,7514,Cognac
125,126,Engagement Solitaire Rings,8,COLOR,7589,Cognac Red
125,126,Engagement Solitaire Rings,8,COLOR,10289,Fancy Champagne Pink
125,126,Engagement Solitaire Rings,8,COLOR,7518,GH
125,126,Engagement Solitaire Rings,8,COLOR,7526,H
125,126,Engagement Solitaire Rings,8,COLOR,7527,HI
125,126,Engagement Solitaire Rings,8,COLOR,7605,IJ
125,126,Engagement Solitaire Rings,8,COLOR,7465,Yellow
125,126,Engagement Solitaire Rings,10,SHAPE,7726,Princess
125,126,Engagement Solitaire Rings,10,SHAPE,8822,Princess Cut Square
125,126,Engagement Solitaire Rings,10,SHAPE,7670,Round
125,126,Engagement Solitaire Rings,14,NUMBER OF STONES,8079,1
125,126,Engagement Solitaire Rings,14,NUMBER OF STONES,8088,3
125,126,Engagement Solitaire Rings,19,NAME,8410,Diamond
125,126,Engagement Solitaire Rings,22,CLARITY,8870,I1-I2
125,126,Engagement Solitaire Rings,22,CLARITY,8592,I2
125,126,Engagement Solitaire Rings,22,CLARITY,8824,I3
125,126,Engagement Solitaire Rings,22,CLARITY,8586,Opaque
125,126,Engagement Solitaire Rings,22,CLARITY,9248,SI1-SI2
125,126,Engagement Solitaire Rings,23,ITEM,8609,Diamond Ring
125,126,Engagement Solitaire Rings,23,ITEM,8601,Ring
125,126,Engagement Solitaire Rings,23,ITEM,8832,Ring and Earring
125,126,Engagement Solitaire Rings,26,<b>DIAMOND INFO</b>,8810,
125,126,Engagement Solitaire Rings,26,<b>DIAMOND INFO</b>,8811,&nbsp;&nbsp;
125,126,Engagement Solitaire Rings,28,POLISH,8823,Very Good
125,126,Engagement Solitaire Rings,29,WIDTH,8849,2.0 mm
125,126,Engagement Solitaire Rings,29,WIDTH,9257,2.5 mm
125,126,Engagement Solitaire Rings,29,WIDTH,8847,3.0 mm
125,126,Engagement Solitaire Rings,29,WIDTH,9653,6.5 mm
126,24,Diamond Rings,1,TREATMENT,10,N/A
126,24,Diamond Rings,1,TREATMENT,6,Natural
126,24,Diamond Rings,2,ORIGIN,21,Africa
126,24,Diamond Rings,3,CUT,65,Brilliant
126,24,Diamond Rings,3,CUT,73,Tapered
126,24,Diamond Rings,3,CUT,8773,Very Good
126,24,Diamond Rings,4,CLARITY/GRADE,133,I2
126,24,Diamond Rings,4,CLARITY/GRADE,128,VS1
126,24,Diamond Rings,5,METAL/MATERIAL,214,14k Gold
126,24,Diamond Rings,5,METAL/MATERIAL,208,18k Dualtone Gold
126,24,Diamond Rings,5,METAL/MATERIAL,204,18k White Gold
126,24,Diamond Rings,5,METAL/MATERIAL,8843,18K Yellow Gold
126,24,Diamond Rings,5,METAL/MATERIAL,217,Stainless Steel & Yellow Cable
126,24,Diamond Rings,6,WEIGHT,3642,0.08 ct.
126,24,Diamond Rings,6,WEIGHT,3822,0.14 ct.
126,24,Diamond Rings,6,WEIGHT,3534,0.15 ct.
126,24,Diamond Rings,6,WEIGHT,3645,0.26 ct.
126,24,Diamond Rings,6,WEIGHT,3668,0.29 ct.
126,24,Diamond Rings,6,WEIGHT,3558,0.5 ct.
126,24,Diamond Rings,6,WEIGHT,3275,0.51 ct.
126,24,Diamond Rings,6,WEIGHT,3602,0.57 ct.
126,24,Diamond Rings,6,WEIGHT,3663,0.85 ct.
126,24,Diamond Rings,6,WEIGHT,3515,0.9 ct.
126,24,Diamond Rings,6,WEIGHT,1985,0.95 ct.
126,24,Diamond Rings,6,WEIGHT,4027,1.21 ct.
126,24,Diamond Rings,6,WEIGHT,2162,1.23 Carat/s
126,24,Diamond Rings,6,WEIGHT,347,1.28 Carats
126,24,Diamond Rings,6,WEIGHT,3625,1.4 ct.
126,24,Diamond Rings,6,WEIGHT,2425,1.71 Carts
126,24,Diamond Rings,6,WEIGHT,9284,1.71 Grams
126,24,Diamond Rings,6,WEIGHT,4873,1.83 ct
126,24,Diamond Rings,6,WEIGHT,3618,1.9 ct.
126,24,Diamond Rings,6,WEIGHT,9287,1.94 Grms
126,24,Diamond Rings,6,WEIGHT,2432,12.36 Grams
126,24,Diamond Rings,6,WEIGHT,3501,2 Grams Approx.
126,24,Diamond Rings,6,WEIGHT,2142,2.0 Grams
126,24,Diamond Rings,6,WEIGHT,3824,2.19 Grams
126,24,Diamond Rings,6,WEIGHT,1514,2.54 Grams
126,24,Diamond Rings,6,WEIGHT,3842,2.72 Grams
126,24,Diamond Rings,6,WEIGHT,2951,2.76 Grams
126,24,Diamond Rings,6,WEIGHT,9285,3.41 Grams
126,24,Diamond Rings,6,WEIGHT,2221,5.62 Grams
126,24,Diamond Rings,6,WEIGHT,2108,7.39 Grams
126,24,Diamond Rings,6,WEIGHT,1573,8 Grams
126,24,Diamond Rings,6,WEIGHT,2161,8.28 Grams
126,24,Diamond Rings,6,WEIGHT,2374,8.46 Grams
126,24,Diamond Rings,6,WEIGHT,2376,8.52 Grams
126,24,Diamond Rings,6,WEIGHT,1613,9.6 Grams
126,24,Diamond Rings,6,WEIGHT,1994,9.62 Grams
126,24,Diamond Rings,7,SIZE,6234,15
126,24,Diamond Rings,7,SIZE,6547,4.75 mm.
126,24,Diamond Rings,7,SIZE,6191,7
126,24,Diamond Rings,7,SIZE,6128,7.5
126,24,Diamond Rings,7,SIZE,5914,N/A
126,24,Diamond Rings,8,COLOR,7536,G/H
126,24,Diamond Rings,8,COLOR,7518,GH
126,24,Diamond Rings,8,COLOR,7527,HI
126,24,Diamond Rings,8,COLOR,7605,IJ
126,24,Diamond Rings,10,SHAPE,7691,Baguette
126,24,Diamond Rings,10,SHAPE,7726,Princess
126,24,Diamond Rings,10,SHAPE,7670,Round
126,24,Diamond Rings,14,NUMBER OF STONES,8079,1
126,24,Diamond Rings,14,NUMBER OF STONES,8081,N/A
126,24,Diamond Rings,15,RING SIZE,9256,6 - 6.5
126,24,Diamond Rings,15,RING SIZE,9254,6.5 - 7
126,24,Diamond Rings,15,RING SIZE,9253,7 - 7.5
126,24,Diamond Rings,19,NAME,8410,Diamond
126,24,Diamond Rings,22,CLARITY,8589,VS
126,24,Diamond Rings,23,ITEM,8609,Diamond Ring
126,24,Diamond Rings,23,ITEM,8601,Ring
126,24,Diamond Rings,23,ITEM,8834,Womens Band
126,24,Diamond Rings,26,<b>DIAMOND INFO</b>,8810,
126,24,Diamond Rings,29,WIDTH,9259,1.5 mm
126,24,Diamond Rings,29,WIDTH,8849,2.0 mm
126,24,Diamond Rings,29,WIDTH,9257,2.5 mm
126,24,Diamond Rings,29,WIDTH,9258,3.5 mm
126,24,Diamond Rings,35,<b>TOTAL WEIGHT</b>,9319,0.14 ct.
126,24,Diamond Rings,35,<b>TOTAL WEIGHT</b>,9324,0.15 ct.
126,24,Diamond Rings,35,<b>TOTAL WEIGHT</b>,9321,0.26 ct.
126,24,Diamond Rings,35,<b>TOTAL WEIGHT</b>,9328,0.29 ct.
126,24,Diamond Rings,35,<b>TOTAL WEIGHT</b>,9345,0.57 ct.
127,126,Three Stone Diamond Rings,1,TREATMENT,13,Color Treated
127,126,Three Stone Diamond Rings,1,TREATMENT,1,Heat Treated
127,126,Three Stone Diamond Rings,1,TREATMENT,3,None
127,126,Three Stone Diamond Rings,1,TREATMENT,11,Treated
127,126,Three Stone Diamond Rings,2,ORIGIN,20,Sri Lanka
127,126,Three Stone Diamond Rings,3,CUT,60,Faceted
127,126,Three Stone Diamond Rings,3,CUT,8773,Very Good
127,126,Three Stone Diamond Rings,4,CLARITY/GRADE,144,AAA
127,126,Three Stone Diamond Rings,5,METAL/MATERIAL,215,14 k Gold
127,126,Three Stone Diamond Rings,5,METAL/MATERIAL,214,14k Gold
127,126,Three Stone Diamond Rings,5,METAL/MATERIAL,206,14k White Gold
127,126,Three Stone Diamond Rings,6,WEIGHT,3534,0.15 ct.
127,126,Three Stone Diamond Rings,6,WEIGHT,3644,0.20 ct.
127,126,Three Stone Diamond Rings,6,WEIGHT,3562,0.25 ct.
127,126,Three Stone Diamond Rings,6,WEIGHT,3558,0.5 ct.
127,126,Three Stone Diamond Rings,6,WEIGHT,3559,1 ct.
127,126,Three Stone Diamond Rings,6,WEIGHT,2142,2.0 Grams
127,126,Three Stone Diamond Rings,7,SIZE,6191,7
127,126,Three Stone Diamond Rings,7,SIZE,6128,7.5
127,126,Three Stone Diamond Rings,7,SIZE,5914,N/A
127,126,Three Stone Diamond Rings,8,COLOR,7503,Black
127,126,Three Stone Diamond Rings,8,COLOR,7459,Blue
127,126,Three Stone Diamond Rings,8,COLOR,7586,Canary/Yellow
127,126,Three Stone Diamond Rings,8,COLOR,7539,Ceylon
127,126,Three Stone Diamond Rings,8,COLOR,7497,Champagne
127,126,Three Stone Diamond Rings,8,COLOR,7514,Cognac
127,126,Three Stone Diamond Rings,8,COLOR,7536,G/H
127,126,Three Stone Diamond Rings,8,COLOR,7518,GH
127,126,Three Stone Diamond Rings,8,COLOR,7481,Green
127,126,Three Stone Diamond Rings,8,COLOR,7507,Pink
127,126,Three Stone Diamond Rings,8,COLOR,7461,Red
127,126,Three Stone Diamond Rings,8,COLOR,7465,Yellow
127,126,Three Stone Diamond Rings,10,SHAPE,7670,Round
127,126,Three Stone Diamond Rings,14,NUMBER OF STONES,8079,1
127,126,Three Stone Diamond Rings,14,NUMBER OF STONES,8086,2
127,126,Three Stone Diamond Rings,14,NUMBER OF STONES,8088,3
127,126,Three Stone Diamond Rings,16,<b>CENTER STONE</b>,8158,&nbsp;
127,126,Three Stone Diamond Rings,19,NAME,8418,Blue Sapphire
127,126,Three Stone Diamond Rings,19,NAME,8410,Diamond
127,126,Three Stone Diamond Rings,19,NAME,8450,Pink Sapphire
127,126,Three Stone Diamond Rings,19,NAME,8397,Ruby
127,126,Three Stone Diamond Rings,19,NAME,8396,Sapphire
127,126,Three Stone Diamond Rings,19,NAME,8445,Yellow Sapphire
127,126,Three Stone Diamond Rings,22,CLARITY,8590,SI1
127,126,Three Stone Diamond Rings,23,ITEM,8601,Ring
127,126,Three Stone Diamond Rings,23,ITEM,9625,Three stone ring
127,126,Three Stone Diamond Rings,29,WIDTH,8849,2.0 mm
127,126,Three Stone Diamond Rings,35,<b>TOTAL WEIGHT</b>,3555,0.35 ct.
127,126,Three Stone Diamond Rings,35,<b>TOTAL WEIGHT</b>,3558,0.5 ct.
127,126,Three Stone Diamond Rings,35,<b>TOTAL WEIGHT</b>,9340,0.50 ct.
127,126,Three Stone Diamond Rings,35,<b>TOTAL WEIGHT</b>,9863,1 ct.
127,126,Three Stone Diamond Rings,35,<b>TOTAL WEIGHT</b>,3559,1 ct.
127,126,Three Stone Diamond Rings,35,<b>TOTAL WEIGHT</b>,3561,2 ct.
127,126,Three Stone Diamond Rings,37,<b>SIDE STONE INFO</b>,9628,
128,126,Color Diamond Rings,1,TREATMENT,13,Color Treated
128,126,Color Diamond Rings,1,TREATMENT,10,N/A
128,126,Color Diamond Rings,1,TREATMENT,6,Natural
128,126,Color Diamond Rings,1,TREATMENT,3,None
128,126,Color Diamond Rings,1,TREATMENT,11,Treated
128,126,Color Diamond Rings,2,ORIGIN,21,Africa
128,126,Color Diamond Rings,2,ORIGIN,28,Australia
128,126,Color Diamond Rings,3,CUT,65,Brilliant
128,126,Color Diamond Rings,3,CUT,112,Brilliant / Faceted
128,126,Color Diamond Rings,3,CUT,60,Faceted
128,126,Color Diamond Rings,3,CUT,73,Tapered
128,126,Color Diamond Rings,3,CUT,101,Tapered and Brilliant
128,126,Color Diamond Rings,3,CUT,8773,Very Good
128,126,Color Diamond Rings,4,CLARITY/GRADE,144,AAA
128,126,Color Diamond Rings,4,CLARITY/GRADE,131,I1
128,126,Color Diamond Rings,4,CLARITY/GRADE,133,I2
128,126,Color Diamond Rings,4,CLARITY/GRADE,128,VS1
128,126,Color Diamond Rings,5,METAL/MATERIAL,205,18k Gold
128,126,Color Diamond Rings,5,METAL/MATERIAL,204,18k White Gold
128,126,Color Diamond Rings,6,WEIGHT,3668,0.29 ct.
128,126,Color Diamond Rings,6,WEIGHT,3578,0.6 ct.
128,126,Color Diamond Rings,6,WEIGHT,1478,0.69 ct.
128,126,Color Diamond Rings,6,WEIGHT,4906,0.81 ct
128,126,Color Diamond Rings,6,WEIGHT,4883,0.96 ct
128,126,Color Diamond Rings,6,WEIGHT,3559,1 ct.
128,126,Color Diamond Rings,6,WEIGHT,3622,1.15 ct.
128,126,Color Diamond Rings,6,WEIGHT,4863,1.17 ct
128,126,Color Diamond Rings,6,WEIGHT,2434,1.25 ct.
128,126,Color Diamond Rings,6,WEIGHT,4887,1.5 ct.
128,126,Color Diamond Rings,6,WEIGHT,1575,4.06 Grams
128,126,Color Diamond Rings,6,WEIGHT,4631,4.14 Appx Grams
128,126,Color Diamond Rings,6,WEIGHT,4630,4.30 Appx Grams
128,126,Color Diamond Rings,6,WEIGHT,2308,5.63 Grams
128,126,Color Diamond Rings,6,WEIGHT,1503,5.72 Grams
128,126,Color Diamond Rings,6,WEIGHT,4904,9.17 Grams
128,126,Color Diamond Rings,7,SIZE,6191,7
128,126,Color Diamond Rings,7,SIZE,7281,7 - 7.5 - 8
128,126,Color Diamond Rings,7,SIZE,7293,7.5 x 6 mm
128,126,Color Diamond Rings,7,SIZE,5914,N/A
128,126,Color Diamond Rings,8,COLOR,7503,Black
128,126,Color Diamond Rings,8,COLOR,7497,Champagne
128,126,Color Diamond Rings,8,COLOR,7514,Cognac
128,126,Color Diamond Rings,8,COLOR,7536,G/H
128,126,Color Diamond Rings,8,COLOR,7518,GH
128,126,Color Diamond Rings,10,SHAPE,7691,Baguette
128,126,Color Diamond Rings,10,SHAPE,7867,Baguette and Round
128,126,Color Diamond Rings,10,SHAPE,7689,Octagon
128,126,Color Diamond Rings,10,SHAPE,7670,Round
128,126,Color Diamond Rings,10,SHAPE,7718,Round/Baguette
128,126,Color Diamond Rings,14,NUMBER OF STONES,8079,1
128,126,Color Diamond Rings,14,NUMBER OF STONES,8081,N/A
128,126,Color Diamond Rings,15,RING SIZE,8136,7.5
128,126,Color Diamond Rings,16,<b>CENTER STONE</b>,8158,&nbsp;
128,126,Color Diamond Rings,17,SUGGESTED SHAPE,8170,Round
128,126,Color Diamond Rings,18,SUGGESTED SIZE,8230,5-6 mm
128,126,Color Diamond Rings,19,NAME,8510,Black Diamond
128,126,Color Diamond Rings,19,NAME,8410,Diamond
128,126,Color Diamond Rings,19,NAME,8414,White Diamonds
128,126,Color Diamond Rings,22,CLARITY,9248,SI1-SI2
128,126,Color Diamond Rings,23,ITEM,8652,Black Diamond Ring
128,126,Color Diamond Rings,23,ITEM,8609,Diamond Ring
128,126,Color Diamond Rings,23,ITEM,8608,Diamond Semi-mounting
128,126,Color Diamond Rings,23,ITEM,8601,Ring
128,126,Color Diamond Rings,26,<b>DIAMOND INFO</b>,8811,&nbsp;&nbsp;
128,126,Color Diamond Rings,29,WIDTH,8847,3.0 mm
130,129,Diamond Stud Earrings,1,TREATMENT,13,Color Treated
130,129,Diamond Stud Earrings,1,TREATMENT,8,Irradiated
130,129,Diamond Stud Earrings,1,TREATMENT,6,Natural
130,129,Diamond Stud Earrings,2,ORIGIN,21,Africa
130,129,Diamond Stud Earrings,2,ORIGIN,8726,Africa
130,129,Diamond Stud Earrings,2,ORIGIN,28,Australia
130,129,Diamond Stud Earrings,3,CUT,65,Brilliant
130,129,Diamond Stud Earrings,4,CLARITY/GRADE,131,I1
130,129,Diamond Stud Earrings,4,CLARITY/GRADE,133,I2
130,129,Diamond Stud Earrings,4,CLARITY/GRADE,147,I3
130,129,Diamond Stud Earrings,4,CLARITY/GRADE,138,Opaque
130,129,Diamond Stud Earrings,4,CLARITY/GRADE,140,SI2
130,129,Diamond Stud Earrings,5,METAL/MATERIAL,215,14 k Gold
130,129,Diamond Stud Earrings,5,METAL/MATERIAL,214,14k Gold
130,129,Diamond Stud Earrings,5,METAL/MATERIAL,206,14k White Gold
130,129,Diamond Stud Earrings,5,METAL/MATERIAL,222,14k White or Yellow Gold
130,129,Diamond Stud Earrings,6,WEIGHT,3913,0.25 Carats twt. Approx.
130,129,Diamond Stud Earrings,6,WEIGHT,3562,0.25 ct.
130,129,Diamond Stud Earrings,6,WEIGHT,3555,0.35 ct.
130,129,Diamond Stud Earrings,6,WEIGHT,3912,0.5 Carats twt. Approx.
130,129,Diamond Stud Earrings,6,WEIGHT,3558,0.5 ct.
130,129,Diamond Stud Earrings,6,WEIGHT,2958,0.5 Grams
130,129,Diamond Stud Earrings,6,WEIGHT,2961,0.6 Grams
130,129,Diamond Stud Earrings,6,WEIGHT,3498,0.75 Carat TW
130,129,Diamond Stud Earrings,6,WEIGHT,3524,0.75 ct.
130,129,Diamond Stud Earrings,6,WEIGHT,3499,1 Carat TW
130,129,Diamond Stud Earrings,6,WEIGHT,3911,1 Carats twt. Approx.
130,129,Diamond Stud Earrings,6,WEIGHT,3559,1 ct.
130,129,Diamond Stud Earrings,6,WEIGHT,2930,1 Grams
130,129,Diamond Stud Earrings,6,WEIGHT,2931,1.5 Grams
130,129,Diamond Stud Earrings,6,WEIGHT,3561,2 ct.
130,129,Diamond Stud Earrings,6,WEIGHT,2142,2.0 Grams
130,129,Diamond Stud Earrings,6,WEIGHT,3496,Approx. 1.5 Grams
130,129,Diamond Stud Earrings,7,SIZE,6362,3.5 mm
130,129,Diamond Stud Earrings,7,SIZE,6218,3.5 mm.
130,129,Diamond Stud Earrings,7,SIZE,6614,3.5 mm. Each
130,129,Diamond Stud Earrings,7,SIZE,6542,3.75 mm. Each
130,129,Diamond Stud Earrings,7,SIZE,6182,4
130,129,Diamond Stud Earrings,7,SIZE,6177,4 mm
130,129,Diamond Stud Earrings,7,SIZE,6613,4 mm. Each
130,129,Diamond Stud Earrings,7,SIZE,6130,4.4 mm approx.
130,129,Diamond Stud Earrings,7,SIZE,6543,4.45 mm Each
130,129,Diamond Stud Earrings,7,SIZE,6427,4.7 mm
130,129,Diamond Stud Earrings,7,SIZE,6197,5
130,129,Diamond Stud Earrings,7,SIZE,6076,5 mm
130,129,Diamond Stud Earrings,7,SIZE,6612,5 mm. Each
130,129,Diamond Stud Earrings,7,SIZE,6208,6.5
130,129,Diamond Stud Earrings,7,SIZE,6175,6.5 mm
130,129,Diamond Stud Earrings,8,COLOR,7503,Black
130,129,Diamond Stud Earrings,8,COLOR,7572,Blue
130,129,Diamond Stud Earrings,8,COLOR,7459,Blue
130,129,Diamond Stud Earrings,8,COLOR,7472,Canary
130,129,Diamond Stud Earrings,8,COLOR,7497,Champagne
130,129,Diamond Stud Earrings,8,COLOR,7514,Cognac
130,129,Diamond Stud Earrings,8,COLOR,7536,G/H
130,129,Diamond Stud Earrings,8,COLOR,7518,GH
130,129,Diamond Stud Earrings,8,COLOR,7526,H
130,129,Diamond Stud Earrings,8,COLOR,7527,HI
130,129,Diamond Stud Earrings,8,COLOR,7605,IJ
130,129,Diamond Stud Earrings,8,COLOR,7507,Pink
130,129,Diamond Stud Earrings,8,COLOR,7461,Red
130,129,Diamond Stud Earrings,8,COLOR,7465,Yellow
130,129,Diamond Stud Earrings,10,SHAPE,7726,Princess
130,129,Diamond Stud Earrings,10,SHAPE,7670,Round
130,129,Diamond Stud Earrings,14,NUMBER OF STONES,8086,2
130,129,Diamond Stud Earrings,14,NUMBER OF STONES,8088,3
130,129,Diamond Stud Earrings,19,NAME,8969,Cognac Diamond
130,129,Diamond Stud Earrings,19,NAME,8410,Diamond
130,129,Diamond Stud Earrings,19,NAME,8503,Diamonds
130,129,Diamond Stud Earrings,22,CLARITY,8824,I3
130,129,Diamond Stud Earrings,22,CLARITY,8586,Opaque
130,129,Diamond Stud Earrings,22,CLARITY,8590,SI1
130,129,Diamond Stud Earrings,23,ITEM,8809,Diamond Earrings
130,129,Diamond Stud Earrings,23,ITEM,8604,Earrings
130,129,Diamond Stud Earrings,23,ITEM,8832,Ring and Earring
130,129,Diamond Stud Earrings,26,<b>DIAMOND INFO</b>,8810,
130,129,Diamond Stud Earrings,32,BACKING,9192,Screw Back
131,129,Diamond Earring Bargains,2,ORIGIN,21,Africa
131,129,Diamond Earring Bargains,3,CUT,8773,Very Good
131,129,Diamond Earring Bargains,4,CLARITY/GRADE,133,I2
131,129,Diamond Earring Bargains,5,METAL/MATERIAL,221,10k White Gold
131,129,Diamond Earring Bargains,6,WEIGHT,3558,0.5 ct.
131,129,Diamond Earring Bargains,6,WEIGHT,2141,3.0 Grams
131,129,Diamond Earring Bargains,7,SIZE,9646,18.5 x 9 mm
131,129,Diamond Earring Bargains,8,COLOR,7527,HI
131,129,Diamond Earring Bargains,10,SHAPE,7670,Round
131,129,Diamond Earring Bargains,14,NUMBER OF STONES,8112,24
131,129,Diamond Earring Bargains,19,NAME,8410,Diamond
131,129,Diamond Earring Bargains,23,ITEM,8604,Earrings
131,129,Diamond Earring Bargains,26,<b>DIAMOND INFO</b>,8810,
131,129,Diamond Earring Bargains,29,WIDTH,9648,7.0 mm
132,24,Diamond Pendants,1,TREATMENT,10,N/A
132,24,Diamond Pendants,1,TREATMENT,6,Natural
132,24,Diamond Pendants,2,ORIGIN,21,Africa
132,24,Diamond Pendants,3,CUT,65,Brilliant
132,24,Diamond Pendants,3,CUT,8773,Very Good
132,24,Diamond Pendants,4,CLARITY/GRADE,156,I1-I2
132,24,Diamond Pendants,4,CLARITY/GRADE,127,SI
132,24,Diamond Pendants,4,CLARITY/GRADE,129,SI1
132,24,Diamond Pendants,4,CLARITY/GRADE,158,SI1-SI2
132,24,Diamond Pendants,4,CLARITY/GRADE,140,SI2
132,24,Diamond Pendants,4,CLARITY/GRADE,126,VS
132,24,Diamond Pendants,4,CLARITY/GRADE,128,VS1
132,24,Diamond Pendants,5,METAL/MATERIAL,207,14k Dualtone Gold
132,24,Diamond Pendants,5,METAL/MATERIAL,214,14k Gold
132,24,Diamond Pendants,5,METAL/MATERIAL,206,14k White Gold
132,24,Diamond Pendants,5,METAL/MATERIAL,205,18k Gold
132,24,Diamond Pendants,5,METAL/MATERIAL,204,18k White Gold
132,24,Diamond Pendants,5,METAL/MATERIAL,9252,18k White or Yellow  Gold
132,24,Diamond Pendants,5,METAL/MATERIAL,210,Rose Gold
132,24,Diamond Pendants,6,WEIGHT,3533,0.09 ct.
132,24,Diamond Pendants,6,WEIGHT,3643,0.10 ct.
132,24,Diamond Pendants,6,WEIGHT,3534,0.15 ct.
132,24,Diamond Pendants,6,WEIGHT,3614,0.17 ct.
132,24,Diamond Pendants,6,WEIGHT,3667,0.23 ct.
132,24,Diamond Pendants,6,WEIGHT,3562,0.25 ct.
132,24,Diamond Pendants,6,WEIGHT,3717,0.25 ct. Approx.
132,24,Diamond Pendants,6,WEIGHT,3668,0.29 ct.
132,24,Diamond Pendants,6,WEIGHT,3507,0.3 ct.
132,24,Diamond Pendants,6,WEIGHT,3908,0.33 Carat/s approx.
132,24,Diamond Pendants,6,WEIGHT,3655,0.33 ct.
132,24,Diamond Pendants,6,WEIGHT,3500,0.375 Carat
132,24,Diamond Pendants,6,WEIGHT,3647,0.41 ct.
132,24,Diamond Pendants,6,WEIGHT,3558,0.5 ct.
132,24,Diamond Pendants,6,WEIGHT,3699,0.5 ct. Approx.
132,24,Diamond Pendants,6,WEIGHT,3907,0.5 Grams approx.
132,24,Diamond Pendants,6,WEIGHT,10203,0.81 Gram
132,24,Diamond Pendants,6,WEIGHT,10190,0.87 Gram
132,24,Diamond Pendants,6,WEIGHT,9303,0.92 Grams
132,24,Diamond Pendants,6,WEIGHT,2930,1 Grams
132,24,Diamond Pendants,6,WEIGHT,3905,1.0 Carat/s approx.
132,24,Diamond Pendants,6,WEIGHT,10218,1.05 Gram
132,24,Diamond Pendants,6,WEIGHT,10214,1.08 Gram
132,24,Diamond Pendants,6,WEIGHT,10192,1.29 Gram
132,24,Diamond Pendants,6,WEIGHT,3974,1.31 ct.
132,24,Diamond Pendants,6,WEIGHT,10221,1.39 Gram
132,24,Diamond Pendants,6,WEIGHT,9291,1.69 Grams
132,24,Diamond Pendants,6,WEIGHT,2128,1.9 Grams
132,24,Diamond Pendants,6,WEIGHT,9293,1.91 Grams
132,24,Diamond Pendants,6,WEIGHT,2205,1.97 Grams
132,24,Diamond Pendants,6,WEIGHT,1444,2.03 Grams
132,24,Diamond Pendants,6,WEIGHT,2135,2.4 Grams
132,24,Diamond Pendants,6,WEIGHT,2134,2.6 Grams
132,24,Diamond Pendants,6,WEIGHT,1526,2.62 Grams
132,24,Diamond Pendants,6,WEIGHT,2131,2.63 Grams
132,24,Diamond Pendants,6,WEIGHT,2231,6.66 Grams
132,24,Diamond Pendants,6,WEIGHT,3496,Approx. 1.5 Grams
132,24,Diamond Pendants,7,SIZE,6610,10.0  mm
132,24,Diamond Pendants,7,SIZE,6856,12x12 mm
132,24,Diamond Pendants,7,SIZE,9142,15 x 16 mm
132,24,Diamond Pendants,7,SIZE,9428,17 mm
132,24,Diamond Pendants,7,SIZE,6915,20x14 mm
132,24,Diamond Pendants,7,SIZE,9049,22 x 10 mm
132,24,Diamond Pendants,7,SIZE,6862,22x12 mm
132,24,Diamond Pendants,7,SIZE,9145,23 x 11 mm
132,24,Diamond Pendants,7,SIZE,9137,23 x 8 mm
132,24,Diamond Pendants,7,SIZE,9144,23 x 9 mm
132,24,Diamond Pendants,7,SIZE,9139,24 x 12 mm
132,24,Diamond Pendants,7,SIZE,6939,24x10 mm
132,24,Diamond Pendants,7,SIZE,6964,25 mm
132,24,Diamond Pendants,7,SIZE,9149,25 x 10 mm
132,24,Diamond Pendants,7,SIZE,8729,25 x 12 mm
132,24,Diamond Pendants,7,SIZE,10233,25 x 5 mm
132,24,Diamond Pendants,7,SIZE,9138,26 x 9 mm
132,24,Diamond Pendants,7,SIZE,9269,28 mm
132,24,Diamond Pendants,7,SIZE,9136,28 x13 mm
132,24,Diamond Pendants,7,SIZE,9154,29 x 12 mm
132,24,Diamond Pendants,7,SIZE,6391,3.75 mm
132,24,Diamond Pendants,7,SIZE,6938,30x10 mm
132,24,Diamond Pendants,7,SIZE,10247,32 mm
132,24,Diamond Pendants,7,SIZE,10248,36 mm
132,24,Diamond Pendants,7,SIZE,6287,4.2 mm
132,24,Diamond Pendants,7,SIZE,6546,4.45 mm.
132,24,Diamond Pendants,7,SIZE,5914,N/A
132,24,Diamond Pendants,8,COLOR,7497,Champagne
132,24,Diamond Pendants,8,COLOR,7536,G/H
132,24,Diamond Pendants,8,COLOR,7518,GH
132,24,Diamond Pendants,8,COLOR,7526,H
132,24,Diamond Pendants,8,COLOR,7527,HI
132,24,Diamond Pendants,8,COLOR,7605,IJ
132,24,Diamond Pendants,8,COLOR,7581,Silver
132,24,Diamond Pendants,10,SHAPE,7726,Princess
132,24,Diamond Pendants,10,SHAPE,7670,Round
132,24,Diamond Pendants,14,NUMBER OF STONES,8079,1
132,24,Diamond Pendants,14,NUMBER OF STONES,8081,N/A
132,24,Diamond Pendants,19,NAME,8410,Diamond
132,24,Diamond Pendants,22,CLARITY,8707,I1
132,24,Diamond Pendants,22,CLARITY,8592,I2
132,24,Diamond Pendants,22,CLARITY,8589,VS
132,24,Diamond Pendants,23,ITEM,8600,Pendant
132,24,Diamond Pendants,26,<b>DIAMOND INFO</b>,8810,
132,24,Diamond Pendants,27,<b>STONE INFO</b>,8814,&nbsp;
132,24,Diamond Pendants,35,<b>TOTAL WEIGHT</b>,9324,0.15 ct.
132,24,Diamond Pendants,35,<b>TOTAL WEIGHT</b>,9327,0.25 ct.
132,24,Diamond Pendants,35,<b>TOTAL WEIGHT</b>,9341,0.41 ct.
133,132,Diamond Solitaire Pendants,1,TREATMENT,6,Natural
133,132,Diamond Solitaire Pendants,1,TREATMENT,11,Treated
133,132,Diamond Solitaire Pendants,2,ORIGIN,21,Africa
133,132,Diamond Solitaire Pendants,3,CUT,65,Brilliant
133,132,Diamond Solitaire Pendants,4,CLARITY/GRADE,156,I1-I2
133,132,Diamond Solitaire Pendants,4,CLARITY/GRADE,158,SI1-SI2
133,132,Diamond Solitaire Pendants,4,CLARITY/GRADE,140,SI2
133,132,Diamond Solitaire Pendants,5,METAL/MATERIAL,214,14k Gold
133,132,Diamond Solitaire Pendants,5,METAL/MATERIAL,206,14k White Gold
133,132,Diamond Solitaire Pendants,6,WEIGHT,3562,0.25 ct.
133,132,Diamond Solitaire Pendants,6,WEIGHT,3717,0.25 ct. Approx.
133,132,Diamond Solitaire Pendants,6,WEIGHT,3908,0.33 Carat/s approx.
133,132,Diamond Solitaire Pendants,6,WEIGHT,3655,0.33 ct.
133,132,Diamond Solitaire Pendants,6,WEIGHT,3500,0.375 Carat
133,132,Diamond Solitaire Pendants,6,WEIGHT,3558,0.5 ct.
133,132,Diamond Solitaire Pendants,6,WEIGHT,3699,0.5 ct. Approx.
133,132,Diamond Solitaire Pendants,6,WEIGHT,3907,0.5 Grams approx.
133,132,Diamond Solitaire Pendants,6,WEIGHT,3559,1 ct.
133,132,Diamond Solitaire Pendants,6,WEIGHT,3905,1.0 Carat/s approx.
133,132,Diamond Solitaire Pendants,6,WEIGHT,3561,2 ct.
133,132,Diamond Solitaire Pendants,6,WEIGHT,3496,Approx. 1.5 Grams
133,132,Diamond Solitaire Pendants,7,SIZE,6610,10.0  mm
133,132,Diamond Solitaire Pendants,7,SIZE,6391,3.75 mm
133,132,Diamond Solitaire Pendants,7,SIZE,6287,4.2 mm
133,132,Diamond Solitaire Pendants,7,SIZE,6546,4.45 mm.
133,132,Diamond Solitaire Pendants,7,SIZE,5914,N/A
133,132,Diamond Solitaire Pendants,8,COLOR,7503,Black
133,132,Diamond Solitaire Pendants,8,COLOR,7459,Blue
133,132,Diamond Solitaire Pendants,8,COLOR,7497,Champagne
133,132,Diamond Solitaire Pendants,8,COLOR,7514,Cognac
133,132,Diamond Solitaire Pendants,8,COLOR,7481,Green
133,132,Diamond Solitaire Pendants,8,COLOR,7527,HI
133,132,Diamond Solitaire Pendants,8,COLOR,7605,IJ
133,132,Diamond Solitaire Pendants,10,SHAPE,7726,Princess
133,132,Diamond Solitaire Pendants,10,SHAPE,7670,Round
133,132,Diamond Solitaire Pendants,13,GRADE,8037,AAA
133,132,Diamond Solitaire Pendants,14,NUMBER OF STONES,8079,1
133,132,Diamond Solitaire Pendants,19,NAME,8410,Diamond
133,132,Diamond Solitaire Pendants,22,CLARITY,8592,I2
133,132,Diamond Solitaire Pendants,23,ITEM,8600,Pendant
134,132,3 Stone Diamond Pendants,1,TREATMENT,13,Color Treated
134,132,3 Stone Diamond Pendants,1,TREATMENT,3,None
134,132,3 Stone Diamond Pendants,3,CUT,8773,Very Good
134,132,3 Stone Diamond Pendants,5,METAL/MATERIAL,222,14k White or Yellow Gold
134,132,3 Stone Diamond Pendants,6,WEIGHT,9874,0.6 Gram
134,132,3 Stone Diamond Pendants,6,WEIGHT,2930,1 Grams
134,132,3 Stone Diamond Pendants,6,WEIGHT,2199,1.35 Grams
134,132,3 Stone Diamond Pendants,6,WEIGHT,2931,1.5 Grams
134,132,3 Stone Diamond Pendants,7,SIZE,9870,1.8 cm
134,132,3 Stone Diamond Pendants,7,SIZE,9871,2.0 cm
134,132,3 Stone Diamond Pendants,7,SIZE,9872,2.2 cm
134,132,3 Stone Diamond Pendants,7,SIZE,9873,2.5 cm
134,132,3 Stone Diamond Pendants,8,COLOR,7503,Black
134,132,3 Stone Diamond Pendants,8,COLOR,7459,Blue
134,132,3 Stone Diamond Pendants,8,COLOR,7490,Blue Green
134,132,3 Stone Diamond Pendants,8,COLOR,7586,Canary/Yellow
134,132,3 Stone Diamond Pendants,8,COLOR,7497,Champagne
134,132,3 Stone Diamond Pendants,8,COLOR,7514,Cognac
134,132,3 Stone Diamond Pendants,8,COLOR,7536,G/H
134,132,3 Stone Diamond Pendants,13,GRADE,8037,AAA
134,132,3 Stone Diamond Pendants,13,GRADE,8048,I1
134,132,3 Stone Diamond Pendants,13,GRADE,8045,SI1
134,132,3 Stone Diamond Pendants,13,GRADE,8047,SI2
134,132,3 Stone Diamond Pendants,14,NUMBER OF STONES,8088,3
134,132,3 Stone Diamond Pendants,23,ITEM,9869,Three stone pendant
134,132,3 Stone Diamond Pendants,26,<b>DIAMOND INFO</b>,8811,&nbsp;&nbsp;
134,132,3 Stone Diamond Pendants,35,<b>TOTAL WEIGHT</b>,9875,0.25 ct
134,132,3 Stone Diamond Pendants,35,<b>TOTAL WEIGHT</b>,9876,0.5 ct
134,132,3 Stone Diamond Pendants,35,<b>TOTAL WEIGHT</b>,9877,1 ct
134,132,3 Stone Diamond Pendants,35,<b>TOTAL WEIGHT</b>,9878,2 ct.
136,135,Solitaire Rings With Gemstones,1,TREATMENT,13,Color Treated
136,135,Solitaire Rings With Gemstones,1,TREATMENT,1,Heat Treated
136,135,Solitaire Rings With Gemstones,1,TREATMENT,8,Irradiated
136,135,Solitaire Rings With Gemstones,2,ORIGIN,21,Africa
136,135,Solitaire Rings With Gemstones,2,ORIGIN,27,Russia
136,135,Solitaire Rings With Gemstones,3,CUT,65,Brilliant
136,135,Solitaire Rings With Gemstones,3,CUT,60,Faceted
136,135,Solitaire Rings With Gemstones,4,CLARITY/GRADE,144,AAA
136,135,Solitaire Rings With Gemstones,4,CLARITY/GRADE,131,I1
136,135,Solitaire Rings With Gemstones,4,CLARITY/GRADE,138,Opaque
136,135,Solitaire Rings With Gemstones,5,METAL/MATERIAL,215,14 k Gold
136,135,Solitaire Rings With Gemstones,5,METAL/MATERIAL,214,14k Gold
136,135,Solitaire Rings With Gemstones,5,METAL/MATERIAL,206,14k White Gold
136,135,Solitaire Rings With Gemstones,6,WEIGHT,3562,0.25 ct.
136,135,Solitaire Rings With Gemstones,6,WEIGHT,3558,0.5 ct.
136,135,Solitaire Rings With Gemstones,6,WEIGHT,3559,1 ct.
136,135,Solitaire Rings With Gemstones,6,WEIGHT,3501,2 Grams Approx.
136,135,Solitaire Rings With Gemstones,6,WEIGHT,2142,2.0 Grams
136,135,Solitaire Rings With Gemstones,7,SIZE,6177,4 mm
136,135,Solitaire Rings With Gemstones,7,SIZE,6076,5 mm
136,135,Solitaire Rings With Gemstones,7,SIZE,6190,6
136,135,Solitaire Rings With Gemstones,7,SIZE,6175,6.5 mm
136,135,Solitaire Rings With Gemstones,8,COLOR,7503,Black
136,135,Solitaire Rings With Gemstones,8,COLOR,7459,Blue
136,135,Solitaire Rings With Gemstones,8,COLOR,7481,Green
136,135,Solitaire Rings With Gemstones,10,SHAPE,7670,Round
136,135,Solitaire Rings With Gemstones,14,NUMBER OF STONES,8079,1
136,135,Solitaire Rings With Gemstones,19,NAME,8409,Chrome Diopside
136,135,Solitaire Rings With Gemstones,19,NAME,8410,Diamond
136,135,Solitaire Rings With Gemstones,23,ITEM,8601,Ring
137,279,Tanzanite Diamond Rings,1,TREATMENT,13,Color Treated
137,279,Tanzanite Diamond Rings,1,TREATMENT,1,Heat Treated
137,279,Tanzanite Diamond Rings,1,TREATMENT,10,N/A
137,279,Tanzanite Diamond Rings,1,TREATMENT,6,Natural
137,279,Tanzanite Diamond Rings,1,TREATMENT,3,None
137,279,Tanzanite Diamond Rings,1,TREATMENT,11,Treated
137,279,Tanzanite Diamond Rings,2,ORIGIN,21,Africa
137,279,Tanzanite Diamond Rings,2,ORIGIN,28,Australia
137,279,Tanzanite Diamond Rings,2,ORIGIN,32,Tanzania
137,279,Tanzanite Diamond Rings,3,CUT,65,Brilliant
137,279,Tanzanite Diamond Rings,3,CUT,112,Brilliant / Faceted
137,279,Tanzanite Diamond Rings,3,CUT,60,Faceted
137,279,Tanzanite Diamond Rings,3,CUT,73,Tapered
137,279,Tanzanite Diamond Rings,3,CUT,8773,Very Good
137,279,Tanzanite Diamond Rings,4,CLARITY/GRADE,144,AAA
137,279,Tanzanite Diamond Rings,4,CLARITY/GRADE,131,I1
137,279,Tanzanite Diamond Rings,4,CLARITY/GRADE,156,I1-I2
137,279,Tanzanite Diamond Rings,4,CLARITY/GRADE,133,I2
137,279,Tanzanite Diamond Rings,4,CLARITY/GRADE,127,SI
137,279,Tanzanite Diamond Rings,4,CLARITY/GRADE,128,VS1
137,279,Tanzanite Diamond Rings,5,METAL/MATERIAL,215,14 k Gold
137,279,Tanzanite Diamond Rings,5,METAL/MATERIAL,206,14k White Gold
137,279,Tanzanite Diamond Rings,5,METAL/MATERIAL,228,14k Yellow Gold
137,279,Tanzanite Diamond Rings,5,METAL/MATERIAL,204,18k White Gold
137,279,Tanzanite Diamond Rings,6,WEIGHT,3644,0.20 ct.
137,279,Tanzanite Diamond Rings,6,WEIGHT,3647,0.41 ct.
137,279,Tanzanite Diamond Rings,6,WEIGHT,3556,0.52 ct.
137,279,Tanzanite Diamond Rings,6,WEIGHT,3578,0.6 ct.
137,279,Tanzanite Diamond Rings,6,WEIGHT,3648,0.61 ct.
137,279,Tanzanite Diamond Rings,6,WEIGHT,3580,0.7 ct.
137,279,Tanzanite Diamond Rings,6,WEIGHT,3920,0.88 ct.
137,279,Tanzanite Diamond Rings,6,WEIGHT,3559,1 ct.
137,279,Tanzanite Diamond Rings,6,WEIGHT,4881,1.19 ct
137,279,Tanzanite Diamond Rings,6,WEIGHT,3625,1.4 ct.
137,279,Tanzanite Diamond Rings,6,WEIGHT,4875,1.62 ct
137,279,Tanzanite Diamond Rings,6,WEIGHT,2003,11.48 Grams
137,279,Tanzanite Diamond Rings,6,WEIGHT,2142,2.0 Grams
137,279,Tanzanite Diamond Rings,6,WEIGHT,3926,2.3 ct.
137,279,Tanzanite Diamond Rings,6,WEIGHT,2004,3
137,279,Tanzanite Diamond Rings,6,WEIGHT,3538,3 ct.
137,279,Tanzanite Diamond Rings,6,WEIGHT,1242,4.12 Carats
137,279,Tanzanite Diamond Rings,6,WEIGHT,1553,5.57 Grams
137,279,Tanzanite Diamond Rings,6,WEIGHT,2491,6.6 Grams
137,279,Tanzanite Diamond Rings,6,WEIGHT,2552,7.01 Grams
137,279,Tanzanite Diamond Rings,6,WEIGHT,2306,7.35 Grams
137,279,Tanzanite Diamond Rings,6,WEIGHT,2309,7.65 Grams
137,279,Tanzanite Diamond Rings,6,WEIGHT,2225,9.09 Grams
137,279,Tanzanite Diamond Rings,7,SIZE,7283,10 x 7 mm
137,279,Tanzanite Diamond Rings,7,SIZE,6188,10x8
137,279,Tanzanite Diamond Rings,7,SIZE,7281,7 - 7.5 - 8
137,279,Tanzanite Diamond Rings,7,SIZE,6128,7.5
137,279,Tanzanite Diamond Rings,7,SIZE,5914,N/A
137,279,Tanzanite Diamond Rings,8,COLOR,7459,Blue
137,279,Tanzanite Diamond Rings,8,COLOR,7572,Blue
137,279,Tanzanite Diamond Rings,8,COLOR,7536,G/H
137,279,Tanzanite Diamond Rings,8,COLOR,7518,GH
137,279,Tanzanite Diamond Rings,8,COLOR,7526,H
137,279,Tanzanite Diamond Rings,10,SHAPE,7691,Baguette
137,279,Tanzanite Diamond Rings,10,SHAPE,7666,Oval
137,279,Tanzanite Diamond Rings,10,SHAPE,7890,Oval Faceted
137,279,Tanzanite Diamond Rings,10,SHAPE,7672,Pear
137,279,Tanzanite Diamond Rings,10,SHAPE,7670,Round
137,279,Tanzanite Diamond Rings,10,SHAPE,7891,Round / Baguette
137,279,Tanzanite Diamond Rings,10,SHAPE,7719,Round&Baguette
137,279,Tanzanite Diamond Rings,10,SHAPE,7724,Tapered
137,279,Tanzanite Diamond Rings,10,SHAPE,7668,Trillion
137,279,Tanzanite Diamond Rings,13,GRADE,8037,AAA
137,279,Tanzanite Diamond Rings,14,NUMBER OF STONES,8093,0
137,279,Tanzanite Diamond Rings,14,NUMBER OF STONES,8079,1
137,279,Tanzanite Diamond Rings,14,NUMBER OF STONES,8086,2
137,279,Tanzanite Diamond Rings,14,NUMBER OF STONES,8081,N/A
137,279,Tanzanite Diamond Rings,15,RING SIZE,8135,7
137,279,Tanzanite Diamond Rings,15,RING SIZE,8136,7.5
137,279,Tanzanite Diamond Rings,16,<b>CENTER STONE</b>,8158,&nbsp;
137,279,Tanzanite Diamond Rings,17,SUGGESTED SHAPE,8220,Oval
137,279,Tanzanite Diamond Rings,18,SUGGESTED SIZE,8288,7x5mm or 8x6mm
137,279,Tanzanite Diamond Rings,18,SUGGESTED SIZE,8290,8x6mm or 9x7mm
137,279,Tanzanite Diamond Rings,19,NAME,8410,Diamond
137,279,Tanzanite Diamond Rings,19,NAME,8429,Tanzanite
137,279,Tanzanite Diamond Rings,22,CLARITY,8588,VS1
137,279,Tanzanite Diamond Rings,23,ITEM,8608,Diamond Semi-mounting
137,279,Tanzanite Diamond Rings,23,ITEM,8601,Ring
137,279,Tanzanite Diamond Rings,23,ITEM,8645,Tanzanite Ring
137,279,Tanzanite Diamond Rings,26,<b>DIAMOND INFO</b>,8811,&nbsp;&nbsp;
137,279,Tanzanite Diamond Rings,35,<b>TOTAL WEIGHT</b>,9848,1.79 ct.
138,135,Ruby Diamond Rings,1,TREATMENT,3,None
138,135,Ruby Diamond Rings,2,ORIGIN,21,Africa
138,135,Ruby Diamond Rings,2,ORIGIN,20,Sri Lanka
138,135,Ruby Diamond Rings,3,CUT,60,Faceted
138,135,Ruby Diamond Rings,3,CUT,73,Tapered
138,135,Ruby Diamond Rings,4,CLARITY/GRADE,157,A
138,135,Ruby Diamond Rings,4,CLARITY/GRADE,156,I1-I2
138,135,Ruby Diamond Rings,5,METAL/MATERIAL,206,14k White Gold
138,135,Ruby Diamond Rings,6,WEIGHT,3822,0.14 ct.
138,135,Ruby Diamond Rings,6,WEIGHT,737,0.86 Carats
138,135,Ruby Diamond Rings,6,WEIGHT,2638,5.03 Grams
138,135,Ruby Diamond Rings,7,SIZE,5914,N/A
138,135,Ruby Diamond Rings,8,COLOR,7459,Blue
138,135,Ruby Diamond Rings,8,COLOR,7518,GH
138,135,Ruby Diamond Rings,8,COLOR,7461,Red
138,135,Ruby Diamond Rings,10,SHAPE,7691,Baguette
138,135,Ruby Diamond Rings,10,SHAPE,7684,Marquise
138,135,Ruby Diamond Rings,14,NUMBER OF STONES,8079,1
138,135,Ruby Diamond Rings,14,NUMBER OF STONES,8081,N/A
138,135,Ruby Diamond Rings,15,RING SIZE,8135,7
138,135,Ruby Diamond Rings,19,NAME,8410,Diamond
138,135,Ruby Diamond Rings,19,NAME,8397,Ruby
138,135,Ruby Diamond Rings,19,NAME,8396,Sapphire
138,135,Ruby Diamond Rings,23,ITEM,8609,Diamond Ring
139,135,Sapphire Diamond Rings,1,TREATMENT,1,Heat Treated
139,135,Sapphire Diamond Rings,1,TREATMENT,10,N/A
139,135,Sapphire Diamond Rings,1,TREATMENT,6,Natural
139,135,Sapphire Diamond Rings,1,TREATMENT,3,None
139,135,Sapphire Diamond Rings,1,TREATMENT,11,Treated
139,135,Sapphire Diamond Rings,2,ORIGIN,21,Africa
139,135,Sapphire Diamond Rings,2,ORIGIN,28,Australia
139,135,Sapphire Diamond Rings,2,ORIGIN,20,Sri Lanka
139,135,Sapphire Diamond Rings,3,CUT,82,Baguette
139,135,Sapphire Diamond Rings,3,CUT,65,Brilliant
139,135,Sapphire Diamond Rings,3,CUT,112,Brilliant / Faceted
139,135,Sapphire Diamond Rings,3,CUT,60,Faceted
139,135,Sapphire Diamond Rings,3,CUT,73,Tapered
139,135,Sapphire Diamond Rings,3,CUT,8773,Very Good
139,135,Sapphire Diamond Rings,4,CLARITY/GRADE,157,A
139,135,Sapphire Diamond Rings,4,CLARITY/GRADE,144,AAA
139,135,Sapphire Diamond Rings,4,CLARITY/GRADE,131,I1
139,135,Sapphire Diamond Rings,4,CLARITY/GRADE,156,I1-I2
139,135,Sapphire Diamond Rings,4,CLARITY/GRADE,133,I2
139,135,Sapphire Diamond Rings,4,CLARITY/GRADE,129,SI1
139,135,Sapphire Diamond Rings,4,CLARITY/GRADE,128,VS1
139,135,Sapphire Diamond Rings,5,METAL/MATERIAL,206,14k White Gold
139,135,Sapphire Diamond Rings,5,METAL/MATERIAL,204,18k White Gold
139,135,Sapphire Diamond Rings,6,WEIGHT,3642,0.08 ct.
139,135,Sapphire Diamond Rings,6,WEIGHT,3666,0.19 ct.
139,135,Sapphire Diamond Rings,6,WEIGHT,3505,0.22 ct.
139,135,Sapphire Diamond Rings,6,WEIGHT,3601,0.28 ct.
139,135,Sapphire Diamond Rings,6,WEIGHT,3507,0.3 ct.
139,135,Sapphire Diamond Rings,6,WEIGHT,3516,0.36 ct.
139,135,Sapphire Diamond Rings,6,WEIGHT,3656,0.38 ct.
139,135,Sapphire Diamond Rings,6,WEIGHT,3547,0.4 ct.
139,135,Sapphire Diamond Rings,6,WEIGHT,4861,0.46 ct
139,135,Sapphire Diamond Rings,6,WEIGHT,3661,0.47 ct.
139,135,Sapphire Diamond Rings,6,WEIGHT,3860,0.58 ct.
139,135,Sapphire Diamond Rings,6,WEIGHT,3518,0.66 ct.
139,135,Sapphire Diamond Rings,6,WEIGHT,3183,0.71 ct.
139,135,Sapphire Diamond Rings,6,WEIGHT,3524,0.75 ct.
139,135,Sapphire Diamond Rings,6,WEIGHT,4872,0.82 ct
139,135,Sapphire Diamond Rings,6,WEIGHT,3663,0.85 ct.
139,135,Sapphire Diamond Rings,6,WEIGHT,3515,0.9 ct.
139,135,Sapphire Diamond Rings,6,WEIGHT,3650,0.91 ct.
139,135,Sapphire Diamond Rings,6,WEIGHT,3282,0.93 ct.
139,135,Sapphire Diamond Rings,6,WEIGHT,1985,0.95 ct.
139,135,Sapphire Diamond Rings,6,WEIGHT,1773,1
139,135,Sapphire Diamond Rings,6,WEIGHT,4161,1 Carat approx.
139,135,Sapphire Diamond Rings,6,WEIGHT,3559,1 ct.
139,135,Sapphire Diamond Rings,6,WEIGHT,4889,1.07 cts
139,135,Sapphire Diamond Rings,6,WEIGHT,3665,1.08 ct.
139,135,Sapphire Diamond Rings,6,WEIGHT,3622,1.15 ct.
139,135,Sapphire Diamond Rings,6,WEIGHT,4027,1.21 ct.
139,135,Sapphire Diamond Rings,6,WEIGHT,926,1.26 Carats
139,135,Sapphire Diamond Rings,6,WEIGHT,1786,1.34 ct.
139,135,Sapphire Diamond Rings,6,WEIGHT,3669,1.35 ct.
139,135,Sapphire Diamond Rings,6,WEIGHT,3625,1.4 ct.
139,135,Sapphire Diamond Rings,6,WEIGHT,2425,1.71 Carts
139,135,Sapphire Diamond Rings,6,WEIGHT,4183,2 Carats twt. Approx.
139,135,Sapphire Diamond Rings,6,WEIGHT,3538,3 ct.
139,135,Sapphire Diamond Rings,6,WEIGHT,2567,3.16 Grams
139,135,Sapphire Diamond Rings,6,WEIGHT,3839,3.49 Grams
139,135,Sapphire Diamond Rings,6,WEIGHT,2970,3.55 Grams
139,135,Sapphire Diamond Rings,6,WEIGHT,2353,4.18 Grams
139,135,Sapphire Diamond Rings,6,WEIGHT,2041,4.21 Grams
139,135,Sapphire Diamond Rings,6,WEIGHT,2554,4.28 Grams
139,135,Sapphire Diamond Rings,6,WEIGHT,2034,4.39 Grams
139,135,Sapphire Diamond Rings,6,WEIGHT,2050,4.93 Grams
139,135,Sapphire Diamond Rings,6,WEIGHT,2649,4.94 Grams
139,135,Sapphire Diamond Rings,6,WEIGHT,2033,5
139,135,Sapphire Diamond Rings,6,WEIGHT,2032,5.07 Grams
139,135,Sapphire Diamond Rings,6,WEIGHT,2320,5.68 Grams
139,135,Sapphire Diamond Rings,6,WEIGHT,1555,5.82 Grams
139,135,Sapphire Diamond Rings,6,WEIGHT,2322,6.31 Grams
139,135,Sapphire Diamond Rings,6,WEIGHT,1981,7.02 Grams
139,135,Sapphire Diamond Rings,6,WEIGHT,2331,7.19 Grams
139,135,Sapphire Diamond Rings,6,WEIGHT,2314,7.33 Grams
139,135,Sapphire Diamond Rings,6,WEIGHT,2332,9.39 Grams
139,135,Sapphire Diamond Rings,6,WEIGHT,2291,9.81 Grams
139,135,Sapphire Diamond Rings,7,SIZE,6612,5 mm. Each
139,135,Sapphire Diamond Rings,7,SIZE,6536,5x4 mm
139,135,Sapphire Diamond Rings,7,SIZE,6190,6
139,135,Sapphire Diamond Rings,7,SIZE,6192,6.2
139,135,Sapphire Diamond Rings,7,SIZE,6537,6x4 mm
139,135,Sapphire Diamond Rings,7,SIZE,6194,6x5
139,135,Sapphire Diamond Rings,7,SIZE,6576,6x5 mm
139,135,Sapphire Diamond Rings,7,SIZE,6191,7
139,135,Sapphire Diamond Rings,7,SIZE,7281,7 - 7.5 - 8
139,135,Sapphire Diamond Rings,7,SIZE,7289,7 x 5 mm
139,135,Sapphire Diamond Rings,7,SIZE,6128,7.5
139,135,Sapphire Diamond Rings,7,SIZE,6187,7x5
139,135,Sapphire Diamond Rings,7,SIZE,6538,7x5 mm
139,135,Sapphire Diamond Rings,7,SIZE,6204,7x5 mm.
139,135,Sapphire Diamond Rings,7,SIZE,6205,8x5 mm.
139,135,Sapphire Diamond Rings,7,SIZE,6217,9x7 mm.
139,135,Sapphire Diamond Rings,7,SIZE,5914,N/A
139,135,Sapphire Diamond Rings,8,COLOR,7459,Blue
139,135,Sapphire Diamond Rings,8,COLOR,7483,Dark Blue
139,135,Sapphire Diamond Rings,8,COLOR,7537,Fancy Pink
139,135,Sapphire Diamond Rings,8,COLOR,7536,G/H
139,135,Sapphire Diamond Rings,8,COLOR,7518,GH
139,135,Sapphire Diamond Rings,8,COLOR,7527,HI
139,135,Sapphire Diamond Rings,8,COLOR,7507,Pink
139,135,Sapphire Diamond Rings,8,COLOR,7465,Yellow
139,135,Sapphire Diamond Rings,10,SHAPE,7691,Baguette
139,135,Sapphire Diamond Rings,10,SHAPE,7684,Marquise
139,135,Sapphire Diamond Rings,10,SHAPE,7721,Marquise/Pear
139,135,Sapphire Diamond Rings,10,SHAPE,7705,Octagonal
139,135,Sapphire Diamond Rings,10,SHAPE,7666,Oval
139,135,Sapphire Diamond Rings,10,SHAPE,7672,Pear
139,135,Sapphire Diamond Rings,10,SHAPE,7670,Round
139,135,Sapphire Diamond Rings,10,SHAPE,7719,Round&Baguette
139,135,Sapphire Diamond Rings,10,SHAPE,7718,Round/Baguette
139,135,Sapphire Diamond Rings,10,SHAPE,7724,Tapered
139,135,Sapphire Diamond Rings,13,GRADE,8037,AAA
139,135,Sapphire Diamond Rings,14,NUMBER OF STONES,8079,1
139,135,Sapphire Diamond Rings,14,NUMBER OF STONES,8116,1 SAPPHIRE DESCRIPTION
139,135,Sapphire Diamond Rings,14,NUMBER OF STONES,8086,2
139,135,Sapphire Diamond Rings,14,NUMBER OF STONES,8103,22
139,135,Sapphire Diamond Rings,14,NUMBER OF STONES,8100,23
139,135,Sapphire Diamond Rings,14,NUMBER OF STONES,8106,45
139,135,Sapphire Diamond Rings,14,NUMBER OF STONES,8099,70
139,135,Sapphire Diamond Rings,14,NUMBER OF STONES,8095,71
139,135,Sapphire Diamond Rings,14,NUMBER OF STONES,8081,N/A
139,135,Sapphire Diamond Rings,15,RING SIZE,8135,7
139,135,Sapphire Diamond Rings,15,RING SIZE,8136,7.5
139,135,Sapphire Diamond Rings,16,<b>CENTER STONE</b>,8158,&nbsp;
139,135,Sapphire Diamond Rings,19,NAME,8410,Diamond
139,135,Sapphire Diamond Rings,19,NAME,8396,Sapphire
139,135,Sapphire Diamond Rings,22,CLARITY,8588,VS1
139,135,Sapphire Diamond Rings,23,ITEM,8609,Diamond Ring
139,135,Sapphire Diamond Rings,23,ITEM,8653,Gemstone Rings
139,135,Sapphire Diamond Rings,23,ITEM,8601,Ring
139,135,Sapphire Diamond Rings,23,ITEM,8647,Sapphire Ring
139,135,Sapphire Diamond Rings,26,<b>DIAMOND INFO</b>,8810,
139,135,Sapphire Diamond Rings,27,<b>STONE INFO</b>,8814,&nbsp;
139,135,Sapphire Diamond Rings,29,WIDTH,8849,2.0 mm
139,135,Sapphire Diamond Rings,29,WIDTH,8847,3.0 mm
139,135,Sapphire Diamond Rings,35,<b>TOTAL WEIGHT</b>,10294,0.68 ct.
139,135,Sapphire Diamond Rings,35,<b>TOTAL WEIGHT</b>,10299,0.96 ct.
139,135,Sapphire Diamond Rings,35,<b>TOTAL WEIGHT</b>,9643,1.22 ct.
139,135,Sapphire Diamond Rings,35,<b>TOTAL WEIGHT</b>,9635,1.27 ct.
139,135,Sapphire Diamond Rings,35,<b>TOTAL WEIGHT</b>,10296,1.43 ct.
139,135,Sapphire Diamond Rings,35,<b>TOTAL WEIGHT</b>,9644,2.38 ct.
139,135,Sapphire Diamond Rings,37,<b>SIDE STONE INFO</b>,9628,
140,135,More Gemstone Rings,1,TREATMENT,6,Natural
140,135,More Gemstone Rings,2,ORIGIN,21,Africa
140,135,More Gemstone Rings,2,ORIGIN,43,Brazil
140,135,More Gemstone Rings,2,ORIGIN,33,Kenya
140,135,More Gemstone Rings,3,CUT,65,Brilliant
140,135,More Gemstone Rings,3,CUT,60,Faceted
140,135,More Gemstone Rings,3,CUT,73,Tapered
140,135,More Gemstone Rings,4,CLARITY/GRADE,144,AAA
140,135,More Gemstone Rings,4,CLARITY/GRADE,131,I1
140,135,More Gemstone Rings,5,METAL/MATERIAL,214,14k Gold
140,135,More Gemstone Rings,5,METAL/MATERIAL,206,14k White Gold
140,135,More Gemstone Rings,5,METAL/MATERIAL,204,18k White Gold
140,135,More Gemstone Rings,6,WEIGHT,3642,0.08 ct.
140,135,More Gemstone Rings,6,WEIGHT,3533,0.09 ct.
140,135,More Gemstone Rings,6,WEIGHT,3562,0.25 ct.
140,135,More Gemstone Rings,6,WEIGHT,3580,0.7 ct.
140,135,More Gemstone Rings,6,WEIGHT,355,0.73 ct.
140,135,More Gemstone Rings,6,WEIGHT,4887,1.5 ct.
140,135,More Gemstone Rings,6,WEIGHT,3561,2 ct.
140,135,More Gemstone Rings,6,WEIGHT,1450,3.46 Grams
140,135,More Gemstone Rings,6,WEIGHT,2327,5.17 Grams
140,135,More Gemstone Rings,6,WEIGHT,2306,7.35 Grams
140,135,More Gemstone Rings,7,SIZE,6535,5x3 mm
140,135,More Gemstone Rings,7,SIZE,6191,7
140,135,More Gemstone Rings,7,SIZE,5914,N/A
140,135,More Gemstone Rings,8,COLOR,7536,G/H
140,135,More Gemstone Rings,8,COLOR,7469,Golden
140,135,More Gemstone Rings,8,COLOR,7481,Green
140,135,More Gemstone Rings,8,COLOR,7480,Purple
140,135,More Gemstone Rings,10,SHAPE,7691,Baguette
140,135,More Gemstone Rings,10,SHAPE,7695,Cushion
140,135,More Gemstone Rings,10,SHAPE,7666,Oval
140,135,More Gemstone Rings,10,SHAPE,7670,Round
140,135,More Gemstone Rings,10,SHAPE,7719,Round&Baguette
140,135,More Gemstone Rings,14,NUMBER OF STONES,8079,1
140,135,More Gemstone Rings,14,NUMBER OF STONES,8081,N/A
140,135,More Gemstone Rings,15,RING SIZE,8136,7.5
140,135,More Gemstone Rings,19,NAME,8398,Amethyst
140,135,More Gemstone Rings,19,NAME,8400,Citrine
140,135,More Gemstone Rings,19,NAME,8410,Diamond
140,135,More Gemstone Rings,19,NAME,8406,Tsavorite
140,135,More Gemstone Rings,23,ITEM,8601,Ring
141,24,Gemstone Earrings,1,TREATMENT,1,Heat Treated
141,24,Gemstone Earrings,2,ORIGIN,43,Brazil
141,24,Gemstone Earrings,2,ORIGIN,27,Russia
141,24,Gemstone Earrings,2,ORIGIN,20,Sri Lanka
141,24,Gemstone Earrings,3,CUT,60,Faceted
141,24,Gemstone Earrings,4,CLARITY/GRADE,157,A
141,24,Gemstone Earrings,4,CLARITY/GRADE,145,AA
141,24,Gemstone Earrings,4,CLARITY/GRADE,144,AAA
141,24,Gemstone Earrings,5,METAL/MATERIAL,214,14k Gold
141,24,Gemstone Earrings,6,WEIGHT,3558,0.5 ct.
141,24,Gemstone Earrings,6,WEIGHT,2958,0.5 Grams
141,24,Gemstone Earrings,6,WEIGHT,3559,1 ct.
141,24,Gemstone Earrings,6,WEIGHT,2930,1 Grams
141,24,Gemstone Earrings,6,WEIGHT,3561,2 ct.
141,24,Gemstone Earrings,6,WEIGHT,2142,2.0 Grams
141,24,Gemstone Earrings,6,WEIGHT,3927,3.2 ct.
141,24,Gemstone Earrings,7,SIZE,5998,11x9 mm
141,24,Gemstone Earrings,7,SIZE,6182,4
141,24,Gemstone Earrings,7,SIZE,6177,4 mm
141,24,Gemstone Earrings,7,SIZE,6197,5
141,24,Gemstone Earrings,7,SIZE,6076,5 mm
141,24,Gemstone Earrings,7,SIZE,6536,5x4 mm
141,24,Gemstone Earrings,7,SIZE,6174,6 mm
141,24,Gemstone Earrings,7,SIZE,6576,6x5 mm
141,24,Gemstone Earrings,7,SIZE,6199,8
141,24,Gemstone Earrings,8,COLOR,7612,Aqua
141,24,Gemstone Earrings,8,COLOR,7481,Green
141,24,Gemstone Earrings,8,COLOR,7464,Orange
141,24,Gemstone Earrings,8,COLOR,7461,Red
141,24,Gemstone Earrings,8,COLOR,7501,White
141,24,Gemstone Earrings,10,SHAPE,7666,Oval
141,24,Gemstone Earrings,10,SHAPE,7670,Round
141,24,Gemstone Earrings,11,LUSTER,7925,Very Nice
141,24,Gemstone Earrings,12,HARDNESS,7947,8
141,24,Gemstone Earrings,14,NUMBER OF STONES,8086,2
141,24,Gemstone Earrings,19,NAME,8479,Aquamarine
141,24,Gemstone Earrings,19,NAME,8409,Chrome Diopside
141,24,Gemstone Earrings,19,NAME,8397,Ruby
141,24,Gemstone Earrings,19,NAME,8396,Sapphire
141,24,Gemstone Earrings,23,ITEM,8604,Earrings
142,24,Gemstone Pendants,1,TREATMENT,13,Color Treated
142,24,Gemstone Pendants,1,TREATMENT,1,Heat Treated
142,24,Gemstone Pendants,1,TREATMENT,11,Treated
142,24,Gemstone Pendants,2,ORIGIN,21,Africa
142,24,Gemstone Pendants,2,ORIGIN,27,Russia
142,24,Gemstone Pendants,2,ORIGIN,20,Sri Lanka
142,24,Gemstone Pendants,3,CUT,65,Brilliant
142,24,Gemstone Pendants,3,CUT,60,Faceted
142,24,Gemstone Pendants,3,CUT,79,Princess Cut
142,24,Gemstone Pendants,3,CUT,8773,Very Good
142,24,Gemstone Pendants,4,CLARITY/GRADE,144,AAA
142,24,Gemstone Pendants,5,METAL/MATERIAL,214,14k Gold
142,24,Gemstone Pendants,5,METAL/MATERIAL,222,14k White or Yellow Gold
142,24,Gemstone Pendants,6,WEIGHT,3562,0.25 ct.
142,24,Gemstone Pendants,6,WEIGHT,3558,0.5 ct.
142,24,Gemstone Pendants,6,WEIGHT,9874,0.6 Gram
142,24,Gemstone Pendants,6,WEIGHT,3524,0.75 ct.
142,24,Gemstone Pendants,6,WEIGHT,2930,1 Grams
142,24,Gemstone Pendants,6,WEIGHT,2199,1.35 Grams
142,24,Gemstone Pendants,6,WEIGHT,2142,2.0 Grams
142,24,Gemstone Pendants,7,SIZE,6253,1
142,24,Gemstone Pendants,7,SIZE,9870,1.8 cm
142,24,Gemstone Pendants,7,SIZE,6193,10
142,24,Gemstone Pendants,7,SIZE,9871,2.0 cm
142,24,Gemstone Pendants,7,SIZE,9872,2.2 cm
142,24,Gemstone Pendants,7,SIZE,6177,4 mm
142,24,Gemstone Pendants,7,SIZE,6076,5 mm
142,24,Gemstone Pendants,7,SIZE,6199,8
142,24,Gemstone Pendants,8,COLOR,7503,Black
142,24,Gemstone Pendants,8,COLOR,7481,Green
142,24,Gemstone Pendants,8,COLOR,7466,Padparadscha
142,24,Gemstone Pendants,8,COLOR,7507,Pink
142,24,Gemstone Pendants,10,SHAPE,7670,Round
142,24,Gemstone Pendants,10,SHAPE,7685,Square
142,24,Gemstone Pendants,10,SHAPE,7668,Trillion
142,24,Gemstone Pendants,13,GRADE,8037,AAA
142,24,Gemstone Pendants,14,NUMBER OF STONES,8079,1
142,24,Gemstone Pendants,14,NUMBER OF STONES,8088,3
142,24,Gemstone Pendants,19,NAME,8409,Chrome Diopside
142,24,Gemstone Pendants,19,NAME,8410,Diamond
142,24,Gemstone Pendants,19,NAME,8396,Sapphire
142,24,Gemstone Pendants,23,ITEM,8600,Pendant
142,24,Gemstone Pendants,23,ITEM,9869,Three stone pendant
142,24,Gemstone Pendants,26,<b>DIAMOND INFO</b>,8811,&nbsp;&nbsp;
142,24,Gemstone Pendants,35,<b>TOTAL WEIGHT</b>,9875,0.25 ct
142,24,Gemstone Pendants,35,<b>TOTAL WEIGHT</b>,9876,0.5 ct
142,24,Gemstone Pendants,35,<b>TOTAL WEIGHT</b>,9877,1 ct
144,24,Gold Diamond Semi-mountings,1,TREATMENT,10,N/A
144,24,Gold Diamond Semi-mountings,1,TREATMENT,6,Natural
144,24,Gold Diamond Semi-mountings,1,TREATMENT,3,None
144,24,Gold Diamond Semi-mountings,2,ORIGIN,21,Africa
144,24,Gold Diamond Semi-mountings,3,CUT,68,
144,24,Gold Diamond Semi-mountings,3,CUT,82,Baguette
144,24,Gold Diamond Semi-mountings,3,CUT,65,Brilliant
144,24,Gold Diamond Semi-mountings,3,CUT,78,Brilliant/Tapered
144,24,Gold Diamond Semi-mountings,3,CUT,67,N/A
144,24,Gold Diamond Semi-mountings,3,CUT,73,Tapered
144,24,Gold Diamond Semi-mountings,3,CUT,8773,Very Good
144,24,Gold Diamond Semi-mountings,4,CLARITY/GRADE,156,I1-I2
144,24,Gold Diamond Semi-mountings,4,CLARITY/GRADE,133,I2
144,24,Gold Diamond Semi-mountings,4,CLARITY/GRADE,197,N/A
144,24,Gold Diamond Semi-mountings,4,CLARITY/GRADE,128,VS1
144,24,Gold Diamond Semi-mountings,5,METAL/MATERIAL,206,14k White Gold
144,24,Gold Diamond Semi-mountings,5,METAL/MATERIAL,204,18k White Gold
144,24,Gold Diamond Semi-mountings,6,WEIGHT,3877,0.02 ct.
144,24,Gold Diamond Semi-mountings,6,WEIGHT,3803,0.03 ct.
144,24,Gold Diamond Semi-mountings,6,WEIGHT,3594,0.04 ct.
144,24,Gold Diamond Semi-mountings,6,WEIGHT,3551,0.05 ct.
144,24,Gold Diamond Semi-mountings,6,WEIGHT,3502,0.06 ct.
144,24,Gold Diamond Semi-mountings,6,WEIGHT,3613,0.07 ct.
144,24,Gold Diamond Semi-mountings,6,WEIGHT,3642,0.08 ct.
144,24,Gold Diamond Semi-mountings,6,WEIGHT,3533,0.09 ct.
144,24,Gold Diamond Semi-mountings,6,WEIGHT,3643,0.10 ct.
144,24,Gold Diamond Semi-mountings,6,WEIGHT,3595,0.11 ct.
144,24,Gold Diamond Semi-mountings,6,WEIGHT,3620,0.13 ct.
144,24,Gold Diamond Semi-mountings,6,WEIGHT,3822,0.14 ct.
144,24,Gold Diamond Semi-mountings,6,WEIGHT,3534,0.15 ct.
144,24,Gold Diamond Semi-mountings,6,WEIGHT,3633,0.16 ct.
144,24,Gold Diamond Semi-mountings,6,WEIGHT,3614,0.17 ct.
144,24,Gold Diamond Semi-mountings,6,WEIGHT,3660,0.18 ct.
144,24,Gold Diamond Semi-mountings,6,WEIGHT,3666,0.19 ct.
144,24,Gold Diamond Semi-mountings,6,WEIGHT,3644,0.20 ct.
144,24,Gold Diamond Semi-mountings,6,WEIGHT,3654,0.21 ct.
144,24,Gold Diamond Semi-mountings,6,WEIGHT,3505,0.22 ct.
144,24,Gold Diamond Semi-mountings,6,WEIGHT,3667,0.23 ct.
144,24,Gold Diamond Semi-mountings,6,WEIGHT,3535,0.24 ct.
144,24,Gold Diamond Semi-mountings,6,WEIGHT,3562,0.25 ct.
144,24,Gold Diamond Semi-mountings,6,WEIGHT,3645,0.26 ct.
144,24,Gold Diamond Semi-mountings,6,WEIGHT,1983,0.27 ct.
144,24,Gold Diamond Semi-mountings,6,WEIGHT,3601,0.28 ct.
144,24,Gold Diamond Semi-mountings,6,WEIGHT,3668,0.29 ct.
144,24,Gold Diamond Semi-mountings,6,WEIGHT,3507,0.3 ct.
144,24,Gold Diamond Semi-mountings,6,WEIGHT,3852,0.32 ct.
144,24,Gold Diamond Semi-mountings,6,WEIGHT,3655,0.33 ct.
144,24,Gold Diamond Semi-mountings,6,WEIGHT,3646,0.34 ct.
144,24,Gold Diamond Semi-mountings,6,WEIGHT,3555,0.35 ct.
144,24,Gold Diamond Semi-mountings,6,WEIGHT,3516,0.36 ct.
144,24,Gold Diamond Semi-mountings,6,WEIGHT,3523,0.37 ct.
144,24,Gold Diamond Semi-mountings,6,WEIGHT,3656,0.38 ct.
144,24,Gold Diamond Semi-mountings,6,WEIGHT,1495,0.39 carats
144,24,Gold Diamond Semi-mountings,6,WEIGHT,3547,0.4 ct.
144,24,Gold Diamond Semi-mountings,6,WEIGHT,3634,0.42 ct.
144,24,Gold Diamond Semi-mountings,6,WEIGHT,3657,0.44 ct.
144,24,Gold Diamond Semi-mountings,6,WEIGHT,3661,0.47 ct.
144,24,Gold Diamond Semi-mountings,6,WEIGHT,3510,0.48 ct.
144,24,Gold Diamond Semi-mountings,6,WEIGHT,3556,0.52 ct.
144,24,Gold Diamond Semi-mountings,6,WEIGHT,3602,0.57 ct.
144,24,Gold Diamond Semi-mountings,6,WEIGHT,3860,0.58 ct.
144,24,Gold Diamond Semi-mountings,6,WEIGHT,3578,0.6 ct.
144,24,Gold Diamond Semi-mountings,6,WEIGHT,3918,0.62 ct.
144,24,Gold Diamond Semi-mountings,6,WEIGHT,3580,0.7 ct.
144,24,Gold Diamond Semi-mountings,6,WEIGHT,3183,0.71 ct.
144,24,Gold Diamond Semi-mountings,6,WEIGHT,1126,0.74 Carats
144,24,Gold Diamond Semi-mountings,6,WEIGHT,3524,0.75 ct.
144,24,Gold Diamond Semi-mountings,6,WEIGHT,3919,0.76 ct.
144,24,Gold Diamond Semi-mountings,6,WEIGHT,4906,0.81 ct
144,24,Gold Diamond Semi-mountings,6,WEIGHT,3283,0.84 Carat
144,24,Gold Diamond Semi-mountings,6,WEIGHT,3920,0.88 ct.
144,24,Gold Diamond Semi-mountings,6,WEIGHT,4881,1.19 ct
144,24,Gold Diamond Semi-mountings,6,WEIGHT,1134,1.32 Carats
144,24,Gold Diamond Semi-mountings,6,WEIGHT,3519,1.38 ct.
144,24,Gold Diamond Semi-mountings,6,WEIGHT,361,1.61 Carats
144,24,Gold Diamond Semi-mountings,6,WEIGHT,2431,1.66 Carts
144,24,Gold Diamond Semi-mountings,6,WEIGHT,4873,1.83 ct
144,24,Gold Diamond Semi-mountings,6,WEIGHT,2633,10.55 Grams
144,24,Gold Diamond Semi-mountings,6,WEIGHT,2215,10.77 Grams
144,24,Gold Diamond Semi-mountings,6,WEIGHT,2146,10.83 Grams
144,24,Gold Diamond Semi-mountings,6,WEIGHT,2157,11.09 Grams
144,24,Gold Diamond Semi-mountings,6,WEIGHT,1646,11.12 Grams
144,24,Gold Diamond Semi-mountings,6,WEIGHT,2148,11.92 Grams
144,24,Gold Diamond Semi-mountings,6,WEIGHT,1610,13.33 Grams
144,24,Gold Diamond Semi-mountings,6,WEIGHT,2573,2.14 Grams
144,24,Gold Diamond Semi-mountings,6,WEIGHT,3848,2.23 Grams
144,24,Gold Diamond Semi-mountings,6,WEIGHT,738,2.33 Carats
144,24,Gold Diamond Semi-mountings,6,WEIGHT,1515,2.38 Grams
144,24,Gold Diamond Semi-mountings,6,WEIGHT,583,2.39 Carats
144,24,Gold Diamond Semi-mountings,6,WEIGHT,589,2.41 Carats
144,24,Gold Diamond Semi-mountings,6,WEIGHT,2566,2.43 Grams
144,24,Gold Diamond Semi-mountings,6,WEIGHT,3863,2.46 Grams
144,24,Gold Diamond Semi-mountings,6,WEIGHT,1975,2.52 Grams
144,24,Gold Diamond Semi-mountings,6,WEIGHT,3810,2.55 Grams
144,24,Gold Diamond Semi-mountings,6,WEIGHT,2944,2.73 Grams
144,24,Gold Diamond Semi-mountings,6,WEIGHT,4680,2.79 cts.
144,24,Gold Diamond Semi-mountings,6,WEIGHT,1944,2.79 Grams
144,24,Gold Diamond Semi-mountings,6,WEIGHT,3823,2.82 Grams
144,24,Gold Diamond Semi-mountings,6,WEIGHT,3841,2.93 Grams
144,24,Gold Diamond Semi-mountings,6,WEIGHT,3813,3 Grams
144,24,Gold Diamond Semi-mountings,6,WEIGHT,1343,3.01 Carats
144,24,Gold Diamond Semi-mountings,6,WEIGHT,3849,3.05 Grams
144,24,Gold Diamond Semi-mountings,6,WEIGHT,3830,3.1 Grams
144,24,Gold Diamond Semi-mountings,6,WEIGHT,1507,3.11 Grams
144,24,Gold Diamond Semi-mountings,6,WEIGHT,2567,3.16 Grams
144,24,Gold Diamond Semi-mountings,6,WEIGHT,4796,3.19 cts.
144,24,Gold Diamond Semi-mountings,6,WEIGHT,1964,3.2 Grams
144,24,Gold Diamond Semi-mountings,6,WEIGHT,3806,3.28 Grams
144,24,Gold Diamond Semi-mountings,6,WEIGHT,2496,3.3 Grams
144,24,Gold Diamond Semi-mountings,6,WEIGHT,2223,3.32 Grams
144,24,Gold Diamond Semi-mountings,6,WEIGHT,3814,3.33 Grams
144,24,Gold Diamond Semi-mountings,6,WEIGHT,2570,3.36 Grams
144,24,Gold Diamond Semi-mountings,6,WEIGHT,1448,3.38 Grams
144,24,Gold Diamond Semi-mountings,6,WEIGHT,3857,3.45 Grams
144,24,Gold Diamond Semi-mountings,6,WEIGHT,2970,3.55 Grams
144,24,Gold Diamond Semi-mountings,6,WEIGHT,1525,3.61 Grams
144,24,Gold Diamond Semi-mountings,6,WEIGHT,9281,3.62 Grams
144,24,Gold Diamond Semi-mountings,6,WEIGHT,3851,3.63 Grams
144,24,Gold Diamond Semi-mountings,6,WEIGHT,2516,3.64 Grams
144,24,Gold Diamond Semi-mountings,6,WEIGHT,2568,3.71 Grams
144,24,Gold Diamond Semi-mountings,6,WEIGHT,3817,3.72 Grams
144,24,Gold Diamond Semi-mountings,6,WEIGHT,2571,3.73 Grams
144,24,Gold Diamond Semi-mountings,6,WEIGHT,1510,3.75 Grams
144,24,Gold Diamond Semi-mountings,6,WEIGHT,2245,3.77 Grams
144,24,Gold Diamond Semi-mountings,6,WEIGHT,1532,3.78 Grams
144,24,Gold Diamond Semi-mountings,6,WEIGHT,3845,3.79 Grams
144,24,Gold Diamond Semi-mountings,6,WEIGHT,3890,3.85 Grams
144,24,Gold Diamond Semi-mountings,6,WEIGHT,3895,3.94 Grams
144,24,Gold Diamond Semi-mountings,6,WEIGHT,3816,4 Grams
144,24,Gold Diamond Semi-mountings,6,WEIGHT,3828,4.09 Grams
144,24,Gold Diamond Semi-mountings,6,WEIGHT,2093,4.11 Grams
144,24,Gold Diamond Semi-mountings,6,WEIGHT,3869,4.23 Grams
144,24,Gold Diamond Semi-mountings,6,WEIGHT,2554,4.28 Grams
144,24,Gold Diamond Semi-mountings,6,WEIGHT,1222,4.33 Carats
144,24,Gold Diamond Semi-mountings,6,WEIGHT,3873,4.34 Grams
144,24,Gold Diamond Semi-mountings,6,WEIGHT,3853,4.44 Grams
144,24,Gold Diamond Semi-mountings,6,WEIGHT,1461,4.46 Grams
144,24,Gold Diamond Semi-mountings,6,WEIGHT,3855,4.49 Grams
144,24,Gold Diamond Semi-mountings,6,WEIGHT,1550,4.52 Grams
144,24,Gold Diamond Semi-mountings,6,WEIGHT,1528,4.58 Grams
144,24,Gold Diamond Semi-mountings,6,WEIGHT,1529,4.75 Grams
144,24,Gold Diamond Semi-mountings,6,WEIGHT,2515,4.83 Grams
144,24,Gold Diamond Semi-mountings,6,WEIGHT,2305,4.84 Grams
144,24,Gold Diamond Semi-mountings,6,WEIGHT,1524,5.09 Grams
144,24,Gold Diamond Semi-mountings,6,WEIGHT,1522,5.34 Grams
144,24,Gold Diamond Semi-mountings,6,WEIGHT,2564,5.38 Grams
144,24,Gold Diamond Semi-mountings,6,WEIGHT,2559,5.66 Grams
144,24,Gold Diamond Semi-mountings,6,WEIGHT,1995,5.77 Grams
144,24,Gold Diamond Semi-mountings,6,WEIGHT,1555,5.82 Grams
144,24,Gold Diamond Semi-mountings,6,WEIGHT,2054,6.04 Grams
144,24,Gold Diamond Semi-mountings,6,WEIGHT,2491,6.6 Grams
144,24,Gold Diamond Semi-mountings,6,WEIGHT,1589,6.96 Grams
144,24,Gold Diamond Semi-mountings,6,WEIGHT,1559,7.3 Grams
144,24,Gold Diamond Semi-mountings,6,WEIGHT,2309,7.65 Grams
144,24,Gold Diamond Semi-mountings,6,WEIGHT,2421,7.69 Grams
144,24,Gold Diamond Semi-mountings,6,WEIGHT,1489,7.78 Grams
144,24,Gold Diamond Semi-mountings,6,WEIGHT,1563,7.84 Grams
144,24,Gold Diamond Semi-mountings,6,WEIGHT,1539,7.86 Grams
144,24,Gold Diamond Semi-mountings,6,WEIGHT,1479,7.87 Grams
144,24,Gold Diamond Semi-mountings,6,WEIGHT,1573,8 Grams
144,24,Gold Diamond Semi-mountings,6,WEIGHT,1571,8.56 Grams
144,24,Gold Diamond Semi-mountings,6,WEIGHT,2143,8.7 Grams
144,24,Gold Diamond Semi-mountings,6,WEIGHT,1596,8.71 Grams
144,24,Gold Diamond Semi-mountings,6,WEIGHT,2285,8.88 Grams
144,24,Gold Diamond Semi-mountings,6,WEIGHT,1592,9.14 Grams
144,24,Gold Diamond Semi-mountings,6,WEIGHT,1656,9.18 grams
144,24,Gold Diamond Semi-mountings,6,WEIGHT,1617,9.95 Grams
144,24,Gold Diamond Semi-mountings,7,SIZE,6191,7
144,24,Gold Diamond Semi-mountings,7,SIZE,6128,7.5
144,24,Gold Diamond Semi-mountings,7,SIZE,5914,N/A
144,24,Gold Diamond Semi-mountings,8,COLOR,7536,G/H
144,24,Gold Diamond Semi-mountings,8,COLOR,7518,GH
144,24,Gold Diamond Semi-mountings,10,SHAPE,7691,Baguette
144,24,Gold Diamond Semi-mountings,10,SHAPE,7670,Round
144,24,Gold Diamond Semi-mountings,10,SHAPE,7719,Round&Baguette
144,24,Gold Diamond Semi-mountings,10,SHAPE,7724,Tapered
144,24,Gold Diamond Semi-mountings,14,NUMBER OF STONES,8158,&nbsp;
144,24,Gold Diamond Semi-mountings,14,NUMBER OF STONES,8079,1
144,24,Gold Diamond Semi-mountings,14,NUMBER OF STONES,8071,1  1
144,24,Gold Diamond Semi-mountings,14,NUMBER OF STONES,8086,2
144,24,Gold Diamond Semi-mountings,14,NUMBER OF STONES,8088,3
144,24,Gold Diamond Semi-mountings,14,NUMBER OF STONES,8082,4
144,24,Gold Diamond Semi-mountings,14,NUMBER OF STONES,8081,N/A
144,24,Gold Diamond Semi-mountings,15,RING SIZE,8139,6
144,24,Gold Diamond Semi-mountings,15,RING SIZE,8138,6.5
144,24,Gold Diamond Semi-mountings,15,RING SIZE,8135,7
144,24,Gold Diamond Semi-mountings,15,RING SIZE,9253,7 - 7.5
144,24,Gold Diamond Semi-mountings,15,RING SIZE,8136,7.5
144,24,Gold Diamond Semi-mountings,15,RING SIZE,8140,8
144,24,Gold Diamond Semi-mountings,15,RING SIZE,8141,8.5
144,24,Gold Diamond Semi-mountings,16,<b>CENTER STONE</b>,8158,&nbsp;
144,24,Gold Diamond Semi-mountings,17,SUGGESTED SHAPE,8224,Cushion
144,24,Gold Diamond Semi-mountings,17,SUGGESTED SHAPE,8225,Heart shaped
144,24,Gold Diamond Semi-mountings,17,SUGGESTED SHAPE,8220,Oval
144,24,Gold Diamond Semi-mountings,17,SUGGESTED SHAPE,8226,Pear shaped
144,24,Gold Diamond Semi-mountings,17,SUGGESTED SHAPE,8195,Pear/Square/Pear
144,24,Gold Diamond Semi-mountings,17,SUGGESTED SHAPE,8170,Round
144,24,Gold Diamond Semi-mountings,17,SUGGESTED SHAPE,8184,Round / Square/ Cushion
144,24,Gold Diamond Semi-mountings,17,SUGGESTED SHAPE,8188,Round / Square/ Oval
144,24,Gold Diamond Semi-mountings,17,SUGGESTED SHAPE,8177,Round/marquee
144,24,Gold Diamond Semi-mountings,17,SUGGESTED SHAPE,8201,Round/Square-Cushion
144,24,Gold Diamond Semi-mountings,17,SUGGESTED SHAPE,8172,Round/trillion
144,24,Gold Diamond Semi-mountings,17,SUGGESTED SHAPE,8181,Trillion
144,24,Gold Diamond Semi-mountings,18,SUGGESTED SIZE,8348,10x8 - 11x9 mm.
144,24,Gold Diamond Semi-mountings,18,SUGGESTED SIZE,9261,3-4 mm
144,24,Gold Diamond Semi-mountings,18,SUGGESTED SIZE,8369,3x5mm
144,24,Gold Diamond Semi-mountings,18,SUGGESTED SIZE,8250,4-4.5 mm
144,24,Gold Diamond Semi-mountings,18,SUGGESTED SIZE,8229,4-5 mm
144,24,Gold Diamond Semi-mountings,18,SUGGESTED SIZE,8255,4-5mm/5-6mm/4-5mm
144,24,Gold Diamond Semi-mountings,18,SUGGESTED SIZE,8257,4x3 mm
144,24,Gold Diamond Semi-mountings,18,SUGGESTED SIZE,8336,4x3-5x3 mm
144,24,Gold Diamond Semi-mountings,18,SUGGESTED SIZE,8381,4x4mm
144,24,Gold Diamond Semi-mountings,18,SUGGESTED SIZE,8345,"5, 5 mm. & 6 mm."
144,24,Gold Diamond Semi-mountings,18,SUGGESTED SIZE,8230,5-6 mm
144,24,Gold Diamond Semi-mountings,18,SUGGESTED SIZE,9260,5.0 - 5.5 mm
144,24,Gold Diamond Semi-mountings,18,SUGGESTED SIZE,8303,5.0 - 6.0 mm
144,24,Gold Diamond Semi-mountings,18,SUGGESTED SIZE,8232,5x3 mm
144,24,Gold Diamond Semi-mountings,18,SUGGESTED SIZE,8362,5x4mm
144,24,Gold Diamond Semi-mountings,18,SUGGESTED SIZE,8375,5x5mm
144,24,Gold Diamond Semi-mountings,18,SUGGESTED SIZE,8234,6 mm
144,24,Gold Diamond Semi-mountings,18,SUGGESTED SIZE,8233,6-7 mm
144,24,Gold Diamond Semi-mountings,18,SUGGESTED SIZE,8253,6-7mm Rd/4x3mm Mq
144,24,Gold Diamond Semi-mountings,18,SUGGESTED SIZE,8293,6-7mm/5-6 mm.
144,24,Gold Diamond Semi-mountings,18,SUGGESTED SIZE,8273,6x4 mm Pear Shape & 5X5 Square
144,24,Gold Diamond Semi-mountings,18,SUGGESTED SIZE,8295,6x4-7x5mm
144,24,Gold Diamond Semi-mountings,18,SUGGESTED SIZE,8294,6x4/7x5mm
144,24,Gold Diamond Semi-mountings,18,SUGGESTED SIZE,8332,6x4mm
144,24,Gold Diamond Semi-mountings,18,SUGGESTED SIZE,8289,6x4mm or 7x5mm
144,24,Gold Diamond Semi-mountings,18,SUGGESTED SIZE,8364,6x5mm
144,24,Gold Diamond Semi-mountings,18,SUGGESTED SIZE,8330,6x6 mm.
144,24,Gold Diamond Semi-mountings,18,SUGGESTED SIZE,8249,7x5 mm
144,24,Gold Diamond Semi-mountings,18,SUGGESTED SIZE,8355,7x5-8x6mm
144,24,Gold Diamond Semi-mountings,18,SUGGESTED SIZE,8328,7x5/8x6mm
144,24,Gold Diamond Semi-mountings,18,SUGGESTED SIZE,8367,7x6mm
144,24,Gold Diamond Semi-mountings,18,SUGGESTED SIZE,8260,8x6 mm
144,24,Gold Diamond Semi-mountings,18,SUGGESTED SIZE,8334,8x6/9x7mm
144,24,Gold Diamond Semi-mountings,19,NAME,8410,Diamond
144,24,Gold Diamond Semi-mountings,19,NAME,8414,White Diamonds
144,24,Gold Diamond Semi-mountings,22,CLARITY,8589,VS
144,24,Gold Diamond Semi-mountings,22,CLARITY,8588,VS1
144,24,Gold Diamond Semi-mountings,23,ITEM,9434,Color Stone Diamond Semi-mounting
144,24,Gold Diamond Semi-mountings,23,ITEM,8608,Diamond Semi-mounting
144,24,Gold Diamond Semi-mountings,26,<b>DIAMOND INFO</b>,8810,
144,24,Gold Diamond Semi-mountings,26,<b>DIAMOND INFO</b>,8811,&nbsp;&nbsp;
144,24,Gold Diamond Semi-mountings,29,WIDTH,8849,2.0 mm
144,24,Gold Diamond Semi-mountings,29,WIDTH,9257,2.5 mm
144,24,Gold Diamond Semi-mountings,35,<b>TOTAL WEIGHT</b>,9321,0.26 ct.
148,145,Diamond Earrings,2,ORIGIN,21,Africa
148,145,Diamond Earrings,3,CUT,8773,Very Good
148,145,Diamond Earrings,4,CLARITY/GRADE,133,I2
148,145,Diamond Earrings,5,METAL/MATERIAL,221,10k White Gold
148,145,Diamond Earrings,6,WEIGHT,3558,0.5 ct.
148,145,Diamond Earrings,6,WEIGHT,2141,3.0 Grams
148,145,Diamond Earrings,7,SIZE,9646,18.5 x 9 mm
148,145,Diamond Earrings,8,COLOR,7527,HI
148,145,Diamond Earrings,10,SHAPE,7670,Round
148,145,Diamond Earrings,14,NUMBER OF STONES,8112,24
148,145,Diamond Earrings,19,NAME,8410,Diamond
148,145,Diamond Earrings,23,ITEM,8604,Earrings
148,145,Diamond Earrings,26,<b>DIAMOND INFO</b>,8810,
148,145,Diamond Earrings,29,WIDTH,9648,7.0 mm
151,145,Wish Pearl Necklace,6,WEIGHT,3800,14 Grams
151,145,Wish Pearl Necklace,7,SIZE,6607,Approx. 5-7mm
151,145,Wish Pearl Necklace,8,COLOR,7611,One ofWhite/Cream/Peach/Gold/Lavender
151,145,Wish Pearl Necklace,10,SHAPE,7670,Round
151,145,Wish Pearl Necklace,23,ITEM,8638,Silk cords
151,145,Wish Pearl Necklace,23,ITEM,8639,Wish Pearl
152,145,Silk Cord Necklace,8,COLOR,7566,Choose out of 42 colors THICKNESS 3 mm LENGHTH 16 Inches CLASP Silver Clasp
152,145,Silk Cord Necklace,19,NAME,8469,Silk Cord
152,145,Silk Cord Necklace,19,NAME,8468,Silk cords
153,145,Silk Cords,8,COLOR,7566,Choose out of 42 colors THICKNESS 3 mm LENGHTH 16 Inches CLASP Silver Clasp
153,145,Silk Cords,8,COLOR,7567,Choose out of 42 colors THICKNESS 3 mm LENGHTH 18 Inches CLASP Silver Clasp
153,145,Silk Cords,19,NAME,8469,Silk Cord
153,145,Silk Cords,19,NAME,8468,Silk cords
155,154,Sapphire Bead Necklaces,1,TREATMENT,6,Natural
155,154,Sapphire Bead Necklaces,2,ORIGIN,31,Ceylon
155,154,Sapphire Bead Necklaces,6,WEIGHT,2660,1360 ct.
155,154,Sapphire Bead Necklaces,6,WEIGHT,2887,456 ct.
155,154,Sapphire Bead Necklaces,6,WEIGHT,2657,485 ct.
155,154,Sapphire Bead Necklaces,13,GRADE,8038,AA
155,154,Sapphire Bead Necklaces,14,NUMBER OF STONES,8081,N/A
155,154,Sapphire Bead Necklaces,23,ITEM,8636,Blue Sapphire Briolette Necklace
155,154,Sapphire Bead Necklaces,23,ITEM,8612,Sapphire Faceted Bead Necklace
156,154,Ruby Bead Necklaces,1,TREATMENT,6,Natural
156,154,Ruby Bead Necklaces,2,ORIGIN,29,Madagascar
156,154,Ruby Bead Necklaces,6,WEIGHT,2826,1012 ct.
156,154,Ruby Bead Necklaces,6,WEIGHT,2709,1054 ct.
156,154,Ruby Bead Necklaces,6,WEIGHT,2715,1117 ct.
156,154,Ruby Bead Necklaces,6,WEIGHT,2728,1206 ct.
156,154,Ruby Bead Necklaces,6,WEIGHT,2871,1271 ct.
156,154,Ruby Bead Necklaces,6,WEIGHT,2701,1292 ct.
156,154,Ruby Bead Necklaces,6,WEIGHT,2706,1372 ct.
156,154,Ruby Bead Necklaces,6,WEIGHT,2707,1558 ct.
156,154,Ruby Bead Necklaces,6,WEIGHT,2704,1600 ct.
156,154,Ruby Bead Necklaces,6,WEIGHT,2705,1845 ct.
156,154,Ruby Bead Necklaces,6,WEIGHT,2737,228 ct.
156,154,Ruby Bead Necklaces,6,WEIGHT,2739,241 ct.
156,154,Ruby Bead Necklaces,6,WEIGHT,2844,261 ct.
156,154,Ruby Bead Necklaces,6,WEIGHT,2873,277 ct.
156,154,Ruby Bead Necklaces,6,WEIGHT,2866,309 ct.
156,154,Ruby Bead Necklaces,6,WEIGHT,2849,311 ct.
156,154,Ruby Bead Necklaces,6,WEIGHT,2834,312 ct.
156,154,Ruby Bead Necklaces,6,WEIGHT,9251,314 ct.
156,154,Ruby Bead Necklaces,6,WEIGHT,2745,318 ct.
156,154,Ruby Bead Necklaces,6,WEIGHT,2760,319 ct.
156,154,Ruby Bead Necklaces,6,WEIGHT,2747,326 ct.
156,154,Ruby Bead Necklaces,6,WEIGHT,2743,335 ct.
156,154,Ruby Bead Necklaces,6,WEIGHT,2867,339 ct.
156,154,Ruby Bead Necklaces,6,WEIGHT,1809,345 ct.
156,154,Ruby Bead Necklaces,6,WEIGHT,2724,355 ct.
156,154,Ruby Bead Necklaces,6,WEIGHT,2821,357 ct.
156,154,Ruby Bead Necklaces,6,WEIGHT,2840,364 ct.
156,154,Ruby Bead Necklaces,6,WEIGHT,2740,367 ct.
156,154,Ruby Bead Necklaces,6,WEIGHT,2836,377 ct.
156,154,Ruby Bead Necklaces,6,WEIGHT,2782,385 ct.
156,154,Ruby Bead Necklaces,6,WEIGHT,2797,386 ct.
156,154,Ruby Bead Necklaces,6,WEIGHT,2829,408 ct.
156,154,Ruby Bead Necklaces,6,WEIGHT,2741,413 ct.
156,154,Ruby Bead Necklaces,6,WEIGHT,2804,416 ct.
156,154,Ruby Bead Necklaces,6,WEIGHT,2865,419 ct.
156,154,Ruby Bead Necklaces,6,WEIGHT,2774,422 ct.
156,154,Ruby Bead Necklaces,6,WEIGHT,2860,430 ct.
156,154,Ruby Bead Necklaces,6,WEIGHT,2852,438 ct.
156,154,Ruby Bead Necklaces,6,WEIGHT,2830,439 ct.
156,154,Ruby Bead Necklaces,6,WEIGHT,2688,442 ct.
156,154,Ruby Bead Necklaces,6,WEIGHT,2791,452 ct.
156,154,Ruby Bead Necklaces,6,WEIGHT,2723,453 ct.
156,154,Ruby Bead Necklaces,6,WEIGHT,2832,455 ct.
156,154,Ruby Bead Necklaces,6,WEIGHT,2765,458 ct.
156,154,Ruby Bead Necklaces,6,WEIGHT,2851,465 ct.
156,154,Ruby Bead Necklaces,6,WEIGHT,2773,468 ct.
156,154,Ruby Bead Necklaces,6,WEIGHT,2794,470 ct.
156,154,Ruby Bead Necklaces,6,WEIGHT,2827,472 ct.
156,154,Ruby Bead Necklaces,6,WEIGHT,2843,476 ct.
156,154,Ruby Bead Necklaces,6,WEIGHT,2738,489 ct.
156,154,Ruby Bead Necklaces,6,WEIGHT,2806,497 ct.
156,154,Ruby Bead Necklaces,6,WEIGHT,2831,520 ct.
156,154,Ruby Bead Necklaces,6,WEIGHT,2828,534 ct.
156,154,Ruby Bead Necklaces,6,WEIGHT,2837,536 ct.
156,154,Ruby Bead Necklaces,6,WEIGHT,2859,545 ct.
156,154,Ruby Bead Necklaces,6,WEIGHT,2786,548 ct.
156,154,Ruby Bead Necklaces,6,WEIGHT,2696,551 ct.
156,154,Ruby Bead Necklaces,6,WEIGHT,2734,552 ct.
156,154,Ruby Bead Necklaces,6,WEIGHT,2853,556 ct.
156,154,Ruby Bead Necklaces,6,WEIGHT,2835,557 ct.
156,154,Ruby Bead Necklaces,6,WEIGHT,2862,560 ct.
156,154,Ruby Bead Necklaces,6,WEIGHT,2764,566 ct.
156,154,Ruby Bead Necklaces,6,WEIGHT,2779,570 ct.
156,154,Ruby Bead Necklaces,6,WEIGHT,2783,572 ct.
156,154,Ruby Bead Necklaces,6,WEIGHT,2857,576 ct.
156,154,Ruby Bead Necklaces,6,WEIGHT,2795,580 ct.
156,154,Ruby Bead Necklaces,6,WEIGHT,2812,602 ct.
156,154,Ruby Bead Necklaces,6,WEIGHT,2803,615 ct.
156,154,Ruby Bead Necklaces,6,WEIGHT,2727,624 ct.
156,154,Ruby Bead Necklaces,6,WEIGHT,2703,633 ct.
156,154,Ruby Bead Necklaces,6,WEIGHT,2822,635 ct.
156,154,Ruby Bead Necklaces,6,WEIGHT,2818,637 ct.
156,154,Ruby Bead Necklaces,6,WEIGHT,2717,645 ct.
156,154,Ruby Bead Necklaces,6,WEIGHT,2725,654 ct.
156,154,Ruby Bead Necklaces,6,WEIGHT,2863,657 ct.
156,154,Ruby Bead Necklaces,6,WEIGHT,2726,678 ct.
156,154,Ruby Bead Necklaces,6,WEIGHT,2732,735 ct.
156,154,Ruby Bead Necklaces,6,WEIGHT,2729,736 ct.
156,154,Ruby Bead Necklaces,6,WEIGHT,2841,753 ct.
156,154,Ruby Bead Necklaces,6,WEIGHT,2824,762 ct.
156,154,Ruby Bead Necklaces,6,WEIGHT,2872,767 ct.
156,154,Ruby Bead Necklaces,6,WEIGHT,2721,770 ct.
156,154,Ruby Bead Necklaces,6,WEIGHT,2825,818 ct.
156,154,Ruby Bead Necklaces,6,WEIGHT,2708,832 ct.
156,154,Ruby Bead Necklaces,6,WEIGHT,2855,835 ct.
156,154,Ruby Bead Necklaces,6,WEIGHT,2733,848 ct.
156,154,Ruby Bead Necklaces,6,WEIGHT,2699,892 ct.
156,154,Ruby Bead Necklaces,6,WEIGHT,2716,955 ct.
156,154,Ruby Bead Necklaces,6,WEIGHT,2735,964 ct.
156,154,Ruby Bead Necklaces,13,GRADE,8038,AA
156,154,Ruby Bead Necklaces,23,ITEM,8630,Ruby Beads Necklace
156,154,Ruby Bead Necklaces,23,ITEM,8627,Ruby Briolletes Necklace
156,154,Ruby Bead Necklaces,23,ITEM,8616,Ruby Carved Beads Necklace
156,154,Ruby Bead Necklaces,23,ITEM,8626,Ruby Drop Beads Necklace
156,154,Ruby Bead Necklaces,23,ITEM,8621,Ruby Faceted Beads Lariats
156,154,Ruby Bead Necklaces,23,ITEM,8618,Ruby Faceted Beads Necklace
156,154,Ruby Bead Necklaces,23,ITEM,8615,Ruby Sapphire Beads
163,155,Sapphire Faceted Beads,1,TREATMENT,6,Natural
163,155,Sapphire Faceted Beads,2,ORIGIN,31,Ceylon
163,155,Sapphire Faceted Beads,6,WEIGHT,2660,1360 ct.
163,155,Sapphire Faceted Beads,6,WEIGHT,2657,485 ct.
163,155,Sapphire Faceted Beads,13,GRADE,8038,AA
163,155,Sapphire Faceted Beads,14,NUMBER OF STONES,8081,N/A
163,155,Sapphire Faceted Beads,23,ITEM,8612,Sapphire Faceted Bead Necklace
165,156,Ruby Carved Beads,1,TREATMENT,6,Natural
165,156,Ruby Carved Beads,2,ORIGIN,29,Madagascar
165,156,Ruby Carved Beads,6,WEIGHT,2701,1292 ct.
165,156,Ruby Carved Beads,6,WEIGHT,2696,551 ct.
165,156,Ruby Carved Beads,6,WEIGHT,2699,892 ct.
165,156,Ruby Carved Beads,13,GRADE,8038,AA
165,156,Ruby Carved Beads,23,ITEM,8616,Ruby Carved Beads Necklace
165,156,Ruby Carved Beads,23,ITEM,8615,Ruby Sapphire Beads
166,156,Ruby Faceted Beads,1,TREATMENT,6,Natural
166,156,Ruby Faceted Beads,2,ORIGIN,29,Madagascar
166,156,Ruby Faceted Beads,6,WEIGHT,2709,1054 ct.
166,156,Ruby Faceted Beads,6,WEIGHT,2715,1117 ct.
166,156,Ruby Faceted Beads,6,WEIGHT,2728,1206 ct.
166,156,Ruby Faceted Beads,6,WEIGHT,2706,1372 ct.
166,156,Ruby Faceted Beads,6,WEIGHT,2707,1558 ct.
166,156,Ruby Faceted Beads,6,WEIGHT,2704,1600 ct.
166,156,Ruby Faceted Beads,6,WEIGHT,2705,1845 ct.
166,156,Ruby Faceted Beads,6,WEIGHT,2724,355 ct.
166,156,Ruby Faceted Beads,6,WEIGHT,2840,364 ct.
166,156,Ruby Faceted Beads,6,WEIGHT,2723,453 ct.
166,156,Ruby Faceted Beads,6,WEIGHT,2734,552 ct.
166,156,Ruby Faceted Beads,6,WEIGHT,2727,624 ct.
166,156,Ruby Faceted Beads,6,WEIGHT,2703,633 ct.
166,156,Ruby Faceted Beads,6,WEIGHT,2717,645 ct.
166,156,Ruby Faceted Beads,6,WEIGHT,2725,654 ct.
166,156,Ruby Faceted Beads,6,WEIGHT,2726,678 ct.
166,156,Ruby Faceted Beads,6,WEIGHT,2732,735 ct.
166,156,Ruby Faceted Beads,6,WEIGHT,2729,736 ct.
166,156,Ruby Faceted Beads,6,WEIGHT,2721,770 ct.
166,156,Ruby Faceted Beads,6,WEIGHT,2708,832 ct.
166,156,Ruby Faceted Beads,6,WEIGHT,2733,848 ct.
166,156,Ruby Faceted Beads,6,WEIGHT,2716,955 ct.
166,156,Ruby Faceted Beads,6,WEIGHT,2735,964 ct.
166,156,Ruby Faceted Beads,13,GRADE,8038,AA
166,156,Ruby Faceted Beads,23,ITEM,8621,Ruby Faceted Beads Lariats
166,156,Ruby Faceted Beads,23,ITEM,8618,Ruby Faceted Beads Necklace
167,156,Ruby Drop Beads,1,TREATMENT,6,Natural
167,156,Ruby Drop Beads,2,ORIGIN,29,Madagascar
167,156,Ruby Drop Beads,6,WEIGHT,2737,228 ct.
167,156,Ruby Drop Beads,6,WEIGHT,2739,241 ct.
167,156,Ruby Drop Beads,6,WEIGHT,2745,318 ct.
167,156,Ruby Drop Beads,6,WEIGHT,2760,319 ct.
167,156,Ruby Drop Beads,6,WEIGHT,2747,326 ct.
167,156,Ruby Drop Beads,6,WEIGHT,2743,335 ct.
167,156,Ruby Drop Beads,6,WEIGHT,2740,367 ct.
167,156,Ruby Drop Beads,6,WEIGHT,2741,413 ct.
167,156,Ruby Drop Beads,6,WEIGHT,2738,489 ct.
167,156,Ruby Drop Beads,13,GRADE,8038,AA
167,156,Ruby Drop Beads,23,ITEM,8626,Ruby Drop Beads Necklace
169,32,Faceted Chrome Diopside,1,TREATMENT,3,None
169,32,Faceted Chrome Diopside,2,ORIGIN,27,Russia
169,32,Faceted Chrome Diopside,3,CUT,60,Faceted
169,32,Faceted Chrome Diopside,4,CLARITY/GRADE,126,VS
169,32,Faceted Chrome Diopside,6,WEIGHT,3804,0.12 ct.
169,32,Faceted Chrome Diopside,6,WEIGHT,3534,0.15 ct.
169,32,Faceted Chrome Diopside,6,WEIGHT,3633,0.16 ct.
169,32,Faceted Chrome Diopside,6,WEIGHT,3505,0.22 ct.
169,32,Faceted Chrome Diopside,6,WEIGHT,3667,0.23 ct.
169,32,Faceted Chrome Diopside,6,WEIGHT,3562,0.25 ct.
169,32,Faceted Chrome Diopside,6,WEIGHT,3507,0.3 ct.
169,32,Faceted Chrome Diopside,6,WEIGHT,3661,0.47 ct.
169,32,Faceted Chrome Diopside,6,WEIGHT,3558,0.5 ct.
169,32,Faceted Chrome Diopside,6,WEIGHT,3524,0.75 ct.
169,32,Faceted Chrome Diopside,6,WEIGHT,737,0.86 Carats
169,32,Faceted Chrome Diopside,6,WEIGHT,357,0.94 Carats
169,32,Faceted Chrome Diopside,6,WEIGHT,4883,0.96 ct
169,32,Faceted Chrome Diopside,6,WEIGHT,3922,0.97 ct.
169,32,Faceted Chrome Diopside,6,WEIGHT,3559,1 ct.
169,32,Faceted Chrome Diopside,6,WEIGHT,3285,1.06 ct.
169,32,Faceted Chrome Diopside,6,WEIGHT,4889,1.07 cts
169,32,Faceted Chrome Diopside,6,WEIGHT,3536,1.12 ct.
169,32,Faceted Chrome Diopside,6,WEIGHT,347,1.28 Carats
169,32,Faceted Chrome Diopside,6,WEIGHT,1567,1.41 carats
169,32,Faceted Chrome Diopside,6,WEIGHT,2995,1.68 carats
169,32,Faceted Chrome Diopside,7,SIZE,5305,10.2x5.1 mm.
169,32,Faceted Chrome Diopside,7,SIZE,6561,10x5 mm
169,32,Faceted Chrome Diopside,7,SIZE,6345,3 mm
169,32,Faceted Chrome Diopside,7,SIZE,6362,3.5 mm
169,32,Faceted Chrome Diopside,7,SIZE,6177,4 mm
169,32,Faceted Chrome Diopside,7,SIZE,5060,5.0x5.0 mm
169,32,Faceted Chrome Diopside,7,SIZE,6535,5x3 mm
169,32,Faceted Chrome Diopside,7,SIZE,7320,6 x 3 mm
169,32,Faceted Chrome Diopside,7,SIZE,5168,6.8X5.0 mm.
169,32,Faceted Chrome Diopside,7,SIZE,5278,6.9x4.9 mm.
169,32,Faceted Chrome Diopside,7,SIZE,6537,6x4 mm
169,32,Faceted Chrome Diopside,7,SIZE,6538,7x5 mm
169,32,Faceted Chrome Diopside,7,SIZE,7318,8 x 4 mm
169,32,Faceted Chrome Diopside,7,SIZE,5112,8.0x5.0 mm.
169,32,Faceted Chrome Diopside,7,SIZE,5295,9.0x5.9 mm.
169,32,Faceted Chrome Diopside,7,SIZE,6304,9.1X6.0 mm
169,32,Faceted Chrome Diopside,7,SIZE,5292,9.2x6.0 mm.
169,32,Faceted Chrome Diopside,7,SIZE,5300,9.9x4.9 mm.
169,32,Faceted Chrome Diopside,8,COLOR,7481,Green
169,32,Faceted Chrome Diopside,10,SHAPE,7684,Marquise
169,32,Faceted Chrome Diopside,10,SHAPE,7689,Octagon
169,32,Faceted Chrome Diopside,10,SHAPE,7666,Oval
169,32,Faceted Chrome Diopside,10,SHAPE,7672,Pear
169,32,Faceted Chrome Diopside,10,SHAPE,7670,Round
169,32,Faceted Chrome Diopside,10,SHAPE,7685,Square
169,32,Faceted Chrome Diopside,10,SHAPE,7668,Trillion
169,32,Faceted Chrome Diopside,11,LUSTER,7915,Fine
169,32,Faceted Chrome Diopside,11,LUSTER,7925,Very Nice
169,32,Faceted Chrome Diopside,12,HARDNESS,7940,5.5 - 6.5
169,32,Faceted Chrome Diopside,13,GRADE,8037,AAA
169,32,Faceted Chrome Diopside,19,NAME,8409,Chrome Diopside
175,129,Diamond Earrings,2,ORIGIN,21,Africa
175,129,Diamond Earrings,2,ORIGIN,20,Sri Lanka
175,129,Diamond Earrings,3,CUT,8773,Very Good
175,129,Diamond Earrings,5,METAL/MATERIAL,204,18k White Gold
175,129,Diamond Earrings,6,WEIGHT,2431,1.66 Carts
175,129,Diamond Earrings,6,WEIGHT,9376,13.84 Grams
175,129,Diamond Earrings,6,WEIGHT,9387,14.08 Grams
175,129,Diamond Earrings,6,WEIGHT,1898,2.69 ct.
175,129,Diamond Earrings,6,WEIGHT,3378,3.61 ct.
175,129,Diamond Earrings,8,COLOR,9360,G
175,129,Diamond Earrings,10,SHAPE,7666,Oval
175,129,Diamond Earrings,10,SHAPE,7670,Round
175,129,Diamond Earrings,13,GRADE,8037,AAA
175,129,Diamond Earrings,19,NAME,8418,Blue Sapphire
175,129,Diamond Earrings,19,NAME,8410,Diamond
175,129,Diamond Earrings,22,CLARITY,8590,SI1
175,129,Diamond Earrings,22,CLARITY,8588,VS1
175,129,Diamond Earrings,23,ITEM,8809,Diamond Earrings
175,129,Diamond Earrings,26,<b>DIAMOND INFO</b>,8810,
175,129,Diamond Earrings,27,<b>STONE INFO</b>,8814,&nbsp;
179,144,Engagement Rings,1,TREATMENT,10,N/A
179,144,Engagement Rings,1,TREATMENT,6,Natural
179,144,Engagement Rings,1,TREATMENT,3,None
179,144,Engagement Rings,2,ORIGIN,21,Africa
179,144,Engagement Rings,3,CUT,68,
179,144,Engagement Rings,3,CUT,65,Brilliant
179,144,Engagement Rings,3,CUT,67,N/A
179,144,Engagement Rings,3,CUT,73,Tapered
179,144,Engagement Rings,3,CUT,8773,Very Good
179,144,Engagement Rings,4,CLARITY/GRADE,197,N/A
179,144,Engagement Rings,4,CLARITY/GRADE,128,VS1
179,144,Engagement Rings,5,METAL/MATERIAL,204,18k White Gold
179,144,Engagement Rings,6,WEIGHT,3643,0.10 ct.
179,144,Engagement Rings,6,WEIGHT,3620,0.13 ct.
179,144,Engagement Rings,6,WEIGHT,3822,0.14 ct.
179,144,Engagement Rings,6,WEIGHT,3505,0.22 ct.
179,144,Engagement Rings,6,WEIGHT,3667,0.23 ct.
179,144,Engagement Rings,6,WEIGHT,3562,0.25 ct.
179,144,Engagement Rings,6,WEIGHT,3645,0.26 ct.
179,144,Engagement Rings,6,WEIGHT,3655,0.33 ct.
179,144,Engagement Rings,6,WEIGHT,3646,0.34 ct.
179,144,Engagement Rings,6,WEIGHT,3555,0.35 ct.
179,144,Engagement Rings,6,WEIGHT,3516,0.36 ct.
179,144,Engagement Rings,6,WEIGHT,3547,0.4 ct.
179,144,Engagement Rings,6,WEIGHT,3578,0.6 ct.
179,144,Engagement Rings,6,WEIGHT,3580,0.7 ct.
179,144,Engagement Rings,6,WEIGHT,3183,0.71 ct.
179,144,Engagement Rings,6,WEIGHT,3283,0.84 Carat
179,144,Engagement Rings,6,WEIGHT,3810,2.55 Grams
179,144,Engagement Rings,6,WEIGHT,2944,2.73 Grams
179,144,Engagement Rings,6,WEIGHT,1507,3.11 Grams
179,144,Engagement Rings,6,WEIGHT,2570,3.36 Grams
179,144,Engagement Rings,6,WEIGHT,1510,3.75 Grams
179,144,Engagement Rings,6,WEIGHT,1532,3.78 Grams
179,144,Engagement Rings,6,WEIGHT,1528,4.58 Grams
179,144,Engagement Rings,6,WEIGHT,2515,4.83 Grams
179,144,Engagement Rings,6,WEIGHT,1524,5.09 Grams
179,144,Engagement Rings,6,WEIGHT,2054,6.04 Grams
179,144,Engagement Rings,6,WEIGHT,1489,7.78 Grams
179,144,Engagement Rings,6,WEIGHT,1479,7.87 Grams
179,144,Engagement Rings,7,SIZE,6128,7.5
179,144,Engagement Rings,7,SIZE,5914,N/A
179,144,Engagement Rings,8,COLOR,7536,G/H
179,144,Engagement Rings,8,COLOR,7518,GH
179,144,Engagement Rings,10,SHAPE,7691,Baguette
179,144,Engagement Rings,10,SHAPE,7670,Round
179,144,Engagement Rings,10,SHAPE,7724,Tapered
179,144,Engagement Rings,14,NUMBER OF STONES,8158,&nbsp;
179,144,Engagement Rings,14,NUMBER OF STONES,8079,1
179,144,Engagement Rings,14,NUMBER OF STONES,8071,1  1
179,144,Engagement Rings,14,NUMBER OF STONES,8086,2
179,144,Engagement Rings,14,NUMBER OF STONES,8081,N/A
179,144,Engagement Rings,15,RING SIZE,8139,6
179,144,Engagement Rings,15,RING SIZE,8135,7
179,144,Engagement Rings,15,RING SIZE,9253,7 - 7.5
179,144,Engagement Rings,15,RING SIZE,8136,7.5
179,144,Engagement Rings,16,<b>CENTER STONE</b>,8158,&nbsp;
179,144,Engagement Rings,17,SUGGESTED SHAPE,8220,Oval
179,144,Engagement Rings,17,SUGGESTED SHAPE,8170,Round
179,144,Engagement Rings,17,SUGGESTED SHAPE,8201,Round/Square-Cushion
179,144,Engagement Rings,18,SUGGESTED SIZE,9261,3-4 mm
179,144,Engagement Rings,18,SUGGESTED SIZE,8229,4-5 mm
179,144,Engagement Rings,18,SUGGESTED SIZE,8230,5-6 mm
179,144,Engagement Rings,18,SUGGESTED SIZE,8362,5x4mm
179,144,Engagement Rings,18,SUGGESTED SIZE,8233,6-7 mm
179,144,Engagement Rings,18,SUGGESTED SIZE,8293,6-7mm/5-6 mm.
179,144,Engagement Rings,18,SUGGESTED SIZE,8334,8x6/9x7mm
179,144,Engagement Rings,19,NAME,8410,Diamond
179,144,Engagement Rings,19,NAME,8414,White Diamonds
179,144,Engagement Rings,22,CLARITY,8589,VS
179,144,Engagement Rings,23,ITEM,8608,Diamond Semi-mounting
179,144,Engagement Rings,26,<b>DIAMOND INFO</b>,8810,
179,144,Engagement Rings,29,WIDTH,8849,2.0 mm
179,144,Engagement Rings,35,<b>TOTAL WEIGHT</b>,9321,0.26 ct.
180,144,Bridal Rings,1,TREATMENT,10,N/A
180,144,Bridal Rings,1,TREATMENT,3,None
180,144,Bridal Rings,2,ORIGIN,21,Africa
180,144,Bridal Rings,3,CUT,65,Brilliant
180,144,Bridal Rings,3,CUT,67,N/A
180,144,Bridal Rings,4,CLARITY/GRADE,128,VS1
180,144,Bridal Rings,5,METAL/MATERIAL,204,18k White Gold
180,144,Bridal Rings,6,WEIGHT,3620,0.13 ct.
180,144,Bridal Rings,6,WEIGHT,3918,0.62 ct.
180,144,Bridal Rings,6,WEIGHT,3183,0.71 ct.
180,144,Bridal Rings,6,WEIGHT,3919,0.76 ct.
180,144,Bridal Rings,6,WEIGHT,3283,0.84 Carat
180,144,Bridal Rings,6,WEIGHT,3519,1.38 ct.
180,144,Bridal Rings,6,WEIGHT,1646,11.12 Grams
180,144,Bridal Rings,6,WEIGHT,2054,6.04 Grams
180,144,Bridal Rings,7,SIZE,5914,N/A
180,144,Bridal Rings,8,COLOR,7518,GH
180,144,Bridal Rings,10,SHAPE,7691,Baguette
180,144,Bridal Rings,10,SHAPE,7670,Round
180,144,Bridal Rings,10,SHAPE,7724,Tapered
180,144,Bridal Rings,14,NUMBER OF STONES,8081,N/A
180,144,Bridal Rings,15,RING SIZE,8135,7
180,144,Bridal Rings,16,<b>CENTER STONE</b>,8158,&nbsp;
180,144,Bridal Rings,17,SUGGESTED SHAPE,8170,Round
180,144,Bridal Rings,17,SUGGESTED SHAPE,8188,Round / Square/ Oval
180,144,Bridal Rings,18,SUGGESTED SIZE,8229,4-5 mm
180,144,Bridal Rings,18,SUGGESTED SIZE,8230,5-6 mm
180,144,Bridal Rings,19,NAME,8410,Diamond
180,144,Bridal Rings,19,NAME,8414,White Diamonds
180,144,Bridal Rings,23,ITEM,8608,Diamond Semi-mounting
181,144,Past Present Future,1,TREATMENT,10,N/A
181,144,Past Present Future,1,TREATMENT,3,None
181,144,Past Present Future,2,ORIGIN,21,Africa
181,144,Past Present Future,3,CUT,65,Brilliant
181,144,Past Present Future,3,CUT,67,N/A
181,144,Past Present Future,4,CLARITY/GRADE,128,VS1
181,144,Past Present Future,5,METAL/MATERIAL,204,18k White Gold
181,144,Past Present Future,6,WEIGHT,3633,0.16 ct.
181,144,Past Present Future,6,WEIGHT,3614,0.17 ct.
181,144,Past Present Future,6,WEIGHT,3505,0.22 ct.
181,144,Past Present Future,6,WEIGHT,3656,0.38 ct.
181,144,Past Present Future,6,WEIGHT,3602,0.57 ct.
181,144,Past Present Future,6,WEIGHT,3918,0.62 ct.
181,144,Past Present Future,6,WEIGHT,1126,0.74 Carats
181,144,Past Present Future,6,WEIGHT,3524,0.75 ct.
181,144,Past Present Future,6,WEIGHT,1550,4.52 Grams
181,144,Past Present Future,6,WEIGHT,1524,5.09 Grams
181,144,Past Present Future,6,WEIGHT,1995,5.77 Grams
181,144,Past Present Future,6,WEIGHT,1555,5.82 Grams
181,144,Past Present Future,6,WEIGHT,1559,7.3 Grams
181,144,Past Present Future,6,WEIGHT,1563,7.84 Grams
181,144,Past Present Future,6,WEIGHT,1539,7.86 Grams
181,144,Past Present Future,6,WEIGHT,1573,8 Grams
181,144,Past Present Future,7,SIZE,5914,N/A
181,144,Past Present Future,8,COLOR,7518,GH
181,144,Past Present Future,10,SHAPE,7670,Round
181,144,Past Present Future,14,NUMBER OF STONES,8079,1
181,144,Past Present Future,14,NUMBER OF STONES,8086,2
181,144,Past Present Future,14,NUMBER OF STONES,8088,3
181,144,Past Present Future,14,NUMBER OF STONES,8081,N/A
181,144,Past Present Future,15,RING SIZE,8139,6
181,144,Past Present Future,15,RING SIZE,8135,7
181,144,Past Present Future,15,RING SIZE,8136,7.5
181,144,Past Present Future,15,RING SIZE,8140,8
181,144,Past Present Future,16,<b>CENTER STONE</b>,8158,&nbsp;
181,144,Past Present Future,17,SUGGESTED SHAPE,8220,Oval
181,144,Past Present Future,17,SUGGESTED SHAPE,8195,Pear/Square/Pear
181,144,Past Present Future,17,SUGGESTED SHAPE,8170,Round
181,144,Past Present Future,17,SUGGESTED SHAPE,8177,Round/marquee
181,144,Past Present Future,17,SUGGESTED SHAPE,8172,Round/trillion
181,144,Past Present Future,18,SUGGESTED SIZE,8250,4-4.5 mm
181,144,Past Present Future,18,SUGGESTED SIZE,8255,4-5mm/5-6mm/4-5mm
181,144,Past Present Future,18,SUGGESTED SIZE,8345,"5, 5 mm. & 6 mm."
181,144,Past Present Future,18,SUGGESTED SIZE,8232,5x3 mm
181,144,Past Present Future,18,SUGGESTED SIZE,8253,6-7mm Rd/4x3mm Mq
181,144,Past Present Future,18,SUGGESTED SIZE,8273,6x4 mm Pear Shape & 5X5 Square
181,144,Past Present Future,18,SUGGESTED SIZE,8332,6x4mm
181,144,Past Present Future,18,SUGGESTED SIZE,8334,8x6/9x7mm
181,144,Past Present Future,19,NAME,8410,Diamond
181,144,Past Present Future,19,NAME,8414,White Diamonds
181,144,Past Present Future,23,ITEM,8608,Diamond Semi-mounting
182,144,Right Hand Rings,1,TREATMENT,10,N/A
182,144,Right Hand Rings,1,TREATMENT,6,Natural
182,144,Right Hand Rings,1,TREATMENT,3,None
182,144,Right Hand Rings,2,ORIGIN,21,Africa
182,144,Right Hand Rings,3,CUT,68,
182,144,Right Hand Rings,3,CUT,82,Baguette
182,144,Right Hand Rings,3,CUT,65,Brilliant
182,144,Right Hand Rings,3,CUT,67,N/A
182,144,Right Hand Rings,3,CUT,73,Tapered
182,144,Right Hand Rings,3,CUT,8773,Very Good
182,144,Right Hand Rings,4,CLARITY/GRADE,156,I1-I2
182,144,Right Hand Rings,4,CLARITY/GRADE,133,I2
182,144,Right Hand Rings,4,CLARITY/GRADE,197,N/A
182,144,Right Hand Rings,4,CLARITY/GRADE,128,VS1
182,144,Right Hand Rings,5,METAL/MATERIAL,206,14k White Gold
182,144,Right Hand Rings,5,METAL/MATERIAL,204,18k White Gold
182,144,Right Hand Rings,6,WEIGHT,3803,0.03 ct.
182,144,Right Hand Rings,6,WEIGHT,3594,0.04 ct.
182,144,Right Hand Rings,6,WEIGHT,3551,0.05 ct.
182,144,Right Hand Rings,6,WEIGHT,3502,0.06 ct.
182,144,Right Hand Rings,6,WEIGHT,3613,0.07 ct.
182,144,Right Hand Rings,6,WEIGHT,3642,0.08 ct.
182,144,Right Hand Rings,6,WEIGHT,3533,0.09 ct.
182,144,Right Hand Rings,6,WEIGHT,3643,0.10 ct.
182,144,Right Hand Rings,6,WEIGHT,3595,0.11 ct.
182,144,Right Hand Rings,6,WEIGHT,3620,0.13 ct.
182,144,Right Hand Rings,6,WEIGHT,3822,0.14 ct.
182,144,Right Hand Rings,6,WEIGHT,3534,0.15 ct.
182,144,Right Hand Rings,6,WEIGHT,3633,0.16 ct.
182,144,Right Hand Rings,6,WEIGHT,3660,0.18 ct.
182,144,Right Hand Rings,6,WEIGHT,3666,0.19 ct.
182,144,Right Hand Rings,6,WEIGHT,3644,0.20 ct.
182,144,Right Hand Rings,6,WEIGHT,3654,0.21 ct.
182,144,Right Hand Rings,6,WEIGHT,3535,0.24 ct.
182,144,Right Hand Rings,6,WEIGHT,3562,0.25 ct.
182,144,Right Hand Rings,6,WEIGHT,3645,0.26 ct.
182,144,Right Hand Rings,6,WEIGHT,1983,0.27 ct.
182,144,Right Hand Rings,6,WEIGHT,3601,0.28 ct.
182,144,Right Hand Rings,6,WEIGHT,3507,0.3 ct.
182,144,Right Hand Rings,6,WEIGHT,3852,0.32 ct.
182,144,Right Hand Rings,6,WEIGHT,3646,0.34 ct.
182,144,Right Hand Rings,6,WEIGHT,3555,0.35 ct.
182,144,Right Hand Rings,6,WEIGHT,3656,0.38 ct.
182,144,Right Hand Rings,6,WEIGHT,3547,0.4 ct.
182,144,Right Hand Rings,6,WEIGHT,3657,0.44 ct.
182,144,Right Hand Rings,6,WEIGHT,3661,0.47 ct.
182,144,Right Hand Rings,6,WEIGHT,3510,0.48 ct.
182,144,Right Hand Rings,6,WEIGHT,3556,0.52 ct.
182,144,Right Hand Rings,6,WEIGHT,3602,0.57 ct.
182,144,Right Hand Rings,6,WEIGHT,3860,0.58 ct.
182,144,Right Hand Rings,6,WEIGHT,3578,0.6 ct.
182,144,Right Hand Rings,6,WEIGHT,3918,0.62 ct.
182,144,Right Hand Rings,6,WEIGHT,4881,1.19 ct
182,144,Right Hand Rings,6,WEIGHT,361,1.61 Carats
182,144,Right Hand Rings,6,WEIGHT,2431,1.66 Carts
182,144,Right Hand Rings,6,WEIGHT,4873,1.83 ct
182,144,Right Hand Rings,6,WEIGHT,2633,10.55 Grams
182,144,Right Hand Rings,6,WEIGHT,2157,11.09 Grams
182,144,Right Hand Rings,6,WEIGHT,2148,11.92 Grams
182,144,Right Hand Rings,6,WEIGHT,1610,13.33 Grams
182,144,Right Hand Rings,6,WEIGHT,2573,2.14 Grams
182,144,Right Hand Rings,6,WEIGHT,3848,2.23 Grams
182,144,Right Hand Rings,6,WEIGHT,1515,2.38 Grams
182,144,Right Hand Rings,6,WEIGHT,2566,2.43 Grams
182,144,Right Hand Rings,6,WEIGHT,1975,2.52 Grams
182,144,Right Hand Rings,6,WEIGHT,4680,2.79 cts.
182,144,Right Hand Rings,6,WEIGHT,3823,2.82 Grams
182,144,Right Hand Rings,6,WEIGHT,3841,2.93 Grams
182,144,Right Hand Rings,6,WEIGHT,3813,3 Grams
182,144,Right Hand Rings,6,WEIGHT,1343,3.01 Carats
182,144,Right Hand Rings,6,WEIGHT,3830,3.1 Grams
182,144,Right Hand Rings,6,WEIGHT,4796,3.19 cts.
182,144,Right Hand Rings,6,WEIGHT,1964,3.2 Grams
182,144,Right Hand Rings,6,WEIGHT,3806,3.28 Grams
182,144,Right Hand Rings,6,WEIGHT,2496,3.3 Grams
182,144,Right Hand Rings,6,WEIGHT,2223,3.32 Grams
182,144,Right Hand Rings,6,WEIGHT,3814,3.33 Grams
182,144,Right Hand Rings,6,WEIGHT,1448,3.38 Grams
182,144,Right Hand Rings,6,WEIGHT,3857,3.45 Grams
182,144,Right Hand Rings,6,WEIGHT,2970,3.55 Grams
182,144,Right Hand Rings,6,WEIGHT,1525,3.61 Grams
182,144,Right Hand Rings,6,WEIGHT,9281,3.62 Grams
182,144,Right Hand Rings,6,WEIGHT,3851,3.63 Grams
182,144,Right Hand Rings,6,WEIGHT,2516,3.64 Grams
182,144,Right Hand Rings,6,WEIGHT,2568,3.71 Grams
182,144,Right Hand Rings,6,WEIGHT,3817,3.72 Grams
182,144,Right Hand Rings,6,WEIGHT,2571,3.73 Grams
182,144,Right Hand Rings,6,WEIGHT,2245,3.77 Grams
182,144,Right Hand Rings,6,WEIGHT,3845,3.79 Grams
182,144,Right Hand Rings,6,WEIGHT,3890,3.85 Grams
182,144,Right Hand Rings,6,WEIGHT,3895,3.94 Grams
182,144,Right Hand Rings,6,WEIGHT,3828,4.09 Grams
182,144,Right Hand Rings,6,WEIGHT,2093,4.11 Grams
182,144,Right Hand Rings,6,WEIGHT,3869,4.23 Grams
182,144,Right Hand Rings,6,WEIGHT,2554,4.28 Grams
182,144,Right Hand Rings,6,WEIGHT,1222,4.33 Carats
182,144,Right Hand Rings,6,WEIGHT,3873,4.34 Grams
182,144,Right Hand Rings,6,WEIGHT,1461,4.46 Grams
182,144,Right Hand Rings,6,WEIGHT,3855,4.49 Grams
182,144,Right Hand Rings,6,WEIGHT,1529,4.75 Grams
182,144,Right Hand Rings,6,WEIGHT,2305,4.84 Grams
182,144,Right Hand Rings,6,WEIGHT,1522,5.34 Grams
182,144,Right Hand Rings,6,WEIGHT,2564,5.38 Grams
182,144,Right Hand Rings,6,WEIGHT,2559,5.66 Grams
182,144,Right Hand Rings,6,WEIGHT,1995,5.77 Grams
182,144,Right Hand Rings,6,WEIGHT,1555,5.82 Grams
182,144,Right Hand Rings,6,WEIGHT,2491,6.6 Grams
182,144,Right Hand Rings,6,WEIGHT,1589,6.96 Grams
182,144,Right Hand Rings,6,WEIGHT,2309,7.65 Grams
182,144,Right Hand Rings,6,WEIGHT,2421,7.69 Grams
182,144,Right Hand Rings,6,WEIGHT,1573,8 Grams
182,144,Right Hand Rings,6,WEIGHT,1571,8.56 Grams
182,144,Right Hand Rings,6,WEIGHT,2143,8.7 Grams
182,144,Right Hand Rings,6,WEIGHT,1592,9.14 Grams
182,144,Right Hand Rings,6,WEIGHT,1656,9.18 grams
182,144,Right Hand Rings,7,SIZE,6191,7
182,144,Right Hand Rings,7,SIZE,6128,7.5
182,144,Right Hand Rings,7,SIZE,5914,N/A
182,144,Right Hand Rings,8,COLOR,7536,G/H
182,144,Right Hand Rings,8,COLOR,7518,GH
182,144,Right Hand Rings,10,SHAPE,7691,Baguette
182,144,Right Hand Rings,10,SHAPE,7670,Round
182,144,Right Hand Rings,10,SHAPE,7719,Round&Baguette
182,144,Right Hand Rings,10,SHAPE,7724,Tapered
182,144,Right Hand Rings,14,NUMBER OF STONES,8158,&nbsp;
182,144,Right Hand Rings,14,NUMBER OF STONES,8079,1
182,144,Right Hand Rings,14,NUMBER OF STONES,8086,2
182,144,Right Hand Rings,14,NUMBER OF STONES,8088,3
182,144,Right Hand Rings,14,NUMBER OF STONES,8082,4
182,144,Right Hand Rings,14,NUMBER OF STONES,8081,N/A
182,144,Right Hand Rings,15,RING SIZE,8138,6.5
182,144,Right Hand Rings,15,RING SIZE,8135,7
182,144,Right Hand Rings,15,RING SIZE,9253,7 - 7.5
182,144,Right Hand Rings,15,RING SIZE,8136,7.5
182,144,Right Hand Rings,15,RING SIZE,8140,8
182,144,Right Hand Rings,15,RING SIZE,8141,8.5
182,144,Right Hand Rings,16,<b>CENTER STONE</b>,8158,&nbsp;
182,144,Right Hand Rings,17,SUGGESTED SHAPE,8224,Cushion
182,144,Right Hand Rings,17,SUGGESTED SHAPE,8225,Heart shaped
182,144,Right Hand Rings,17,SUGGESTED SHAPE,8220,Oval
182,144,Right Hand Rings,17,SUGGESTED SHAPE,8226,Pear shaped
182,144,Right Hand Rings,17,SUGGESTED SHAPE,8195,Pear/Square/Pear
182,144,Right Hand Rings,17,SUGGESTED SHAPE,8170,Round
182,144,Right Hand Rings,17,SUGGESTED SHAPE,8181,Trillion
182,144,Right Hand Rings,18,SUGGESTED SIZE,8369,3x5mm
182,144,Right Hand Rings,18,SUGGESTED SIZE,8250,4-4.5 mm
182,144,Right Hand Rings,18,SUGGESTED SIZE,8257,4x3 mm
182,144,Right Hand Rings,18,SUGGESTED SIZE,8336,4x3-5x3 mm
182,144,Right Hand Rings,18,SUGGESTED SIZE,8381,4x4mm
182,144,Right Hand Rings,18,SUGGESTED SIZE,9260,5.0 - 5.5 mm
182,144,Right Hand Rings,18,SUGGESTED SIZE,8303,5.0 - 6.0 mm
182,144,Right Hand Rings,18,SUGGESTED SIZE,8232,5x3 mm
182,144,Right Hand Rings,18,SUGGESTED SIZE,8362,5x4mm
182,144,Right Hand Rings,18,SUGGESTED SIZE,8375,5x5mm
182,144,Right Hand Rings,18,SUGGESTED SIZE,8234,6 mm
182,144,Right Hand Rings,18,SUGGESTED SIZE,8233,6-7 mm
182,144,Right Hand Rings,18,SUGGESTED SIZE,8273,6x4 mm Pear Shape & 5X5 Square
182,144,Right Hand Rings,18,SUGGESTED SIZE,8295,6x4-7x5mm
182,144,Right Hand Rings,18,SUGGESTED SIZE,8294,6x4/7x5mm
182,144,Right Hand Rings,18,SUGGESTED SIZE,8332,6x4mm
182,144,Right Hand Rings,18,SUGGESTED SIZE,8289,6x4mm or 7x5mm
182,144,Right Hand Rings,18,SUGGESTED SIZE,8364,6x5mm
182,144,Right Hand Rings,18,SUGGESTED SIZE,8330,6x6 mm.
182,144,Right Hand Rings,18,SUGGESTED SIZE,8249,7x5 mm
182,144,Right Hand Rings,18,SUGGESTED SIZE,8355,7x5-8x6mm
182,144,Right Hand Rings,18,SUGGESTED SIZE,8328,7x5/8x6mm
182,144,Right Hand Rings,18,SUGGESTED SIZE,8367,7x6mm
182,144,Right Hand Rings,18,SUGGESTED SIZE,8260,8x6 mm
182,144,Right Hand Rings,19,NAME,8410,Diamond
182,144,Right Hand Rings,19,NAME,8414,White Diamonds
182,144,Right Hand Rings,22,CLARITY,8589,VS
182,144,Right Hand Rings,22,CLARITY,8588,VS1
182,144,Right Hand Rings,23,ITEM,9434,Color Stone Diamond Semi-mounting
182,144,Right Hand Rings,23,ITEM,8608,Diamond Semi-mounting
182,144,Right Hand Rings,26,<b>DIAMOND INFO</b>,8810,
182,144,Right Hand Rings,26,<b>DIAMOND INFO</b>,8811,&nbsp;&nbsp;
182,144,Right Hand Rings,29,WIDTH,8849,2.0 mm
182,144,Right Hand Rings,29,WIDTH,9257,2.5 mm
182,144,Right Hand Rings,35,<b>TOTAL WEIGHT</b>,9321,0.26 ct.
184,30,Trillion tanzanite,1,TREATMENT,11,Treated
184,30,Trillion tanzanite,2,ORIGIN,32,Tanzania
184,30,Trillion tanzanite,3,CUT,60,Faceted
184,30,Trillion tanzanite,6,WEIGHT,4815,0.7 cts.(Pair)
184,30,Trillion tanzanite,6,WEIGHT,3701,1 ct. Approx.
184,30,Trillion tanzanite,7,SIZE,6076,5 mm
184,30,Trillion tanzanite,7,SIZE,6474,5.0 mm
184,30,Trillion tanzanite,8,COLOR,7651,Blue-Purple
184,30,Trillion tanzanite,10,SHAPE,7668,Trillion
184,30,Trillion tanzanite,11,LUSTER,7925,Very Nice
184,30,Trillion tanzanite,12,HARDNESS,8016,7.0 - 7.5
184,30,Trillion tanzanite,13,GRADE,8040,A
184,30,Trillion tanzanite,19,NAME,8429,Tanzanite
193,24,Diamond Necklaces,1,TREATMENT,6,Natural
193,24,Diamond Necklaces,2,ORIGIN,21,Africa
193,24,Diamond Necklaces,2,ORIGIN,20,Sri Lanka
193,24,Diamond Necklaces,3,CUT,65,Brilliant
193,24,Diamond Necklaces,4,CLARITY/GRADE,152,Superfine
193,24,Diamond Necklaces,4,CLARITY/GRADE,128,VS1
193,24,Diamond Necklaces,5,METAL/MATERIAL,204,18k White Gold
193,24,Diamond Necklaces,6,WEIGHT,229,14 k Yellow Gold
193,24,Diamond Necklaces,6,WEIGHT,3574,145.0 Carat/s approx.
193,24,Diamond Necklaces,6,WEIGHT,4383,30 ct.
193,24,Diamond Necklaces,7,SIZE,5914,N/A
193,24,Diamond Necklaces,8,COLOR,7459,Blue
193,24,Diamond Necklaces,8,COLOR,7518,GH
193,24,Diamond Necklaces,10,SHAPE,7666,Oval
193,24,Diamond Necklaces,10,SHAPE,7670,Round
193,24,Diamond Necklaces,14,NUMBER OF STONES,8081,N/A
193,24,Diamond Necklaces,19,NAME,8410,Diamond
193,24,Diamond Necklaces,19,NAME,8396,Sapphire
193,24,Diamond Necklaces,23,ITEM,8606,Necklace
194,11,Diamond Deals and Steals,1,TREATMENT,9,Enhanced
194,11,Diamond Deals and Steals,1,TREATMENT,1,Heat Treated
194,11,Diamond Deals and Steals,1,TREATMENT,8,Irradiated
194,11,Diamond Deals and Steals,1,TREATMENT,6,Natural
194,11,Diamond Deals and Steals,1,TREATMENT,3,None
194,11,Diamond Deals and Steals,1,TREATMENT,11,Treated
194,11,Diamond Deals and Steals,2,ORIGIN,21,Africa
194,11,Diamond Deals and Steals,3,CUT,65,Brilliant
194,11,Diamond Deals and Steals,3,CUT,60,Faceted
194,11,Diamond Deals and Steals,3,CUT,8773,Very Good
194,11,Diamond Deals and Steals,4,CLARITY/GRADE,131,I1
194,11,Diamond Deals and Steals,4,CLARITY/GRADE,133,I2
194,11,Diamond Deals and Steals,4,CLARITY/GRADE,148,I2-I3
194,11,Diamond Deals and Steals,4,CLARITY/GRADE,147,I3
194,11,Diamond Deals and Steals,4,CLARITY/GRADE,129,SI1
194,11,Diamond Deals and Steals,4,CLARITY/GRADE,140,SI2
194,11,Diamond Deals and Steals,6,WEIGHT,3642,0.08 ct.
194,11,Diamond Deals and Steals,6,WEIGHT,3595,0.11 ct.
194,11,Diamond Deals and Steals,6,WEIGHT,3633,0.16 ct.
194,11,Diamond Deals and Steals,6,WEIGHT,3889,0.31 ct.
194,11,Diamond Deals and Steals,6,WEIGHT,3646,0.34 ct.
194,11,Diamond Deals and Steals,6,WEIGHT,3174,0.41 Carat (3 Pieces)
194,11,Diamond Deals and Steals,6,WEIGHT,3647,0.41 ct.
194,11,Diamond Deals and Steals,6,WEIGHT,8855,0.50 Carats
194,11,Diamond Deals and Steals,6,WEIGHT,3662,0.53 ct.
194,11,Diamond Deals and Steals,6,WEIGHT,3511,0.54 ct.
194,11,Diamond Deals and Steals,6,WEIGHT,3180,0.59 ct.
194,11,Diamond Deals and Steals,6,WEIGHT,3464,0.63 ct.
194,11,Diamond Deals and Steals,6,WEIGHT,3468,0.64 ct.
194,11,Diamond Deals and Steals,6,WEIGHT,3543,0.65 ct.
194,11,Diamond Deals and Steals,6,WEIGHT,3183,0.71 ct.
194,11,Diamond Deals and Steals,6,WEIGHT,3524,0.75 ct.
194,11,Diamond Deals and Steals,6,WEIGHT,3274,0.8 Carat (2 Pieces)
194,11,Diamond Deals and Steals,6,WEIGHT,3579,0.8 ct.
194,11,Diamond Deals and Steals,6,WEIGHT,4872,0.82 ct
194,11,Diamond Deals and Steals,6,WEIGHT,3663,0.85 ct.
194,11,Diamond Deals and Steals,6,WEIGHT,9105,0.87 ct.
194,11,Diamond Deals and Steals,6,WEIGHT,3920,0.88 ct.
194,11,Diamond Deals and Steals,6,WEIGHT,3515,0.9 ct.
194,11,Diamond Deals and Steals,6,WEIGHT,3276,0.94 Carat (2 Pieces)
194,11,Diamond Deals and Steals,6,WEIGHT,1785,0.94 ct.
194,11,Diamond Deals and Steals,6,WEIGHT,3559,1 ct.
194,11,Diamond Deals and Steals,6,WEIGHT,3194,1.04 ct.
194,11,Diamond Deals and Steals,6,WEIGHT,3278,1.09 Carat (2 Pieces)
194,11,Diamond Deals and Steals,6,WEIGHT,4863,1.17 ct
194,11,Diamond Deals and Steals,6,WEIGHT,3974,1.31 ct.
194,11,Diamond Deals and Steals,6,WEIGHT,1786,1.34 ct.
194,11,Diamond Deals and Steals,6,WEIGHT,4887,1.5 ct.
194,11,Diamond Deals and Steals,6,WEIGHT,3585,10 ct.
194,11,Diamond Deals and Steals,6,WEIGHT,3463,10.27 ct.
194,11,Diamond Deals and Steals,6,WEIGHT,3343,10.31 ct.
194,11,Diamond Deals and Steals,6,WEIGHT,3264,10.35 Carat (10 Pieces)
194,11,Diamond Deals and Steals,6,WEIGHT,3339,10.47 ct.
194,11,Diamond Deals and Steals,6,WEIGHT,9500,10.50
194,11,Diamond Deals and Steals,6,WEIGHT,3227,10.55 ct.
194,11,Diamond Deals and Steals,6,WEIGHT,9501,10.67
194,11,Diamond Deals and Steals,6,WEIGHT,3253,10.71 Carat
194,11,Diamond Deals and Steals,6,WEIGHT,9503,10.75
194,11,Diamond Deals and Steals,6,WEIGHT,4439,100 ct.
194,11,Diamond Deals and Steals,6,WEIGHT,9504,11
194,11,Diamond Deals and Steals,6,WEIGHT,9505,11.75
194,11,Diamond Deals and Steals,6,WEIGHT,3351,11.89 ct.
194,11,Diamond Deals and Steals,6,WEIGHT,9127,11.9 ct.
194,11,Diamond Deals and Steals,6,WEIGHT,9506,12
194,11,Diamond Deals and Steals,6,WEIGHT,9101,12.35 ct.
194,11,Diamond Deals and Steals,6,WEIGHT,9102,12.53 ct.
194,11,Diamond Deals and Steals,6,WEIGHT,1402,12.6 ct.
194,11,Diamond Deals and Steals,6,WEIGHT,3348,12.89 ct.
194,11,Diamond Deals and Steals,6,WEIGHT,8864,126.63 ct.
194,11,Diamond Deals and Steals,6,WEIGHT,3389,13.53 ct.
194,11,Diamond Deals and Steals,6,WEIGHT,9198,15.55 ct.
194,11,Diamond Deals and Steals,6,WEIGHT,9507,15.65
194,11,Diamond Deals and Steals,6,WEIGHT,3454,15.66 ct.
194,11,Diamond Deals and Steals,6,WEIGHT,9099,16.68 ct.
194,11,Diamond Deals and Steals,6,WEIGHT,9752,178.5 ct.
194,11,Diamond Deals and Steals,6,WEIGHT,9508,18
194,11,Diamond Deals and Steals,6,WEIGHT,9509,18.06
194,11,Diamond Deals and Steals,6,WEIGHT,9185,18.79 ct.
194,11,Diamond Deals and Steals,6,WEIGHT,9510,19.30
194,11,Diamond Deals and Steals,6,WEIGHT,3561,2 ct.
194,11,Diamond Deals and Steals,6,WEIGHT,3456,2.37 ct.
194,11,Diamond Deals and Steals,6,WEIGHT,9516,2.48
194,11,Diamond Deals and Steals,6,WEIGHT,3353,2.5 ct.
194,11,Diamond Deals and Steals,6,WEIGHT,9520,2.67
194,11,Diamond Deals and Steals,6,WEIGHT,1898,2.69 ct.
194,11,Diamond Deals and Steals,6,WEIGHT,9523,2.75
194,11,Diamond Deals and Steals,6,WEIGHT,9526,2.94
194,11,Diamond Deals and Steals,6,WEIGHT,3237,20.4 Carat
194,11,Diamond Deals and Steals,6,WEIGHT,9527,24
194,11,Diamond Deals and Steals,6,WEIGHT,255,24.81 ct.
194,11,Diamond Deals and Steals,6,WEIGHT,10286,29.57 Cts Approx. 400 Pcs
194,11,Diamond Deals and Steals,6,WEIGHT,3538,3 ct.
194,11,Diamond Deals and Steals,6,WEIGHT,3611,3.4 ct.
194,11,Diamond Deals and Steals,6,WEIGHT,3465,3.62 ct.
194,11,Diamond Deals and Steals,6,WEIGHT,3347,3.74 ct.
194,11,Diamond Deals and Steals,6,WEIGHT,9187,3.77 ct.
194,11,Diamond Deals and Steals,6,WEIGHT,1732,3.77 ct.
194,11,Diamond Deals and Steals,6,WEIGHT,3367,3.81 ct.
194,11,Diamond Deals and Steals,6,WEIGHT,9532,3.92
194,11,Diamond Deals and Steals,6,WEIGHT,3236,3.94 Carat
194,11,Diamond Deals and Steals,6,WEIGHT,9202,31 ct.
194,11,Diamond Deals and Steals,6,WEIGHT,4825,34 ct.
194,11,Diamond Deals and Steals,6,WEIGHT,9533,36
194,11,Diamond Deals and Steals,6,WEIGHT,9534,36.12
194,11,Diamond Deals and Steals,6,WEIGHT,4918,38 ct.
194,11,Diamond Deals and Steals,6,WEIGHT,9747,38.3 ct.
194,11,Diamond Deals and Steals,6,WEIGHT,9741,38.4 ct.
194,11,Diamond Deals and Steals,6,WEIGHT,9535,38.60
194,11,Diamond Deals and Steals,6,WEIGHT,9748,38.7 ct.
194,11,Diamond Deals and Steals,6,WEIGHT,3549,4 ct.
194,11,Diamond Deals and Steals,6,WEIGHT,3363,4.04 ct.
194,11,Diamond Deals and Steals,6,WEIGHT,3368,4.2 ct.
194,11,Diamond Deals and Steals,6,WEIGHT,3380,4.32 ct.
194,11,Diamond Deals and Steals,6,WEIGHT,3610,4.4 ct.
194,11,Diamond Deals and Steals,6,WEIGHT,3377,4.63 ct.
194,11,Diamond Deals and Steals,6,WEIGHT,3366,4.72 ct.
194,11,Diamond Deals and Steals,6,WEIGHT,3381,4.86 ct.
194,11,Diamond Deals and Steals,6,WEIGHT,9540,4.96
194,11,Diamond Deals and Steals,6,WEIGHT,3079,4.96 Carat (4 Pieces)
194,11,Diamond Deals and Steals,6,WEIGHT,9746,40.2 ct.
194,11,Diamond Deals and Steals,6,WEIGHT,3461,42.06 ct.
194,11,Diamond Deals and Steals,6,WEIGHT,9749,42.25 ct.
194,11,Diamond Deals and Steals,6,WEIGHT,4517,47 ct.
194,11,Diamond Deals and Steals,6,WEIGHT,9129,47.5 ct.
194,11,Diamond Deals and Steals,6,WEIGHT,9541,48
194,11,Diamond Deals and Steals,6,WEIGHT,3590,5 ct.
194,11,Diamond Deals and Steals,6,WEIGHT,3358,5.19 ct.
194,11,Diamond Deals and Steals,6,WEIGHT,3357,5.23 ct.
194,11,Diamond Deals and Steals,6,WEIGHT,9542,5.25
194,11,Diamond Deals and Steals,6,WEIGHT,3384,5.28 ct.
194,11,Diamond Deals and Steals,6,WEIGHT,696,5.31 Carats
194,11,Diamond Deals and Steals,6,WEIGHT,3335,5.31 ct.
194,11,Diamond Deals and Steals,6,WEIGHT,9543,5.34
194,11,Diamond Deals and Steals,6,WEIGHT,9545,5.38
194,11,Diamond Deals and Steals,6,WEIGHT,9546,5.50
194,11,Diamond Deals and Steals,6,WEIGHT,9096,5.52 ct.
194,11,Diamond Deals and Steals,6,WEIGHT,3457,5.87 ct.
194,11,Diamond Deals and Steals,6,WEIGHT,9547,5.88
194,11,Diamond Deals and Steals,6,WEIGHT,4382,50 ct.
194,11,Diamond Deals and Steals,6,WEIGHT,9739,55.25 ct.
194,11,Diamond Deals and Steals,6,WEIGHT,9126,55.79 ct.
194,11,Diamond Deals and Steals,6,WEIGHT,3529,6 ct.
194,11,Diamond Deals and Steals,6,WEIGHT,4954,6.15 ct.
194,11,Diamond Deals and Steals,6,WEIGHT,9184,6.47 ct.
194,11,Diamond Deals and Steals,6,WEIGHT,3399,6.7 ct.
194,11,Diamond Deals and Steals,6,WEIGHT,3362,6.9 ct.
194,11,Diamond Deals and Steals,6,WEIGHT,3360,6.94 ct.
194,11,Diamond Deals and Steals,6,WEIGHT,9199,7.23 ct.
194,11,Diamond Deals and Steals,6,WEIGHT,4820,7.25 ct.
194,11,Diamond Deals and Steals,6,WEIGHT,3364,7.37 ct.
194,11,Diamond Deals and Steals,6,WEIGHT,3349,7.42 ct.
194,11,Diamond Deals and Steals,6,WEIGHT,3379,7.78 ct.
194,11,Diamond Deals and Steals,6,WEIGHT,9549,7.83
194,11,Diamond Deals and Steals,6,WEIGHT,3173,7.83 Carat
194,11,Diamond Deals and Steals,6,WEIGHT,3338,7.9 ct.
194,11,Diamond Deals and Steals,6,WEIGHT,3376,7.94 ct.
194,11,Diamond Deals and Steals,6,WEIGHT,8777,72.23 ct.
194,11,Diamond Deals and Steals,6,WEIGHT,9108,75.35 ct.
194,11,Diamond Deals and Steals,6,WEIGHT,3593,8 ct.
194,11,Diamond Deals and Steals,6,WEIGHT,3332,8.01 ct.
194,11,Diamond Deals and Steals,6,WEIGHT,3167,8.23 Carat (15 Pieces)
194,11,Diamond Deals and Steals,6,WEIGHT,3178,8.24 Carat
194,11,Diamond Deals and Steals,6,WEIGHT,3200,8.44 ct.
194,11,Diamond Deals and Steals,6,WEIGHT,3337,8.56 ct.
194,11,Diamond Deals and Steals,6,WEIGHT,3346,8.59 ct.
194,11,Diamond Deals and Steals,6,WEIGHT,9167,8.61 ct.
194,11,Diamond Deals and Steals,6,WEIGHT,3218,8.69 Carat
194,11,Diamond Deals and Steals,6,WEIGHT,9098,8.69 ct.
194,11,Diamond Deals and Steals,6,WEIGHT,3334,8.91 ct.
194,11,Diamond Deals and Steals,6,WEIGHT,3212,84.81 Carat
194,11,Diamond Deals and Steals,6,WEIGHT,3531,9 ct.
194,11,Diamond Deals and Steals,6,WEIGHT,9551,9.0
194,11,Diamond Deals and Steals,6,WEIGHT,9740,9.15 ct.
194,11,Diamond Deals and Steals,6,WEIGHT,3469,9.53 ct.
194,11,Diamond Deals and Steals,6,WEIGHT,4355,9.6 ct.
194,11,Diamond Deals and Steals,6,WEIGHT,3340,9.64 ct.
194,11,Diamond Deals and Steals,6,WEIGHT,9552,9.65
194,11,Diamond Deals and Steals,6,WEIGHT,9553,9.92
194,11,Diamond Deals and Steals,6,WEIGHT,1710,9.95 Carats
194,11,Diamond Deals and Steals,7,SIZE,6514,0.25 carat
194,11,Diamond Deals and Steals,7,SIZE,6943,1-10 Pointers
194,11,Diamond Deals and Steals,7,SIZE,6360,2 mm
194,11,Diamond Deals and Steals,7,SIZE,6363,2.5 mm
194,11,Diamond Deals and Steals,7,SIZE,5053,3-4 mm
194,11,Diamond Deals and Steals,7,SIZE,6362,3.5 mm
194,11,Diamond Deals and Steals,7,SIZE,8873,4.0-5.0 mm.
194,11,Diamond Deals and Steals,7,SIZE,6178,4.5 mm
194,11,Diamond Deals and Steals,7,SIZE,6427,4.7 mm
194,11,Diamond Deals and Steals,7,SIZE,6285,4.8 mm
194,11,Diamond Deals and Steals,7,SIZE,6076,5 mm
194,11,Diamond Deals and Steals,7,SIZE,6468,5.1 mm
194,11,Diamond Deals and Steals,7,SIZE,8859,6.0 mm
194,11,Diamond Deals and Steals,7,SIZE,5914,N/A
194,11,Diamond Deals and Steals,8,COLOR,7503,Black
194,11,Diamond Deals and Steals,8,COLOR,7459,Blue
194,11,Diamond Deals and Steals,8,COLOR,7572,Blue
194,11,Diamond Deals and Steals,8,COLOR,7485,Brown
194,11,Diamond Deals and Steals,8,COLOR,7472,Canary
194,11,Diamond Deals and Steals,8,COLOR,7497,Champagne
194,11,Diamond Deals and Steals,8,COLOR,7595,Champagne/Cognac
194,11,Diamond Deals and Steals,8,COLOR,7579,Coffee
194,11,Diamond Deals and Steals,8,COLOR,7514,Cognac
194,11,Diamond Deals and Steals,8,COLOR,7524,Cream
194,11,Diamond Deals and Steals,8,COLOR,7460,Fancy Color
194,11,Diamond Deals and Steals,8,COLOR,7518,GH
194,11,Diamond Deals and Steals,8,COLOR,7481,Green
194,11,Diamond Deals and Steals,8,COLOR,7527,HI
194,11,Diamond Deals and Steals,8,COLOR,7605,IJ
194,11,Diamond Deals and Steals,8,COLOR,7568,JK
194,11,Diamond Deals and Steals,8,COLOR,7601,Milky
194,11,Diamond Deals and Steals,8,COLOR,7523,Multicolor
194,11,Diamond Deals and Steals,8,COLOR,7464,Orange
194,11,Diamond Deals and Steals,8,COLOR,7581,Silver
194,11,Diamond Deals and Steals,8,COLOR,7580,Silver Grey
194,11,Diamond Deals and Steals,8,COLOR,7501,White
194,11,Diamond Deals and Steals,8,COLOR,7585,Ye/Wh/Cream
194,11,Diamond Deals and Steals,8,COLOR,7465,Yellow
194,11,Diamond Deals and Steals,10,SHAPE,7691,Baguette
194,11,Diamond Deals and Steals,10,SHAPE,7792,Mix
194,11,Diamond Deals and Steals,10,SHAPE,7726,Princess
194,11,Diamond Deals and Steals,10,SHAPE,7670,Round
194,11,Diamond Deals and Steals,10,SHAPE,7718,Round/Baguette
194,11,Diamond Deals and Steals,10,SHAPE,9714,Round/Octogon
194,11,Diamond Deals and Steals,10,SHAPE,7743,Tapered Baguette
194,11,Diamond Deals and Steals,11,LUSTER,7915,Fine
194,11,Diamond Deals and Steals,11,LUSTER,7918,Nice
194,11,Diamond Deals and Steals,11,LUSTER,7924,Super Fine
194,11,Diamond Deals and Steals,11,LUSTER,7925,Very Nice
194,11,Diamond Deals and Steals,12,HARDNESS,7941,10
194,11,Diamond Deals and Steals,13,GRADE,8040,A
194,11,Diamond Deals and Steals,13,GRADE,8038,AA
194,11,Diamond Deals and Steals,13,GRADE,8037,AAA
194,11,Diamond Deals and Steals,13,GRADE,8041,Commercial
194,11,Diamond Deals and Steals,14,NUMBER OF STONES,8109,10
194,11,Diamond Deals and Steals,14,NUMBER OF STONES,8086,2
194,11,Diamond Deals and Steals,14,NUMBER OF STONES,8082,4
194,11,Diamond Deals and Steals,14,NUMBER OF STONES,8080,8
194,11,Diamond Deals and Steals,14,NUMBER OF STONES,8081,N/A
194,11,Diamond Deals and Steals,19,NAME,8510,Black Diamond
194,11,Diamond Deals and Steals,19,NAME,8417,Blue Diamond
194,11,Diamond Deals and Steals,19,NAME,8960,Brown Diamond
194,11,Diamond Deals and Steals,19,NAME,8971,Canary Diamond
194,11,Diamond Deals and Steals,19,NAME,8970,Champagne Diamond
194,11,Diamond Deals and Steals,19,NAME,8972,Coffee Diamond
194,11,Diamond Deals and Steals,19,NAME,8969,Cognac Diamond
194,11,Diamond Deals and Steals,19,NAME,8973,Cream Diamond
194,11,Diamond Deals and Steals,19,NAME,8410,Diamond
194,11,Diamond Deals and Steals,19,NAME,8503,Diamonds
194,11,Diamond Deals and Steals,19,NAME,8466,Green Diamond
194,11,Diamond Deals and Steals,19,NAME,9352,Milky Diamond
194,11,Diamond Deals and Steals,19,NAME,8426,Multicolor Diamond
194,11,Diamond Deals and Steals,19,NAME,8428,Orange Diamond
194,11,Diamond Deals and Steals,19,NAME,8415,White Diamond
194,11,Diamond Deals and Steals,19,NAME,9089,Yellow Diamond
194,11,Diamond Deals and Steals,22,CLARITY,8861,Commercial
194,11,Diamond Deals and Steals,22,CLARITY,8707,I1
194,11,Diamond Deals and Steals,22,CLARITY,8870,I1-I2
194,11,Diamond Deals and Steals,22,CLARITY,8592,I2
194,11,Diamond Deals and Steals,22,CLARITY,8856,I2-I3
194,11,Diamond Deals and Steals,22,CLARITY,8824,I3
194,11,Diamond Deals and Steals,22,CLARITY,8584,I3-I4
194,11,Diamond Deals and Steals,22,CLARITY,8869,I4
194,11,Diamond Deals and Steals,22,CLARITY,8585,Opaque
194,11,Diamond Deals and Steals,22,CLARITY,8586,Opaque
194,11,Diamond Deals and Steals,22,CLARITY,8721,SI
194,11,Diamond Deals and Steals,22,CLARITY,8590,SI1
194,11,Diamond Deals and Steals,22,CLARITY,9248,SI1-SI2
194,11,Diamond Deals and Steals,22,CLARITY,8591,SI2
194,11,Diamond Deals and Steals,22,CLARITY,9613,SI2 - I1
194,11,Diamond Deals and Steals,24,CARAT RANGE,8755,0.005 - 0.01 ct.
194,11,Diamond Deals and Steals,24,CARAT RANGE,9030,0.005 - 0.015 ct.
194,11,Diamond Deals and Steals,24,CARAT RANGE,9026,0.005 ct.
194,11,Diamond Deals and Steals,24,CARAT RANGE,9039,0.005 ct.
194,11,Diamond Deals and Steals,24,CARAT RANGE,9077,0.008 ct.
194,11,Diamond Deals and Steals,24,CARAT RANGE,8918,0.01 - 0.05 ct.
194,11,Diamond Deals and Steals,24,CARAT RANGE,8941,0.01 - 0.10 ct.
194,11,Diamond Deals and Steals,24,CARAT RANGE,8878,0.01 - 0.10 ct.
194,11,Diamond Deals and Steals,24,CARAT RANGE,9091,0.01 - 0.20 ct.
194,11,Diamond Deals and Steals,24,CARAT RANGE,8881,0.01 - 0.25 ct.
194,11,Diamond Deals and Steals,24,CARAT RANGE,9093,0.01 ct.
194,11,Diamond Deals and Steals,24,CARAT RANGE,8756,0.0125 - 0.015 ct.
194,11,Diamond Deals and Steals,24,CARAT RANGE,8760,0.013 - 0.18 ct.
194,11,Diamond Deals and Steals,24,CARAT RANGE,9018,0.015 - 0.03 ct.
194,11,Diamond Deals and Steals,24,CARAT RANGE,9084,0.015 - 0.06 ct.
194,11,Diamond Deals and Steals,24,CARAT RANGE,9086,0.015 - 0.10 ct.
194,11,Diamond Deals and Steals,24,CARAT RANGE,9059,0.015 ct.
194,11,Diamond Deals and Steals,24,CARAT RANGE,8757,0.0185 - 0.025 ct.
194,11,Diamond Deals and Steals,24,CARAT RANGE,8758,0.025 - 0.035 ct.
194,11,Diamond Deals and Steals,24,CARAT RANGE,9022,0.03 - 0.06 ct.
194,11,Diamond Deals and Steals,24,CARAT RANGE,8934,0.03 - 0.10 ct.
194,11,Diamond Deals and Steals,24,CARAT RANGE,8923,0.03 - 0.25 ct.
194,11,Diamond Deals and Steals,24,CARAT RANGE,9058,0.03 ct.
194,11,Diamond Deals and Steals,24,CARAT RANGE,9080,0.05 - 0.10 ct.
194,11,Diamond Deals and Steals,24,CARAT RANGE,9244,0.05 - 0.15 ct.
194,11,Diamond Deals and Steals,24,CARAT RANGE,8877,0.05 - 0.20 ct.
194,11,Diamond Deals and Steals,24,CARAT RANGE,8926,0.05 - 0.25 ct.
194,11,Diamond Deals and Steals,24,CARAT RANGE,9023,0.06 - 0.075
194,11,Diamond Deals and Steals,24,CARAT RANGE,8953,0.06 - 0.10 ct.
194,11,Diamond Deals and Steals,24,CARAT RANGE,9075,0.075 - 0.10 ct.
194,11,Diamond Deals and Steals,24,CARAT RANGE,9031,0.075 ct.
194,11,Diamond Deals and Steals,24,CARAT RANGE,8933,0.10 - 0.16 ct.
194,11,Diamond Deals and Steals,24,CARAT RANGE,8956,0.10 - 0.20 ct.
194,11,Diamond Deals and Steals,24,CARAT RANGE,8879,0.10 - 0.25 ct.
194,11,Diamond Deals and Steals,24,CARAT RANGE,9240,0.10 - 0.30 ct.
194,11,Diamond Deals and Steals,24,CARAT RANGE,8942,0.10 - 0.50 ct.
194,11,Diamond Deals and Steals,24,CARAT RANGE,9057,0.10 ct.
194,11,Diamond Deals and Steals,24,CARAT RANGE,9353,0.12 - 0.50 ct.
194,11,Diamond Deals and Steals,24,CARAT RANGE,9250,0.12 ct.
194,11,Diamond Deals and Steals,24,CARAT RANGE,9165,0.15 - 0.25 ct.
194,11,Diamond Deals and Steals,24,CARAT RANGE,9204,0.15 - 0.30 ct.
194,11,Diamond Deals and Steals,24,CARAT RANGE,9035,0.16 ct.
194,11,Diamond Deals and Steals,24,CARAT RANGE,9208,0.20 - 0.25 ct.
194,11,Diamond Deals and Steals,24,CARAT RANGE,9205,0.20 - 0.30 ct.
194,11,Diamond Deals and Steals,24,CARAT RANGE,9242,0.20 - 0.40 ct.
194,11,Diamond Deals and Steals,24,CARAT RANGE,8761,0.22 - 0.28 ct.
194,11,Diamond Deals and Steals,24,CARAT RANGE,9238,0.25 - 0.33 ct.
194,11,Diamond Deals and Steals,24,CARAT RANGE,8883,0.25 - 0.50 ct.
194,11,Diamond Deals and Steals,24,CARAT RANGE,8945,0.25 - 0.75 ct.
194,11,Diamond Deals and Steals,24,CARAT RANGE,8940,0.30 - 0.40 ct.
194,11,Diamond Deals and Steals,24,CARAT RANGE,9219,0.33 - 0.50 ct.
194,11,Diamond Deals and Steals,24,CARAT RANGE,8762,0.44 - 0.50 ct.
194,11,Diamond Deals and Steals,24,CARAT RANGE,8763,0.45 - 0.65 ct.
194,11,Diamond Deals and Steals,24,CARAT RANGE,9356,0.50 - 0.68 ct.
194,11,Diamond Deals and Steals,24,CARAT RANGE,8902,0.50 - 0.75 ct.
194,11,Diamond Deals and Steals,24,CARAT RANGE,8937,0.50 - 0.75 ct.
194,11,Diamond Deals and Steals,24,CARAT RANGE,9246,0.50 - 0.80 ct.
194,11,Diamond Deals and Steals,24,CARAT RANGE,8959,0.50 ct.
194,11,Diamond Deals and Steals,24,CARAT RANGE,8938,0.75 - 1.25 ct.
194,11,Diamond Deals and Steals,24,CARAT RANGE,8882,1.0 - 3.0 ct.
194,11,Diamond Deals and Steals,24,CARAT RANGE,8946,1.0 - 5.0 ct.
194,11,Diamond Deals and Steals,24,CARAT RANGE,8903,1.25 - 2.0 ct.
194,11,Diamond Deals and Steals,24,CARAT RANGE,8904,2.0 - 3.50 ct.
194,11,Diamond Deals and Steals,25,SIZE RANGE,8764,1.0 - 1.35 mm
194,11,Diamond Deals and Steals,25,SIZE RANGE,9029,1.0 - 1.5 mm
194,11,Diamond Deals and Steals,25,SIZE RANGE,9042,1.0 mm
194,11,Diamond Deals and Steals,25,SIZE RANGE,9025,1.25 mm
194,11,Diamond Deals and Steals,25,SIZE RANGE,8919,1.3 - 2.4 mm
194,11,Diamond Deals and Steals,25,SIZE RANGE,8906,1.3 - 3.0 mm
194,11,Diamond Deals and Steals,25,SIZE RANGE,9090,1.3 - 3.8 mm
194,11,Diamond Deals and Steals,25,SIZE RANGE,8910,1.3 - 4.0 mm
194,11,Diamond Deals and Steals,25,SIZE RANGE,9094,1.3 mm
194,11,Diamond Deals and Steals,25,SIZE RANGE,8765,1.4 - 1.5 mm
194,11,Diamond Deals and Steals,25,SIZE RANGE,9017,1.5 - 2.0 mm
194,11,Diamond Deals and Steals,25,SIZE RANGE,9083,1.5 - 2.5 mm
194,11,Diamond Deals and Steals,25,SIZE RANGE,9085,1.5 - 3.0 mm
194,11,Diamond Deals and Steals,25,SIZE RANGE,9032,1.5 mm
194,11,Diamond Deals and Steals,25,SIZE RANGE,8766,1.6 - 1.8 mm
194,11,Diamond Deals and Steals,25,SIZE RANGE,8767,1.8 - 2.0 mm
194,11,Diamond Deals and Steals,25,SIZE RANGE,9731,2 - 10 cts
194,11,Diamond Deals and Steals,25,SIZE RANGE,9021,2.0 - 2.5 mm
194,11,Diamond Deals and Steals,25,SIZE RANGE,8928,2.0 - 3.0 mm
194,11,Diamond Deals and Steals,25,SIZE RANGE,8922,2.0 - 4.0 mm
194,11,Diamond Deals and Steals,25,SIZE RANGE,9054,2.0 mm
194,11,Diamond Deals and Steals,25,SIZE RANGE,9081,2.4 - 3.0 mm
194,11,Diamond Deals and Steals,25,SIZE RANGE,9245,2.4 - 3.4 mm
194,11,Diamond Deals and Steals,25,SIZE RANGE,9189,2.4 - 3.4 mm
194,11,Diamond Deals and Steals,25,SIZE RANGE,8905,2.4 - 3.8 mm
194,11,Diamond Deals and Steals,25,SIZE RANGE,8924,2.4 - 4.0 mm
194,11,Diamond Deals and Steals,25,SIZE RANGE,9024,2.5 - 2.75 mm
194,11,Diamond Deals and Steals,25,SIZE RANGE,8952,2.5 - 3.0 mm
194,11,Diamond Deals and Steals,25,SIZE RANGE,9076,2.75 - 3.0 mm
194,11,Diamond Deals and Steals,25,SIZE RANGE,9056,2.75 mm
194,11,Diamond Deals and Steals,25,SIZE RANGE,8907,3-4 mm
194,11,Diamond Deals and Steals,25,SIZE RANGE,8927,3.0 - 3.5 mm
194,11,Diamond Deals and Steals,25,SIZE RANGE,8954,3.0 - 3.8 mm
194,11,Diamond Deals and Steals,25,SIZE RANGE,9241,3.0 - 4.2 mm
194,11,Diamond Deals and Steals,25,SIZE RANGE,8909,3.0 - 5.0 mm
194,11,Diamond Deals and Steals,25,SIZE RANGE,9055,3.0 mm
194,11,Diamond Deals and Steals,25,SIZE RANGE,9354,3.2 - 5.0 mm
194,11,Diamond Deals and Steals,25,SIZE RANGE,8769,3.25 - 3.5 mm
194,11,Diamond Deals and Steals,25,SIZE RANGE,9249,3.25 mm
194,11,Diamond Deals and Steals,25,SIZE RANGE,9166,3.4 - 4.0 mm
194,11,Diamond Deals and Steals,25,SIZE RANGE,9190,3.4 - 4.2 mm
194,11,Diamond Deals and Steals,25,SIZE RANGE,9033,3.5 mm
194,11,Diamond Deals and Steals,25,SIZE RANGE,8770,3.75 - 4.1 mm
194,11,Diamond Deals and Steals,25,SIZE RANGE,9209,3.8 - 4.0 mm
194,11,Diamond Deals and Steals,25,SIZE RANGE,9206,3.8 - 4.2 mm
194,11,Diamond Deals and Steals,25,SIZE RANGE,9243,3.8 - 4.8 mm
194,11,Diamond Deals and Steals,25,SIZE RANGE,8925,3.9 - 4.2 mm
194,11,Diamond Deals and Steals,25,SIZE RANGE,9726,4-4.5 mm
194,11,Diamond Deals and Steals,25,SIZE RANGE,9239,4.0 - 4.4 mm
194,11,Diamond Deals and Steals,25,SIZE RANGE,8911,4.0 - 5.0 mm
194,11,Diamond Deals and Steals,25,SIZE RANGE,8931,4.0 - 6.0 mm
194,11,Diamond Deals and Steals,25,SIZE RANGE,8935,4.2 - 4.8 mm
194,11,Diamond Deals and Steals,25,SIZE RANGE,9220,4.4 - 5.0 mm
194,11,Diamond Deals and Steals,25,SIZE RANGE,9724,4.5 - 5 mm
194,11,Diamond Deals and Steals,25,SIZE RANGE,8771,4.7 - 5.1 mm
194,11,Diamond Deals and Steals,25,SIZE RANGE,8772,4.8 - 5.5 mm
194,11,Diamond Deals and Steals,25,SIZE RANGE,9718,5 - 7 mm
194,11,Diamond Deals and Steals,25,SIZE RANGE,9725,5 - 8 mm
194,11,Diamond Deals and Steals,25,SIZE RANGE,9357,5.0 - 5.8 mm
194,11,Diamond Deals and Steals,25,SIZE RANGE,8930,5.0 - 6.0 mm
194,11,Diamond Deals and Steals,25,SIZE RANGE,9247,5.0 - 6.1 mm
194,11,Diamond Deals and Steals,25,SIZE RANGE,8958,5.0 mm
194,11,Diamond Deals and Steals,25,SIZE RANGE,9719,6 - 8 mm
194,11,Diamond Deals and Steals,25,SIZE RANGE,9727,6 - 9 mm
194,11,Diamond Deals and Steals,25,SIZE RANGE,8932,6.0 - 7.0 mm
194,11,Diamond Deals and Steals,25,SIZE RANGE,8951,6.6 - 11.2 mm
194,11,Diamond Deals and Steals,25,SIZE RANGE,8913,6.6 - 9.4 mm
194,11,Diamond Deals and Steals,25,SIZE RANGE,8916,7.0 - 8.0 mm
194,11,Diamond Deals and Steals,25,SIZE RANGE,9729,8 - 9 mm
194,11,Diamond Deals and Steals,25,SIZE RANGE,8917,8.0 - 10.0 mm
194,11,Diamond Deals and Steals,28,POLISH,8823,Very Good
194,11,Diamond Deals and Steals,30,AVAILABLE AS,8874,Diamond Lot
197,22,Precious gems deals and steals,1,TREATMENT,1,Heat Treated
197,22,Precious gems deals and steals,1,TREATMENT,7,Heated
197,22,Precious gems deals and steals,1,TREATMENT,6,Natural
197,22,Precious gems deals and steals,1,TREATMENT,4,Oiled
197,22,Precious gems deals and steals,1,TREATMENT,11,Treated
197,22,Precious gems deals and steals,2,ORIGIN,43,Brazil
197,22,Precious gems deals and steals,2,ORIGIN,53,Burma Sri Lanka Brazil
197,22,Precious gems deals and steals,2,ORIGIN,25,Columbia
197,22,Precious gems deals and steals,2,ORIGIN,30,Pailin
197,22,Precious gems deals and steals,2,ORIGIN,20,Sri Lanka
197,22,Precious gems deals and steals,2,ORIGIN,32,Tanzania
197,22,Precious gems deals and steals,2,ORIGIN,50,Thailand
197,22,Precious gems deals and steals,2,ORIGIN,40,Various
197,22,Precious gems deals and steals,3,CUT,61,Cabochon
197,22,Precious gems deals and steals,3,CUT,90,Diamond Cut
197,22,Precious gems deals and steals,3,CUT,60,Faceted
197,22,Precious gems deals and steals,3,CUT,7471,Fancy Champagne
197,22,Precious gems deals and steals,4,CLARITY/GRADE,157,A
197,22,Precious gems deals and steals,4,CLARITY/GRADE,145,AA
197,22,Precious gems deals and steals,4,CLARITY/GRADE,151,Commercial
197,22,Precious gems deals and steals,4,CLARITY/GRADE,198,Fine
197,22,Precious gems deals and steals,4,CLARITY/GRADE,127,SI
197,22,Precious gems deals and steals,4,CLARITY/GRADE,193,Super
197,22,Precious gems deals and steals,4,CLARITY/GRADE,126,VS
197,22,Precious gems deals and steals,6,WEIGHT,4426,(2 Pcs. Approx.)
197,22,Precious gems deals and steals,6,WEIGHT,3654,0.21 ct.
197,22,Precious gems deals and steals,6,WEIGHT,4392,0.36 ct. (12 Pcs. Approx.)
197,22,Precious gems deals and steals,6,WEIGHT,4395,0.5 ct. (1 Pcs. Approx.)
197,22,Precious gems deals and steals,6,WEIGHT,4208,0.5 ct. (10 Pcs. Approx.)
197,22,Precious gems deals and steals,6,WEIGHT,4215,0.6 ct. (1 Pcs. Approx.)
197,22,Precious gems deals and steals,6,WEIGHT,4389,0.6 ct. (10 Pcs. Approx.)
197,22,Precious gems deals and steals,6,WEIGHT,4408,0.6 ct. (2 Pcs. Approx.)
197,22,Precious gems deals and steals,6,WEIGHT,4422,0.6 ct. (20 Pcs. Approx.)
197,22,Precious gems deals and steals,6,WEIGHT,4212,0.6 ct. (4 Pcs. Approx.)
197,22,Precious gems deals and steals,6,WEIGHT,4211,0.6 ct. (6 Pcs. Approx.)
197,22,Precious gems deals and steals,6,WEIGHT,4391,0.64 ct. (4 Pcs. Approx.)
197,22,Precious gems deals and steals,6,WEIGHT,4394,0.66 ct. (2 Pcs. Approx.)
197,22,Precious gems deals and steals,6,WEIGHT,4214,0.7 ct. (2 Pcs. Approx.)
197,22,Precious gems deals and steals,6,WEIGHT,4410,0.7 ct. (4 Pcs. Approx.)
197,22,Precious gems deals and steals,6,WEIGHT,4220,0.75 ct.
197,22,Precious gems deals and steals,6,WEIGHT,4396,0.75 ct. (1 Pcs. Approx.)
197,22,Precious gems deals and steals,6,WEIGHT,4390,0.8 ct. (8 Pcs. Approx.)
197,22,Precious gems deals and steals,6,WEIGHT,4423,0.9 ct. (15 Pcs. Approx.)
197,22,Precious gems deals and steals,6,WEIGHT,4213,0.9 ct. (3 Pcs. Approx.)
197,22,Precious gems deals and steals,6,WEIGHT,4424,0.96 ct. (6 Pcs. Approx.)
197,22,Precious gems deals and steals,6,WEIGHT,4404,1 ct. (1 Pcs. Approx.)
197,22,Precious gems deals and steals,6,WEIGHT,4194,1 ct. (10 Pcs. Approx.)
197,22,Precious gems deals and steals,6,WEIGHT,4231,1 ct. (2 Pcs. Approx.)
197,22,Precious gems deals and steals,6,WEIGHT,4221,1 ct. (20 Pcs. Approx.)
197,22,Precious gems deals and steals,6,WEIGHT,4232,1 ct. (25 Pcs. Approx.)
197,22,Precious gems deals and steals,6,WEIGHT,4393,1 ct. (4 Pcs. Approx.)
197,22,Precious gems deals and steals,6,WEIGHT,4415,1 ct. (6 Pcs. Approx.)
197,22,Precious gems deals and steals,6,WEIGHT,4973,1 ct. Approx
197,22,Precious gems deals and steals,6,WEIGHT,4425,1..00 ct. (4 Pcs. Approx.)
197,22,Precious gems deals and steals,6,WEIGHT,4466,1.15 ct. (1 Pcs. Approx.)
197,22,Precious gems deals and steals,6,WEIGHT,4409,1.2 ct. (10 Pcs. Approx.)
197,22,Precious gems deals and steals,6,WEIGHT,4222,1.2 ct. (12 Pcs. Approx.)
197,22,Precious gems deals and steals,6,WEIGHT,4227,1.2 ct. (2 Pcs. Approx.)
197,22,Precious gems deals and steals,6,WEIGHT,4228,1.2 ct. (25 Pcs. Approx.)
197,22,Precious gems deals and steals,6,WEIGHT,4223,1.2 ct. (8 Pcs. Approx.)
197,22,Precious gems deals and steals,6,WEIGHT,4027,1.21 ct.
197,22,Precious gems deals and steals,6,WEIGHT,4397,1.25 ct. (1 Pcs. Approx.)
197,22,Precious gems deals and steals,6,WEIGHT,4237,1.25 ct. (25 Pcs. Approx.)
197,22,Precious gems deals and steals,6,WEIGHT,4219,1.28 ct. (2 Pcs. Approx.)
197,22,Precious gems deals and steals,6,WEIGHT,4243,1.3 ct. (2 Pcs. Approx.)
197,22,Precious gems deals and steals,6,WEIGHT,3974,1.31 ct.
197,22,Precious gems deals and steals,6,WEIGHT,4416,1.32 ct. (4 Pcs. Approx.)
197,22,Precious gems deals and steals,6,WEIGHT,4236,1.36 ct. (2 Pcs. Approx.)
197,22,Precious gems deals and steals,6,WEIGHT,4402,1.36 ct. (8 Pcs. Approx.)
197,22,Precious gems deals and steals,6,WEIGHT,4226,1.38 ct. (3 Pcs. Approx.)
197,22,Precious gems deals and steals,6,WEIGHT,4238,1.4 ct. (20 Pcs. Approx.)
197,22,Precious gems deals and steals,6,WEIGHT,4225,1.4 ct. (4 Pcs. Approx.)
197,22,Precious gems deals and steals,6,WEIGHT,4230,1.44 ct. (4 Pcs. Approx.)
197,22,Precious gems deals and steals,6,WEIGHT,4403,1.5 ct. (1 Pcs. Approx.)
197,22,Precious gems deals and steals,6,WEIGHT,4421,1.5 ct. (2 Pcs. Approx.)
197,22,Precious gems deals and steals,6,WEIGHT,4412,1.5 ct. (25 Pcs. Approx.)
197,22,Precious gems deals and steals,6,WEIGHT,4411,1.5 ct. (50 Pcs. Approx.)
197,22,Precious gems deals and steals,6,WEIGHT,4401,1.5 ct. (6 Pcs. Approx.)
197,22,Precious gems deals and steals,6,WEIGHT,3597,1.55 ct.
197,22,Precious gems deals and steals,6,WEIGHT,4239,1.56 ct. (12 Pcs. Approx.)
197,22,Precious gems deals and steals,6,WEIGHT,4242,1.56 ct. (3 Pcs. Approx.)
197,22,Precious gems deals and steals,6,WEIGHT,4414,1.6 ct. (10 Pcs. Approx.)
197,22,Precious gems deals and steals,6,WEIGHT,4240,1.6 ct. (8 Pcs. Approx.)
197,22,Precious gems deals and steals,6,WEIGHT,4241,1.68 ct. (4 Pcs. Approx.)
197,22,Precious gems deals and steals,6,WEIGHT,4470,1.75 ct. (1 Pcs. Approx.)
197,22,Precious gems deals and steals,6,WEIGHT,4233,1.75 ct. (25 Pcs. Approx.)
197,22,Precious gems deals and steals,6,WEIGHT,4218,1.8 ct. (4 Pcs. Approx.)
197,22,Precious gems deals and steals,6,WEIGHT,4224,1.8 ct. (6 Pcs. Approx.)
197,22,Precious gems deals and steals,6,WEIGHT,4216,1.84 ct. (8 Pcs. Approx.)
197,22,Precious gems deals and steals,6,WEIGHT,4090,1.91 ct.
197,22,Precious gems deals and steals,6,WEIGHT,2894,10 Carats (0.25-1 Carats)
197,22,Precious gems deals and steals,6,WEIGHT,2890,10 Carats (0.50-2 Carats)
197,22,Precious gems deals and steals,6,WEIGHT,2926,10 Carats (1-2 Carats)
197,22,Precious gems deals and steals,6,WEIGHT,1829,10 Carats (1-3 Carats)
197,22,Precious gems deals and steals,6,WEIGHT,2902,10 Carats (Lot)
197,22,Precious gems deals and steals,6,WEIGHT,3585,10 ct.
197,22,Precious gems deals and steals,6,WEIGHT,4477,10 ct. (100 Pcs. Approx.)
197,22,Precious gems deals and steals,6,WEIGHT,4284,10 ct. (20 Pcs. Approx.)
197,22,Precious gems deals and steals,6,WEIGHT,4043,10.51 ct.
197,22,Precious gems deals and steals,6,WEIGHT,3979,10.61 ct.
197,22,Precious gems deals and steals,6,WEIGHT,3986,10.93 ct.
197,22,Precious gems deals and steals,6,WEIGHT,2899,100 Carats (0.25-0.50 Carats)
197,22,Precious gems deals and steals,6,WEIGHT,2901,100 Carats (0.25-1 Carats)
197,22,Precious gems deals and steals,6,WEIGHT,4439,100 ct.
197,22,Precious gems deals and steals,6,WEIGHT,3941,100 ct. (100 Pcs. Approx.)
197,22,Precious gems deals and steals,6,WEIGHT,3947,100 ct. (1000 Pcs. Approx.)
197,22,Precious gems deals and steals,6,WEIGHT,3940,100 ct. (200 Pcs. Approx.)
197,22,Precious gems deals and steals,6,WEIGHT,3942,100 ct. (500 Pcs. Approx.)
197,22,Precious gems deals and steals,6,WEIGHT,4550,100 ct. (Lot)
197,22,Precious gems deals and steals,6,WEIGHT,4035,100.44 ct.
197,22,Precious gems deals and steals,6,WEIGHT,2905,1000 Carats (0.50-1 Carats)
197,22,Precious gems deals and steals,6,WEIGHT,9771,102 ct.
197,22,Precious gems deals and steals,6,WEIGHT,424,103 Carats
197,22,Precious gems deals and steals,6,WEIGHT,455,108 Carats
197,22,Precious gems deals and steals,6,WEIGHT,452,1094 Carats
197,22,Precious gems deals and steals,6,WEIGHT,4038,11.42 ct.
197,22,Precious gems deals and steals,6,WEIGHT,4077,11.75 ct.
197,22,Precious gems deals and steals,6,WEIGHT,4024,111.02 ct.
197,22,Precious gems deals and steals,6,WEIGHT,4050,1118.2 ct.
197,22,Precious gems deals and steals,6,WEIGHT,4536,112 ct.
197,22,Precious gems deals and steals,6,WEIGHT,372,114.89 Carats
197,22,Precious gems deals and steals,6,WEIGHT,4455,118.6 ct.
197,22,Precious gems deals and steals,6,WEIGHT,4089,118.9 ct.
197,22,Precious gems deals and steals,6,WEIGHT,4108,12.5 ct. (50 Pcs. Approx.)
197,22,Precious gems deals and steals,6,WEIGHT,369,121.63 Carats
197,22,Precious gems deals and steals,6,WEIGHT,4073,122.53 ct.
197,22,Precious gems deals and steals,6,WEIGHT,4010,125.26 ct.
197,22,Precious gems deals and steals,6,WEIGHT,437,126 Carats
197,22,Precious gems deals and steals,6,WEIGHT,4078,128.6 ct.
197,22,Precious gems deals and steals,6,WEIGHT,4000,1284.64 ct.
197,22,Precious gems deals and steals,6,WEIGHT,4463,129.17 ct.
197,22,Precious gems deals and steals,6,WEIGHT,4034,13.22 ct.
197,22,Precious gems deals and steals,6,WEIGHT,4442,134 ct.
197,22,Precious gems deals and steals,6,WEIGHT,4075,134.24 ct.
197,22,Precious gems deals and steals,6,WEIGHT,3978,136.67 ct.
197,22,Precious gems deals and steals,6,WEIGHT,377,137 Carats
197,22,Precious gems deals and steals,6,WEIGHT,414,137.64 Carats
197,22,Precious gems deals and steals,6,WEIGHT,4037,14.74 ct.
197,22,Precious gems deals and steals,6,WEIGHT,9773,140 ct.
197,22,Precious gems deals and steals,6,WEIGHT,460,141 Carats
197,22,Precious gems deals and steals,6,WEIGHT,4023,142.31 ct.
197,22,Precious gems deals and steals,6,WEIGHT,3972,143 ct.
197,22,Precious gems deals and steals,6,WEIGHT,3995,144.91 ct.
197,22,Precious gems deals and steals,6,WEIGHT,4085,145.12 ct.
197,22,Precious gems deals and steals,6,WEIGHT,4086,148.49 ct.
197,22,Precious gems deals and steals,6,WEIGHT,4703,15 cts.
197,22,Precious gems deals and steals,6,WEIGHT,4931,150 ct.
197,22,Precious gems deals and steals,6,WEIGHT,4417,150 ct. (500 Pcs. Approx.)
197,22,Precious gems deals and steals,6,WEIGHT,376,151 Carats
197,22,Precious gems deals and steals,6,WEIGHT,4012,151.07 ct.
197,22,Precious gems deals and steals,6,WEIGHT,4007,153.29 ct.
197,22,Precious gems deals and steals,6,WEIGHT,4062,156.97 ct.
197,22,Precious gems deals and steals,6,WEIGHT,3983,16.04 ct.
197,22,Precious gems deals and steals,6,WEIGHT,3977,16.9 ct.
197,22,Precious gems deals and steals,6,WEIGHT,371,160.96 Carats
197,22,Precious gems deals and steals,6,WEIGHT,4440,164 ct.
197,22,Precious gems deals and steals,6,WEIGHT,3038,165 cts
197,22,Precious gems deals and steals,6,WEIGHT,4028,167.52 ct.
197,22,Precious gems deals and steals,6,WEIGHT,423,169 Carats
197,22,Precious gems deals and steals,6,WEIGHT,4036,17.53 ct.
197,22,Precious gems deals and steals,6,WEIGHT,432,173 Carats
197,22,Precious gems deals and steals,6,WEIGHT,3971,173.55 ct.
197,22,Precious gems deals and steals,6,WEIGHT,4460,174.95 ct.
197,22,Precious gems deals and steals,6,WEIGHT,4450,175.25 ct.
197,22,Precious gems deals and steals,6,WEIGHT,443,176 Carats
197,22,Precious gems deals and steals,6,WEIGHT,439,178 Carats
197,22,Precious gems deals and steals,6,WEIGHT,4046,18.93 ct.
197,22,Precious gems deals and steals,6,WEIGHT,4930,184 ct.
197,22,Precious gems deals and steals,6,WEIGHT,4017,187.15 ct.
197,22,Precious gems deals and steals,6,WEIGHT,4513,19 ct.
197,22,Precious gems deals and steals,6,WEIGHT,4026,192.58 ct.
197,22,Precious gems deals and steals,6,WEIGHT,374,199 Carats
197,22,Precious gems deals and steals,6,WEIGHT,4456,1991.8 ct.
197,22,Precious gems deals and steals,6,WEIGHT,4398,2 ct. (1 Pcs. Approx.)
197,22,Precious gems deals and steals,6,WEIGHT,4388,2 ct. (10 Pcs. Approx.)
197,22,Precious gems deals and steals,6,WEIGHT,4400,2 ct. (2 Pcs. Approx.)
197,22,Precious gems deals and steals,6,WEIGHT,4413,2 ct. (20 Pcs. Approx.)
197,22,Precious gems deals and steals,6,WEIGHT,4433,2 ct. (4 Pcs. Approx.)
197,22,Precious gems deals and steals,6,WEIGHT,4419,2 ct. (40 Pcs. Approx.)
197,22,Precious gems deals and steals,6,WEIGHT,4387,2 ct. (8 Pcs. Approx.)
197,22,Precious gems deals and steals,6,WEIGHT,4229,2.04 ct. (6 Pcs. Approx.)
197,22,Precious gems deals and steals,6,WEIGHT,4217,2.1 ct. (6 Pcs. Approx.)
197,22,Precious gems deals and steals,6,WEIGHT,4069,2.17 ct.
197,22,Precious gems deals and steals,6,WEIGHT,4234,2.2 ct. (20 Pcs. Approx.)
197,22,Precious gems deals and steals,6,WEIGHT,4474,2.2 ct. (4 Pcs. Approx.)
197,22,Precious gems deals and steals,6,WEIGHT,4235,2.28 ct. (12 Pcs. Approx.)
197,22,Precious gems deals and steals,6,WEIGHT,4469,2.3 ct. (2 Pcs. Approx.)
197,22,Precious gems deals and steals,6,WEIGHT,4427,2.4 ct. (4 Pcs. Approx.)
197,22,Precious gems deals and steals,6,WEIGHT,4385,2.4 ct. (6 Pcs. Approx.)
197,22,Precious gems deals and steals,6,WEIGHT,4406,2.5 ct. (1 Pcs. Approx.)
197,22,Precious gems deals and steals,6,WEIGHT,4384,2.5 ct. (10 Pcs. Approx.)
197,22,Precious gems deals and steals,6,WEIGHT,4472,2.6 ct. (20 Pcs. Approx.)
197,22,Precious gems deals and steals,6,WEIGHT,4438,2.8 ct. (8 Pcs. Approx.)
197,22,Precious gems deals and steals,6,WEIGHT,4473,2.88 ct. (12 Pcs. Approx.)
197,22,Precious gems deals and steals,6,WEIGHT,2895,20 Carats (0.25-0.50 Carats)
197,22,Precious gems deals and steals,6,WEIGHT,2891,20 Carats (0.25-1 Carats)
197,22,Precious gems deals and steals,6,WEIGHT,2893,20 Carats (0.50-2 Carats)
197,22,Precious gems deals and steals,6,WEIGHT,2903,20 Carats (Lot)
197,22,Precious gems deals and steals,6,WEIGHT,3554,20 ct.
197,22,Precious gems deals and steals,6,WEIGHT,4003,200 ct.
197,22,Precious gems deals and steals,6,WEIGHT,4047,200.01 ct.
197,22,Precious gems deals and steals,6,WEIGHT,411,2094 Carats
197,22,Precious gems deals and steals,6,WEIGHT,4088,212.66 ct.
197,22,Precious gems deals and steals,6,WEIGHT,4033,219 ct.
197,22,Precious gems deals and steals,6,WEIGHT,3606,22 ct.
197,22,Precious gems deals and steals,6,WEIGHT,3993,22.2 ct.
197,22,Precious gems deals and steals,6,WEIGHT,4022,22.75 ct.
197,22,Precious gems deals and steals,6,WEIGHT,4013,224.9 ct.
197,22,Precious gems deals and steals,6,WEIGHT,3997,23.8 ct.
197,22,Precious gems deals and steals,6,WEIGHT,444,230 Carats
197,22,Precious gems deals and steals,6,WEIGHT,417,231 Carats
197,22,Precious gems deals and steals,6,WEIGHT,445,232 Carats
197,22,Precious gems deals and steals,6,WEIGHT,4006,233.31 ct.
197,22,Precious gems deals and steals,6,WEIGHT,4462,2337.75 ct.
197,22,Precious gems deals and steals,6,WEIGHT,4040,235.93 ct.
197,22,Precious gems deals and steals,6,WEIGHT,4016,238.77 ct.
197,22,Precious gems deals and steals,6,WEIGHT,4083,239.97 ct.
197,22,Precious gems deals and steals,6,WEIGHT,4501,24 ct.
197,22,Precious gems deals and steals,6,WEIGHT,4079,241.3 ct.
197,22,Precious gems deals and steals,6,WEIGHT,449,243 Carats
197,22,Precious gems deals and steals,6,WEIGHT,418,244 Carats
197,22,Precious gems deals and steals,6,WEIGHT,4018,244.98 ct.
197,22,Precious gems deals and steals,6,WEIGHT,4441,245 ct.
197,22,Precious gems deals and steals,6,WEIGHT,415,25 Carats
197,22,Precious gems deals and steals,6,WEIGHT,2892,25 Carats (0.25-1 Carats)
197,22,Precious gems deals and steals,6,WEIGHT,2906,25 Carats (Lot)
197,22,Precious gems deals and steals,6,WEIGHT,4454,25 ct.
197,22,Precious gems deals and steals,6,WEIGHT,4004,257.7 ct.
197,22,Precious gems deals and steals,6,WEIGHT,4485,260.68 ct.
197,22,Precious gems deals and steals,6,WEIGHT,9769,265 ct.
197,22,Precious gems deals and steals,6,WEIGHT,375,267 Carats
197,22,Precious gems deals and steals,6,WEIGHT,4049,271.37 ct.
197,22,Precious gems deals and steals,6,WEIGHT,431,278 Carats
197,22,Precious gems deals and steals,6,WEIGHT,412,278.12 Carats
197,22,Precious gems deals and steals,6,WEIGHT,9774,28 ct.
197,22,Precious gems deals and steals,6,WEIGHT,4510,28 ct.
197,22,Precious gems deals and steals,6,WEIGHT,3988,28.85 ct.
197,22,Precious gems deals and steals,6,WEIGHT,426,282 Carats
197,22,Precious gems deals and steals,6,WEIGHT,458,283 Carats
197,22,Precious gems deals and steals,6,WEIGHT,4008,29.47 ct.
197,22,Precious gems deals and steals,6,WEIGHT,4031,29.66 ct.
197,22,Precious gems deals and steals,6,WEIGHT,3538,3 ct.
197,22,Precious gems deals and steals,6,WEIGHT,4405,3 ct. (1 Pcs. Approx.)
197,22,Precious gems deals and steals,6,WEIGHT,4420,3 ct. (10 Pcs. Approx.)
197,22,Precious gems deals and steals,6,WEIGHT,4430,3 ct. (100 Pcs. Approx.)
197,22,Precious gems deals and steals,6,WEIGHT,4464,3 ct. (12 Pcs. Approx.)
197,22,Precious gems deals and steals,6,WEIGHT,4399,3 ct. (2 Pcs. Approx.)
197,22,Precious gems deals and steals,6,WEIGHT,4288,3 ct. (20 Pcs. Approx.)
197,22,Precious gems deals and steals,6,WEIGHT,4471,3 ct. (30 Pcs. Approx.)
197,22,Precious gems deals and steals,6,WEIGHT,4429,3 ct. (4 Pcs. Approx.)
197,22,Precious gems deals and steals,6,WEIGHT,4431,3 ct. (50 Pcs. Approx.)
197,22,Precious gems deals and steals,6,WEIGHT,4428,3 ct. (6 Pcs. Approx.)
197,22,Precious gems deals and steals,6,WEIGHT,4070,3.47 ct.
197,22,Precious gems deals and steals,6,WEIGHT,4418,3.5 ct. (50 Pcs. Approx.)
197,22,Precious gems deals and steals,6,WEIGHT,2798,300 ct.
197,22,Precious gems deals and steals,6,WEIGHT,4540,300 ct.
197,22,Precious gems deals and steals,6,WEIGHT,4092,3000 ct.
197,22,Precious gems deals and steals,6,WEIGHT,4060,3002 ct.
197,22,Precious gems deals and steals,6,WEIGHT,9787,31 ct.
197,22,Precious gems deals and steals,6,WEIGHT,4030,31.18 ct.
197,22,Precious gems deals and steals,6,WEIGHT,2849,311 ct.
197,22,Precious gems deals and steals,6,WEIGHT,457,319 Carats
197,22,Precious gems deals and steals,6,WEIGHT,4829,32 ct.
197,22,Precious gems deals and steals,6,WEIGHT,4063,326.7 ct.
197,22,Precious gems deals and steals,6,WEIGHT,9767,327 ct.
197,22,Precious gems deals and steals,6,WEIGHT,4921,33 ct.
197,22,Precious gems deals and steals,6,WEIGHT,4457,337.65 ct.
197,22,Precious gems deals and steals,6,WEIGHT,4448,338.83 ct.
197,22,Precious gems deals and steals,6,WEIGHT,3939,34 ct. (100 Pcs. Approx.)
197,22,Precious gems deals and steals,6,WEIGHT,4444,340.45 ct.
197,22,Precious gems deals and steals,6,WEIGHT,4447,342.9 ct.
197,22,Precious gems deals and steals,6,WEIGHT,4025,35.29 ct.
197,22,Precious gems deals and steals,6,WEIGHT,2694,350 ct.
197,22,Precious gems deals and steals,6,WEIGHT,4081,352.32 ct.
197,22,Precious gems deals and steals,6,WEIGHT,442,358 Carats
197,22,Precious gems deals and steals,6,WEIGHT,4529,36 ct.
197,22,Precious gems deals and steals,6,WEIGHT,4056,364.9 ct.
197,22,Precious gems deals and steals,6,WEIGHT,4091,3675 ct.
197,22,Precious gems deals and steals,6,WEIGHT,430,368 Carats
197,22,Precious gems deals and steals,6,WEIGHT,4042,373.38 ct.
197,22,Precious gems deals and steals,6,WEIGHT,4918,38 ct.
197,22,Precious gems deals and steals,6,WEIGHT,3991,38.28 ct.
197,22,Precious gems deals and steals,6,WEIGHT,4014,39.44 ct.
197,22,Precious gems deals and steals,6,WEIGHT,3975,39.63 ct.
197,22,Precious gems deals and steals,6,WEIGHT,4020,393.59 ct.
197,22,Precious gems deals and steals,6,WEIGHT,451,399 Carats
197,22,Precious gems deals and steals,6,WEIGHT,3549,4 ct.
197,22,Precious gems deals and steals,6,WEIGHT,4476,4 ct. (10 Pcs. Approx.)
197,22,Precious gems deals and steals,6,WEIGHT,4290,4 ct. (20 Pcs. Approx.)
197,22,Precious gems deals and steals,6,WEIGHT,4294,4 ct. (40 Pcs. Approx.)
197,22,Precious gems deals and steals,6,WEIGHT,4436,4 ct. (6 Pcs. Approx.)
197,22,Precious gems deals and steals,6,WEIGHT,4386,4 ct. (8 Pcs. Approx.)
197,22,Precious gems deals and steals,6,WEIGHT,3976,4.78 ct.
197,22,Precious gems deals and steals,6,WEIGHT,4368,4.8 ct. (30 Pcs. Approx.)
197,22,Precious gems deals and steals,6,WEIGHT,4468,4.8 ct. (8 Pcs. Approx.)
197,22,Precious gems deals and steals,6,WEIGHT,2908,40 Carats (0.25-1 Carats)
197,22,Precious gems deals and steals,6,WEIGHT,4503,40 ct.
197,22,Precious gems deals and steals,6,WEIGHT,3938,40 ct. (20 Pcs. Approx.)
197,22,Precious gems deals and steals,6,WEIGHT,446,418 Carats
197,22,Precious gems deals and steals,6,WEIGHT,4461,418.56 ct.
197,22,Precious gems deals and steals,6,WEIGHT,4524,42 ct.
197,22,Precious gems deals and steals,6,WEIGHT,4041,42.07 ct.
197,22,Precious gems deals and steals,6,WEIGHT,378,422 Carats
197,22,Precious gems deals and steals,6,WEIGHT,3998,430.78 ct.
197,22,Precious gems deals and steals,6,WEIGHT,4054,431.8 ct.
197,22,Precious gems deals and steals,6,WEIGHT,4059,437.2 ct.
197,22,Precious gems deals and steals,6,WEIGHT,3933,44 ct. (200 Pcs. Approx.)
197,22,Precious gems deals and steals,6,WEIGHT,4917,45 ct.
197,22,Precious gems deals and steals,6,WEIGHT,425,451 Carats
197,22,Precious gems deals and steals,6,WEIGHT,3033,46 ct.
197,22,Precious gems deals and steals,6,WEIGHT,3992,46.2 ct.
197,22,Precious gems deals and steals,6,WEIGHT,454,460 Carats
197,22,Precious gems deals and steals,6,WEIGHT,4057,461.8 ct.
197,22,Precious gems deals and steals,6,WEIGHT,4005,461.96 ct.
197,22,Precious gems deals and steals,6,WEIGHT,429,463 Carats
197,22,Precious gems deals and steals,6,WEIGHT,4019,465.59 ct.
197,22,Precious gems deals and steals,6,WEIGHT,4517,47 ct.
197,22,Precious gems deals and steals,6,WEIGHT,4044,47.18 ct.
197,22,Precious gems deals and steals,6,WEIGHT,4051,492.84 ct.
197,22,Precious gems deals and steals,6,WEIGHT,4465,5 ct. (2 Pcs. Approx.)
197,22,Precious gems deals and steals,6,WEIGHT,4289,5 ct. (20 Pcs. Approx.)
197,22,Precious gems deals and steals,6,WEIGHT,4282,5 ct. (50 Pcs. Approx.)
197,22,Precious gems deals and steals,6,WEIGHT,3990,5.98 ct.
197,22,Precious gems deals and steals,6,WEIGHT,2896,50 Carats (0.10-0.50 Carats)
197,22,Precious gems deals and steals,6,WEIGHT,2898,50 Carats (Lot)
197,22,Precious gems deals and steals,6,WEIGHT,4382,50 ct.
197,22,Precious gems deals and steals,6,WEIGHT,2897,500 Carats (1.5-3 mm)
197,22,Precious gems deals and steals,6,WEIGHT,2904,500 Carats (1.5mm-3 mm)
197,22,Precious gems deals and steals,6,WEIGHT,4479,500 ct.
197,22,Precious gems deals and steals,6,WEIGHT,441,51 ct.
197,22,Precious gems deals and steals,6,WEIGHT,4021,51.74 ct.
197,22,Precious gems deals and steals,6,WEIGHT,9659,52 ct.
197,22,Precious gems deals and steals,6,WEIGHT,435,522 Carats
197,22,Precious gems deals and steals,6,WEIGHT,4045,53.19 ct.
197,22,Precious gems deals and steals,6,WEIGHT,4923,54 ct.
197,22,Precious gems deals and steals,6,WEIGHT,4453,546.42 ct.
197,22,Precious gems deals and steals,6,WEIGHT,4058,552.7 ct.
197,22,Precious gems deals and steals,6,WEIGHT,422,554.61 Carats
197,22,Precious gems deals and steals,6,WEIGHT,9661,56 ct.
197,22,Precious gems deals and steals,6,WEIGHT,3932,56 ct. (200 Pcs. Approx.)
197,22,Precious gems deals and steals,6,WEIGHT,4015,56.19 ct.
197,22,Precious gems deals and steals,6,WEIGHT,3999,572.39 ct.
197,22,Precious gems deals and steals,6,WEIGHT,4080,573.67 ct.
197,22,Precious gems deals and steals,6,WEIGHT,3989,58.87 ct.
197,22,Precious gems deals and steals,6,WEIGHT,4451,59.56 ct.
197,22,Precious gems deals and steals,6,WEIGHT,447,596 Carats
197,22,Precious gems deals and steals,6,WEIGHT,4432,6 ct. (12 Pcs. Approx.)
197,22,Precious gems deals and steals,6,WEIGHT,4475,6.0 aprox. ct. (6 Pcs. Approx.)
197,22,Precious gems deals and steals,6,WEIGHT,4283,6.25 ct. (25 Pcs. Approx.)
197,22,Precious gems deals and steals,6,WEIGHT,4467,6.6 ct. (12 Pcs. Approx.)
197,22,Precious gems deals and steals,6,WEIGHT,3945,60 ct. (100 Pcs. Approx.)
197,22,Precious gems deals and steals,6,WEIGHT,3946,60 ct. (1000 Pcs. Approx.)
197,22,Precious gems deals and steals,6,WEIGHT,3937,60 ct. (50 Pcs. Approx.)
197,22,Precious gems deals and steals,6,WEIGHT,4039,60.19 ct.
197,22,Precious gems deals and steals,6,WEIGHT,448,609 Carats
197,22,Precious gems deals and steals,6,WEIGHT,4074,61 ct.
197,22,Precious gems deals and steals,6,WEIGHT,3982,61.71 ct.
197,22,Precious gems deals and steals,6,WEIGHT,4076,61.85 ct.
197,22,Precious gems deals and steals,6,WEIGHT,450,62 Carats
197,22,Precious gems deals and steals,6,WEIGHT,379,623.82 Carats
197,22,Precious gems deals and steals,6,WEIGHT,9112,63 ct.
197,22,Precious gems deals and steals,6,WEIGHT,3996,63.33 ct.
197,22,Precious gems deals and steals,6,WEIGHT,3980,630.33 ct.
197,22,Precious gems deals and steals,6,WEIGHT,4055,639.53 ct.
197,22,Precious gems deals and steals,6,WEIGHT,4924,64 ct.
197,22,Precious gems deals and steals,6,WEIGHT,4607,65 ct.
197,22,Precious gems deals and steals,6,WEIGHT,440,67 Carats
197,22,Precious gems deals and steals,6,WEIGHT,4064,676.5 ct.
197,22,Precious gems deals and steals,6,WEIGHT,3934,68 ct. (200 Pcs. Approx.)
197,22,Precious gems deals and steals,6,WEIGHT,434,69 Carats
197,22,Precious gems deals and steals,6,WEIGHT,4296,7 ct. (20 Pcs. Approx.)
197,22,Precious gems deals and steals,6,WEIGHT,4300,7.5 ct. (10 Pcs. Approx.)
197,22,Precious gems deals and steals,6,WEIGHT,4437,7.5 ct. (30 Pcs. Approx.)
197,22,Precious gems deals and steals,6,WEIGHT,4359,7.5 ct. (50 Pcs. Approx.)
197,22,Precious gems deals and steals,6,WEIGHT,4066,70.67 ct.
197,22,Precious gems deals and steals,6,WEIGHT,4002,701.4 ct.
197,22,Precious gems deals and steals,6,WEIGHT,413,71 Carats
197,22,Precious gems deals and steals,6,WEIGHT,4048,716.39 ct.
197,22,Precious gems deals and steals,6,WEIGHT,4032,72.29 ct.
197,22,Precious gems deals and steals,6,WEIGHT,4053,732.74 ct.
197,22,Precious gems deals and steals,6,WEIGHT,4535,75 ct.
197,22,Precious gems deals and steals,6,WEIGHT,3950,75 ct. (100 Pcs. Approx.)
197,22,Precious gems deals and steals,6,WEIGHT,4483,75 ct. (25 Pcs. Approx.)
197,22,Precious gems deals and steals,6,WEIGHT,4482,75 ct. (30 Pcs. Approx.)
197,22,Precious gems deals and steals,6,WEIGHT,4481,75 ct. (50 Pcs. Approx.)
197,22,Precious gems deals and steals,6,WEIGHT,3948,75 ct. (500 Pcs. Approx.)
197,22,Precious gems deals and steals,6,WEIGHT,420,76.91 Carats
197,22,Precious gems deals and steals,6,WEIGHT,4001,764.5 ct.
197,22,Precious gems deals and steals,6,WEIGHT,3981,765.19 ct.
197,22,Precious gems deals and steals,6,WEIGHT,4011,77.14 ct.
197,22,Precious gems deals and steals,6,WEIGHT,9789,78 ct.
197,22,Precious gems deals and steals,6,WEIGHT,3985,78.09 ct.
197,22,Precious gems deals and steals,6,WEIGHT,4068,79.26 ct.
197,22,Precious gems deals and steals,6,WEIGHT,4449,79.95 ct.
197,22,Precious gems deals and steals,6,WEIGHT,4256,8 ct. (20 Pcs. Approx.)
197,22,Precious gems deals and steals,6,WEIGHT,3936,80 ct. (100 Pcs. Approx.)
197,22,Precious gems deals and steals,6,WEIGHT,3944,80 ct. (200 Pcs. Approx.)
197,22,Precious gems deals and steals,6,WEIGHT,4072,80.61 ct.
197,22,Precious gems deals and steals,6,WEIGHT,456,806 Carats
197,22,Precious gems deals and steals,6,WEIGHT,9788,81 ct.
197,22,Precious gems deals and steals,6,WEIGHT,4452,815.4 ct.
197,22,Precious gems deals and steals,6,WEIGHT,4832,84 ct.
197,22,Precious gems deals and steals,6,WEIGHT,3935,84 ct. (200 Pcs. Approx.)
197,22,Precious gems deals and steals,6,WEIGHT,3943,84 ct. (300 Pcs. Approx.)
197,22,Precious gems deals and steals,6,WEIGHT,3984,84.25 ct.
197,22,Precious gems deals and steals,6,WEIGHT,3987,84.55 ct.
197,22,Precious gems deals and steals,6,WEIGHT,370,840 Carats
197,22,Precious gems deals and steals,6,WEIGHT,4480,85 ct. (300 Pcs. Approx.)
197,22,Precious gems deals and steals,6,WEIGHT,4084,86.58 ct.
197,22,Precious gems deals and steals,6,WEIGHT,427,88 Carats
197,22,Precious gems deals and steals,6,WEIGHT,4458,88.83 ct.
197,22,Precious gems deals and steals,6,WEIGHT,4009,88.92 ct.
197,22,Precious gems deals and steals,6,WEIGHT,4298,9 ct. (20 Pcs. Approx.)
197,22,Precious gems deals and steals,6,WEIGHT,4434,9 ct. (30 Pcs. Approx.)
197,22,Precious gems deals and steals,6,WEIGHT,4478,9 ct. (50 Pcs. Approx.)
197,22,Precious gems deals and steals,6,WEIGHT,4065,9.1 ct.
197,22,Precious gems deals and steals,6,WEIGHT,4029,9.91 ct.
197,22,Precious gems deals and steals,6,WEIGHT,3949,90 ct. (300 Pcs. Approx.)
197,22,Precious gems deals and steals,6,WEIGHT,4459,90.21 ct.
197,22,Precious gems deals and steals,6,WEIGHT,4445,90.57 ct.
197,22,Precious gems deals and steals,6,WEIGHT,3994,91.99 ct.
197,22,Precious gems deals and steals,6,WEIGHT,4082,917.77 ct.
197,22,Precious gems deals and steals,6,WEIGHT,419,93.67 Carats
197,22,Precious gems deals and steals,6,WEIGHT,4443,94.65 ct.
197,22,Precious gems deals and steals,6,WEIGHT,4067,95.4 ct.
197,22,Precious gems deals and steals,6,WEIGHT,3973,96.64 ct.
197,22,Precious gems deals and steals,6,WEIGHT,373,97 Carats
197,22,Precious gems deals and steals,6,WEIGHT,4446,982.53 ct.
197,22,Precious gems deals and steals,7,SIZE,5067,0.01 - 0.20 ct.
197,22,Precious gems deals and steals,7,SIZE,5075,0.01 - 0.20 ct.
197,22,Precious gems deals and steals,7,SIZE,6238,0.25 - 1.0 ct.
197,22,Precious gems deals and steals,7,SIZE,7404,0.25 - 1.0 ct.
197,22,Precious gems deals and steals,7,SIZE,9366,0.25 - 1.0 ct.
197,22,Precious gems deals and steals,7,SIZE,6980,0.25 - 1.0 ct.
197,22,Precious gems deals and steals,7,SIZE,6839,0.25 - 10.0 ct.
197,22,Precious gems deals and steals,7,SIZE,9598,0.25 ct. - below
197,22,Precious gems deals and steals,7,SIZE,6237,0.25-1ct approx.
197,22,Precious gems deals and steals,7,SIZE,6236,0.5 - 1 ct.
197,22,Precious gems deals and steals,7,SIZE,6659,0.5-1 ct Approx. (Lot)
197,22,Precious gems deals and steals,7,SIZE,6665,0.5-2 mm Approx. (Lot)
197,22,Precious gems deals and steals,7,SIZE,9363,0.50 - 1.0 ct.
197,22,Precious gems deals and steals,7,SIZE,6617,0.50 - 3.0 ct.
197,22,Precious gems deals and steals,7,SIZE,8806,0.50 - 5.0 ct.
197,22,Precious gems deals and steals,7,SIZE,9603,0.50 ct. - below
197,22,Precious gems deals and steals,7,SIZE,7303,1 - 5 carats . (Lot)
197,22,Precious gems deals and steals,7,SIZE,6823,1 ct. below (Lot)
197,22,Precious gems deals and steals,7,SIZE,6691,1 mm Approx. (Lot)
197,22,Precious gems deals and steals,7,SIZE,6676,1-1.5 mm Approx. (Lot)
197,22,Precious gems deals and steals,7,SIZE,6829,1-2 ct. (Lot)
197,22,Precious gems deals and steals,7,SIZE,6356,1-2 cts
197,22,Precious gems deals and steals,7,SIZE,6694,1-2 cts 10x5 to 12x6 mm Approx. (Lot)
197,22,Precious gems deals and steals,7,SIZE,6672,1-2 mm Approx. (Lot)
197,22,Precious gems deals and steals,7,SIZE,6675,1-2.5 mm Approx. (Lot)
197,22,Precious gems deals and steals,7,SIZE,6827,1-3 ct. (Lot)
197,22,Precious gems deals and steals,7,SIZE,6846,1-3 ct. Pieces (Lot)
197,22,Precious gems deals and steals,7,SIZE,6832,1-3 mm (Lot)
197,22,Precious gems deals and steals,7,SIZE,6674,1-3 mm Approx. (Lot)
197,22,Precious gems deals and steals,7,SIZE,6833,1-4 mm (Lot)
197,22,Precious gems deals and steals,7,SIZE,6696,1-4 mm Approx. (Lot)
197,22,Precious gems deals and steals,7,SIZE,6818,1-5 ct. (Lot)
197,22,Precious gems deals and steals,7,SIZE,5074,1.0 - 1.5 mm.
197,22,Precious gems deals and steals,7,SIZE,9597,1.0 - 2.0 ct.
197,22,Precious gems deals and steals,7,SIZE,5046,1.0 - 2.0 mm.
197,22,Precious gems deals and steals,7,SIZE,5057,1.0-2.0 mm.
197,22,Precious gems deals and steals,7,SIZE,5083,1.5 - 2.0 mm.
197,22,Precious gems deals and steals,7,SIZE,5076,1.5 - 2.5 mm.
197,22,Precious gems deals and steals,7,SIZE,6642,1.5 mm Approx. (Lot)
197,22,Precious gems deals and steals,7,SIZE,6452,1.5-2.5 mm
197,22,Precious gems deals and steals,7,SIZE,6671,1.5-2.5 mm Approx. (Lot)
197,22,Precious gems deals and steals,7,SIZE,6774,1.5mm Approx. (Lot)
197,22,Precious gems deals and steals,7,SIZE,6687,1.75 mm Approx. (Lot)
197,22,Precious gems deals and steals,7,SIZE,6822,1/2 ct. below (Lot)
197,22,Precious gems deals and steals,7,SIZE,6819,1/2-1 ct. (Lot)
197,22,Precious gems deals and steals,7,SIZE,6830,1/2-1 mm (Lot)
197,22,Precious gems deals and steals,7,SIZE,6816,1/2ct & below (Lot)
197,22,Precious gems deals and steals,7,SIZE,6821,1/4-1 mm (Lot)
197,22,Precious gems deals and steals,7,SIZE,6820,1/4-1&nbsp;Carats (Lot)
197,22,Precious gems deals and steals,7,SIZE,6828,1/4-1/2 ct. (Lot)
197,22,Precious gems deals and steals,7,SIZE,6618,10-50 pts
197,22,Precious gems deals and steals,7,SIZE,5095,100 pts. To 200 pts.
197,22,Precious gems deals and steals,7,SIZE,6807,10x5 mm (Lot)
197,22,Precious gems deals and steals,7,SIZE,6793,10x8 mm (Lot)
197,22,Precious gems deals and steals,7,SIZE,6798,2 mm (Lot)
197,22,Precious gems deals and steals,7,SIZE,6643,2 mm Approx. (Lot)
197,22,Precious gems deals and steals,7,SIZE,7405,2-10 Carats (Lot)
197,22,Precious gems deals and steals,7,SIZE,7403,2-10&nbsp;Carats (Lot)
197,22,Precious gems deals and steals,7,SIZE,6843,2-3 ct. Pieces (Lot)
197,22,Precious gems deals and steals,7,SIZE,6837,2-3 mm (Lot)
197,22,Precious gems deals and steals,7,SIZE,6668,2-3 mm Approx. (Lot)
197,22,Precious gems deals and steals,7,SIZE,6677,2-3.5 mm Approx. (Lot)
197,22,Precious gems deals and steals,7,SIZE,6673,2-4 mm Approx. (Lot)
197,22,Precious gems deals and steals,7,SIZE,6946,2-4 mm.
197,22,Precious gems deals and steals,7,SIZE,5077,2. 0 - 2.5 mm.
197,22,Precious gems deals and steals,7,SIZE,5069,2.0 - 2.5 mm.
197,22,Precious gems deals and steals,7,SIZE,5070,2.0 - 3.0 mm.
197,22,Precious gems deals and steals,7,SIZE,5080,2.0 - 3.0 mm.
197,22,Precious gems deals and steals,7,SIZE,5049,2.0-2.5 mm.
197,22,Precious gems deals and steals,7,SIZE,5084,2.0-3.0 mm.
197,22,Precious gems deals and steals,7,SIZE,5048,2.0x2.5 mm.
197,22,Precious gems deals and steals,7,SIZE,6799,2.5 mm (Lot)
197,22,Precious gems deals and steals,7,SIZE,6644,2.5 mm Approx. (Lot)
197,22,Precious gems deals and steals,7,SIZE,6685,2.5-3 mm Approx. (Lot)
197,22,Precious gems deals and steals,7,SIZE,5051,2.5-3.0 mm.
197,22,Precious gems deals and steals,7,SIZE,6670,2.5-3.5 mm Approx. (Lot)
197,22,Precious gems deals and steals,7,SIZE,6769,2.5mm Approx. (Lot)
197,22,Precious gems deals and steals,7,SIZE,5050,2.5x3.0 mm.
197,22,Precious gems deals and steals,7,SIZE,6686,2.75 mm Approx. (Lot)
197,22,Precious gems deals and steals,7,SIZE,6768,2mm Approx. (Lot)
197,22,Precious gems deals and steals,7,SIZE,6662,2x4 mm Approx. (Lot)
197,22,Precious gems deals and steals,7,SIZE,6800,3 mm (Lot)
197,22,Precious gems deals and steals,7,SIZE,6645,3 mm Approx. (Lot)
197,22,Precious gems deals and steals,7,SIZE,5052,3-3.5 mm
197,22,Precious gems deals and steals,7,SIZE,6688,3-3.5 mm Approx. (Lot)
197,22,Precious gems deals and steals,7,SIZE,5053,3-4 mm
197,22,Precious gems deals and steals,7,SIZE,6834,3-4 mm (Lot)
197,22,Precious gems deals and steals,7,SIZE,6690,3-4 mm Approx. (Lot)
197,22,Precious gems deals and steals,7,SIZE,6660,3-4-5 mm Approx. (Lot)
197,22,Precious gems deals and steals,7,SIZE,5078,3. 0 - 3.5 mm.
197,22,Precious gems deals and steals,7,SIZE,5081,3.0 - 3.5 mm.
197,22,Precious gems deals and steals,7,SIZE,5071,3.0 - 3.5 mm.
197,22,Precious gems deals and steals,7,SIZE,5086,3.0x2.0 mm.
197,22,Precious gems deals and steals,7,SIZE,5072,3.5 - 4.0 mm.
197,22,Precious gems deals and steals,7,SIZE,5079,3.5 - 4.0 mm.
197,22,Precious gems deals and steals,7,SIZE,6801,3.5 mm (Lot)
197,22,Precious gems deals and steals,7,SIZE,6646,3.5 mm Approx. (Lot)
197,22,Precious gems deals and steals,7,SIZE,5054,3.5-4.0 mm.
197,22,Precious gems deals and steals,7,SIZE,6770,3.5mm Approx. (Lot)
197,22,Precious gems deals and steals,7,SIZE,6682,3.5x2 mm Approx. (Lot)
197,22,Precious gems deals and steals,7,SIZE,6681,3.5x7 mm Approx. (Lot)
197,22,Precious gems deals and steals,7,SIZE,6714,3mm Approx. (Lot)
197,22,Precious gems deals and steals,7,SIZE,6813,3x1.5 mm (Lot)
197,22,Precious gems deals and steals,7,SIZE,6777,3x1.5mm Approx. (Lot)
197,22,Precious gems deals and steals,7,SIZE,5015,3x4 mm
197,22,Precious gems deals and steals,7,SIZE,6707,4 mm Approx. (Lot)
197,22,Precious gems deals and steals,7,SIZE,6647,4 mm Approx. (Lot)
197,22,Precious gems deals and steals,7,SIZE,6836,4-6 mm (Lot)
197,22,Precious gems deals and steals,7,SIZE,5085,4.0x3.0 mm.
197,22,Precious gems deals and steals,7,SIZE,5055,4.0x4.0 mm.
197,22,Precious gems deals and steals,7,SIZE,5073,4.5 - 5.0 mm.
197,22,Precious gems deals and steals,7,SIZE,6802,4.5 mm (Lot)
197,22,Precious gems deals and steals,7,SIZE,6648,4.5 mm Approx. (Lot)
197,22,Precious gems deals and steals,7,SIZE,6775,4.5mm Approx. (Lot)
197,22,Precious gems deals and steals,7,SIZE,6679,4.5x2.5 mm Approx. (Lot)
197,22,Precious gems deals and steals,7,SIZE,5091,4.5x3.5 mm.
197,22,Precious gems deals and steals,7,SIZE,5023,4.5X4.5 mm
197,22,Precious gems deals and steals,7,SIZE,5088,4.5X5.4 mm.
197,22,Precious gems deals and steals,7,SIZE,6698,4x2 5x2.5 mm Approx. (Lot)
197,22,Precious gems deals and steals,7,SIZE,6803,4x2 mm (Lot)
197,22,Precious gems deals and steals,7,SIZE,6666,4x2 mm Approx. (Lot)
197,22,Precious gems deals and steals,7,SIZE,6684,"4x2,6x3 mm Approx. (Lot)"
197,22,Precious gems deals and steals,7,SIZE,6835,4x2-10x5 mm (Lot)
197,22,Precious gems deals and steals,7,SIZE,6778,4x2mm Approx. (Lot)
197,22,Precious gems deals and steals,7,SIZE,6786,4x3 mm (Lot)
197,22,Precious gems deals and steals,7,SIZE,6636,4x3 mm Approx. (Lot)
197,22,Precious gems deals and steals,7,SIZE,6771,4x3mm Approx. (Lot)
197,22,Precious gems deals and steals,7,SIZE,6889,4x4mm
197,22,Precious gems deals and steals,7,SIZE,6795,5 mm (Lot)
197,22,Precious gems deals and steals,7,SIZE,6649,5 mm Approx. (Lot)
197,22,Precious gems deals and steals,7,SIZE,6458,5-25 pointers
197,22,Precious gems deals and steals,7,SIZE,6840,5-8 mm (Lot)
197,22,Precious gems deals and steals,7,SIZE,5089,5.4x6.4 mm.
197,22,Precious gems deals and steals,7,SIZE,5093,5.5x3.5 mm.
197,22,Precious gems deals and steals,7,SIZE,5090,5.5x4.5 mm.
197,22,Precious gems deals and steals,7,SIZE,6708,5mm Approx. (Lot)
197,22,Precious gems deals and steals,7,SIZE,6695,5x2.5 Approx. (Lot)
197,22,Precious gems deals and steals,7,SIZE,6804,5x2.5 mm (Lot)
197,22,Precious gems deals and steals,7,SIZE,6678,5x2.5 mm Approx. (Lot)
197,22,Precious gems deals and steals,7,SIZE,6779,5x2.5mm Approx. (Lot)
197,22,Precious gems deals and steals,7,SIZE,6658,5x3 Approx. (Lot)
197,22,Precious gems deals and steals,7,SIZE,6787,5x3 mm (Lot)
197,22,Precious gems deals and steals,7,SIZE,6635,5x3 mm Approx. (Lot)
197,22,Precious gems deals and steals,7,SIZE,6680,5x3mm Approx. (Lot)
197,22,Precious gems deals and steals,7,SIZE,6788,5x4 mm (Lot)
197,22,Precious gems deals and steals,7,SIZE,6637,5x4 mm Approx. (Lot)
197,22,Precious gems deals and steals,7,SIZE,6772,5x4mm Approx. (Lot)
197,22,Precious gems deals and steals,7,SIZE,6174,6 mm
197,22,Precious gems deals and steals,7,SIZE,6796,6 mm (Lot)
197,22,Precious gems deals and steals,7,SIZE,6805,6x3 mm (Lot)
197,22,Precious gems deals and steals,7,SIZE,6661,6x3 mm Approx. (Lot)
197,22,Precious gems deals and steals,7,SIZE,6683,"6x3, 10x5 mm Approx. (Lot)"
197,22,Precious gems deals and steals,7,SIZE,6780,6x3mm Approx. (Lot)
197,22,Precious gems deals and steals,7,SIZE,6537,6x4 mm
197,22,Precious gems deals and steals,7,SIZE,6789,6x4 mm (Lot)
197,22,Precious gems deals and steals,7,SIZE,6638,6x4 mm Approx. (Lot)
197,22,Precious gems deals and steals,7,SIZE,6831,6x4-7x5 mm (Lot)
197,22,Precious gems deals and steals,7,SIZE,6689,6x4-7x5 mm Approx. (Lot)
197,22,Precious gems deals and steals,7,SIZE,6842,6x410x8 mm (Lot)
197,22,Precious gems deals and steals,7,SIZE,6841,6x412x8 mm (Lot)
197,22,Precious gems deals and steals,7,SIZE,6773,6x4mm Approx. (Lot)
197,22,Precious gems deals and steals,7,SIZE,6697,6x5 7x5 mm Approx. (Lot)
197,22,Precious gems deals and steals,7,SIZE,6477,7.0 mm
197,22,Precious gems deals and steals,7,SIZE,6815,7x3.5 mm (Lot)
197,22,Precious gems deals and steals,7,SIZE,6693,7x3.5 mm Approx. (Lot)
197,22,Precious gems deals and steals,7,SIZE,6790,7x5 mm (Lot)
197,22,Precious gems deals and steals,7,SIZE,6639,7x5 mm Approx. (Lot)
197,22,Precious gems deals and steals,7,SIZE,6814,7x58x68x5 mm (Lot)
197,22,Precious gems deals and steals,7,SIZE,6810,8 mm (Lot)
197,22,Precious gems deals and steals,7,SIZE,6806,8x4 mm (Lot)
197,22,Precious gems deals and steals,7,SIZE,6692,8x4 mm Approx. (Lot)
197,22,Precious gems deals and steals,7,SIZE,6781,8x4mm Approx. (Lot)
197,22,Precious gems deals and steals,7,SIZE,6812,8x5 mm (Lot)
197,22,Precious gems deals and steals,7,SIZE,6791,8x6 mm (Lot)
197,22,Precious gems deals and steals,7,SIZE,6640,8x6 mm Approx. (Lot)
197,22,Precious gems deals and steals,7,SIZE,6838,8x6-8x5 mm (Lot)
197,22,Precious gems deals and steals,7,SIZE,6811,9x6 mm (Lot)
197,22,Precious gems deals and steals,7,SIZE,6792,9x7 mm (Lot)
197,22,Precious gems deals and steals,7,SIZE,6641,9x7 mm Approx. (Lot)
197,22,Precious gems deals and steals,7,SIZE,6667,mix Approx. (Lot)
197,22,Precious gems deals and steals,7,SIZE,6817,Mixed (Lot)
197,22,Precious gems deals and steals,7,SIZE,5914,N/A
197,22,Precious gems deals and steals,7,SIZE,6663,Small Approx. (Lot)
197,22,Precious gems deals and steals,8,COLOR,7459,Blue
197,22,Precious gems deals and steals,8,COLOR,7572,Blue
197,22,Precious gems deals and steals,8,COLOR,9699,Blue & Padparadscha
197,22,Precious gems deals and steals,8,COLOR,9694,Blue & Yellow
197,22,Precious gems deals and steals,8,COLOR,7596,Blue-Green
197,22,Precious gems deals and steals,8,COLOR,7651,Blue-Purple
197,22,Precious gems deals and steals,8,COLOR,7472,Canary
197,22,Precious gems deals and steals,8,COLOR,7471,Fancy Champagne
197,22,Precious gems deals and steals,8,COLOR,7470,Gold
197,22,Precious gems deals and steals,8,COLOR,7469,Golden
197,22,Precious gems deals and steals,8,COLOR,7481,Green
197,22,Precious gems deals and steals,8,COLOR,7618,light Medium
197,22,Precious gems deals and steals,8,COLOR,7546,Multi Color
197,22,Precious gems deals and steals,8,COLOR,7523,Multicolor
197,22,Precious gems deals and steals,8,COLOR,7464,Orange
197,22,Precious gems deals and steals,8,COLOR,7466,Padparadscha
197,22,Precious gems deals and steals,8,COLOR,7507,Pink
197,22,Precious gems deals and steals,8,COLOR,7660,Purple Blue
197,22,Precious gems deals and steals,8,COLOR,7549,Purplish Blue
197,22,Precious gems deals and steals,8,COLOR,7623,Rainbow
197,22,Precious gems deals and steals,8,COLOR,7467,Raspberry Red
197,22,Precious gems deals and steals,8,COLOR,7461,Red
197,22,Precious gems deals and steals,8,COLOR,9791,Red & Blue
197,22,Precious gems deals and steals,8,COLOR,8396,Sapphire
197,22,Precious gems deals and steals,8,COLOR,7501,White
197,22,Precious gems deals and steals,8,COLOR,7465,Yellow
197,22,Precious gems deals and steals,10,SHAPE,7691,Baguette
197,22,Precious gems deals and steals,10,SHAPE,7742,Emerald
197,22,Precious gems deals and steals,10,SHAPE,60,Faceted
197,22,Precious gems deals and steals,10,SHAPE,7717,Heart
197,22,Precious gems deals and steals,10,SHAPE,7791,Large Baguette
197,22,Precious gems deals and steals,10,SHAPE,7684,Marquise
197,22,Precious gems deals and steals,10,SHAPE,7786,"Marquise, Oval"
197,22,Precious gems deals and steals,10,SHAPE,7721,Marquise/Pear
197,22,Precious gems deals and steals,10,SHAPE,7792,Mix
197,22,Precious gems deals and steals,10,SHAPE,7806,Mix Oval
197,22,Precious gems deals and steals,10,SHAPE,7805,Mix Pear
197,22,Precious gems deals and steals,10,SHAPE,7804,Mix Round
197,22,Precious gems deals and steals,10,SHAPE,7793,N/A
197,22,Precious gems deals and steals,10,SHAPE,7689,Octagon
197,22,Precious gems deals and steals,10,SHAPE,9695,Octagonal & Marquise
197,22,Precious gems deals and steals,10,SHAPE,7666,Oval
197,22,Precious gems deals and steals,10,SHAPE,7788,"Oval, Pear, Marquise"
197,22,Precious gems deals and steals,10,SHAPE,9697,Oval/Cushion
197,22,Precious gems deals and steals,10,SHAPE,9703,Oval/Heart/Round
197,22,Precious gems deals and steals,10,SHAPE,9702,Oval/Round/Pear
197,22,Precious gems deals and steals,10,SHAPE,7672,Pear
197,22,Precious gems deals and steals,10,SHAPE,7789,Pear/Oval
197,22,Precious gems deals and steals,10,SHAPE,9696,Pear/Round
197,22,Precious gems deals and steals,10,SHAPE,7670,Round
197,22,Precious gems deals and steals,10,SHAPE,7787,"Round, Marquise"
197,22,Precious gems deals and steals,10,SHAPE,7794,Small
197,22,Precious gems deals and steals,10,SHAPE,7685,Square
197,22,Precious gems deals and steals,10,SHAPE,7743,Tapered Baguette
197,22,Precious gems deals and steals,10,SHAPE,7668,Trillion
197,22,Precious gems deals and steals,11,LUSTER,7916,Bright
197,22,Precious gems deals and steals,11,LUSTER,7926,Dark
197,22,Precious gems deals and steals,11,LUSTER,7915,Fine
197,22,Precious gems deals and steals,11,LUSTER,7918,Nice
197,22,Precious gems deals and steals,11,LUSTER,7921,Poor
197,22,Precious gems deals and steals,11,LUSTER,7925,Very Nice
197,22,Precious gems deals and steals,12,HARDNESS,7958,0.5
197,22,Precious gems deals and steals,12,HARDNESS,7960,0.6
197,22,Precious gems deals and steals,12,HARDNESS,7962,0.7
197,22,Precious gems deals and steals,12,HARDNESS,7953,0.75
197,22,Precious gems deals and steals,12,HARDNESS,7961,0.9
197,22,Precious gems deals and steals,12,HARDNESS,7954,1
197,22,Precious gems deals and steals,12,HARDNESS,7967,1.2
197,22,Precious gems deals and steals,12,HARDNESS,7976,1.25
197,22,Precious gems deals and steals,12,HARDNESS,7966,1.28
197,22,Precious gems deals and steals,12,HARDNESS,7980,1.3
197,22,Precious gems deals and steals,12,HARDNESS,7975,1.36
197,22,Precious gems deals and steals,12,HARDNESS,7969,1.38
197,22,Precious gems deals and steals,12,HARDNESS,7968,1.4
197,22,Precious gems deals and steals,12,HARDNESS,7971,1.44
197,22,Precious gems deals and steals,12,HARDNESS,7977,1.56
197,22,Precious gems deals and steals,12,HARDNESS,7978,1.6
197,22,Precious gems deals and steals,12,HARDNESS,7979,1.68
197,22,Precious gems deals and steals,12,HARDNESS,7972,1.75
197,22,Precious gems deals and steals,12,HARDNESS,7965,1.8
197,22,Precious gems deals and steals,12,HARDNESS,7963,1.84
197,22,Precious gems deals and steals,12,HARDNESS,7941,10
197,22,Precious gems deals and steals,12,HARDNESS,8018,10-Jun
197,22,Precious gems deals and steals,12,HARDNESS,8019,11-Jun
197,22,Precious gems deals and steals,12,HARDNESS,8020,12-Jun
197,22,Precious gems deals and steals,12,HARDNESS,8021,13-Jun
197,22,Precious gems deals and steals,12,HARDNESS,8023,15-Jun
197,22,Precious gems deals and steals,12,HARDNESS,8024,16-Jun
197,22,Precious gems deals and steals,12,HARDNESS,8025,17-Jun
197,22,Precious gems deals and steals,12,HARDNESS,8026,18-Jun
197,22,Precious gems deals and steals,12,HARDNESS,8027,19-Jun
197,22,Precious gems deals and steals,12,HARDNESS,7970,2.04
197,22,Precious gems deals and steals,12,HARDNESS,7964,2.1
197,22,Precious gems deals and steals,12,HARDNESS,7973,2.2
197,22,Precious gems deals and steals,12,HARDNESS,7974,2.28
197,22,Precious gems deals and steals,12,HARDNESS,8028,20-Jun
197,22,Precious gems deals and steals,12,HARDNESS,8029,21-Jun
197,22,Precious gems deals and steals,12,HARDNESS,8030,22-Jun
197,22,Precious gems deals and steals,12,HARDNESS,8031,23-Jun
197,22,Precious gems deals and steals,12,HARDNESS,7946,6
197,22,Precious gems deals and steals,12,HARDNESS,8016,7.0 - 7.5
197,22,Precious gems deals and steals,12,HARDNESS,7943,7.5 - 8.0
197,22,Precious gems deals and steals,12,HARDNESS,8017,8-Jun
197,22,Precious gems deals and steals,12,HARDNESS,7932,9
197,22,Precious gems deals and steals,12,HARDNESS,7944,9-Jun
197,22,Precious gems deals and steals,12,HARDNESS,8032,Mixed
197,22,Precious gems deals and steals,13,GRADE,8040,A
197,22,Precious gems deals and steals,13,GRADE,8038,AA
197,22,Precious gems deals and steals,13,GRADE,8037,AAA
197,22,Precious gems deals and steals,13,GRADE,8041,Commercial
197,22,Precious gems deals and steals,13,GRADE,8070,Super Fine
197,22,Precious gems deals and steals,14,NUMBER OF STONES,9679,107
197,22,Precious gems deals and steals,14,NUMBER OF STONES,8086,2
197,22,Precious gems deals and steals,14,NUMBER OF STONES,9317,35
197,22,Precious gems deals and steals,14,NUMBER OF STONES,8129,36
197,22,Precious gems deals and steals,14,NUMBER OF STONES,8122,40
197,22,Precious gems deals and steals,14,NUMBER OF STONES,9670,40
197,22,Precious gems deals and steals,14,NUMBER OF STONES,8074,41
197,22,Precious gems deals and steals,14,NUMBER OF STONES,9669,42
197,22,Precious gems deals and steals,14,NUMBER OF STONES,9785,44
197,22,Precious gems deals and steals,14,NUMBER OF STONES,9663,45
197,22,Precious gems deals and steals,14,NUMBER OF STONES,8106,45
197,22,Precious gems deals and steals,14,NUMBER OF STONES,8120,48
197,22,Precious gems deals and steals,14,NUMBER OF STONES,9666,49
197,22,Precious gems deals and steals,14,NUMBER OF STONES,9667,53
197,22,Precious gems deals and steals,14,NUMBER OF STONES,9674,61
197,22,Precious gems deals and steals,14,NUMBER OF STONES,9668,62
197,22,Precious gems deals and steals,14,NUMBER OF STONES,8127,63
197,22,Precious gems deals and steals,14,NUMBER OF STONES,9678,63
197,22,Precious gems deals and steals,14,NUMBER OF STONES,9786,66
197,22,Precious gems deals and steals,14,NUMBER OF STONES,9664,68
197,22,Precious gems deals and steals,14,NUMBER OF STONES,8108,73
197,22,Precious gems deals and steals,14,NUMBER OF STONES,9673,80
197,22,Precious gems deals and steals,14,NUMBER OF STONES,9671,87
197,22,Precious gems deals and steals,14,NUMBER OF STONES,9676,88
197,22,Precious gems deals and steals,19,NAME,8446,Blue Sapphire
197,22,Precious gems deals and steals,19,NAME,8434,Burma Rubies
197,22,Precious gems deals and steals,19,NAME,8447,Burma Rubies
197,22,Precious gems deals and steals,19,NAME,8435,Colombian Emeralds
197,22,Precious gems deals and steals,19,NAME,8436,Colombian Emeralds
197,22,Precious gems deals and steals,19,NAME,8439,Commercial Emeralds
197,22,Precious gems deals and steals,19,NAME,8443,"Diamonds, Emeralds, Ruby, Sapphire, Tanzanite"
197,22,Precious gems deals and steals,19,NAME,8401,Emerald
197,22,Precious gems deals and steals,19,NAME,8441,Emerald
197,22,Precious gems deals and steals,19,NAME,8489,Emerald Ruby Sapphire
197,22,Precious gems deals and steals,19,NAME,8440,Emeralds
197,22,Precious gems deals and steals,19,NAME,8433,Emeralds
197,22,Precious gems deals and steals,19,NAME,8442,Emeralds Commercial
197,22,Precious gems deals and steals,19,NAME,8449,Padparadscha Sapphire
197,22,Precious gems deals and steals,19,NAME,8450,Pink Sapphire
197,22,Precious gems deals and steals,19,NAME,8397,Ruby
197,22,Precious gems deals and steals,19,NAME,9706,Ruby/Sapphire
197,22,Precious gems deals and steals,19,NAME,8396,Sapphire
197,22,Precious gems deals and steals,19,NAME,8462,Tanzanite
197,22,Precious gems deals and steals,19,NAME,8429,Tanzanite
197,22,Precious gems deals and steals,19,NAME,8448,White Sapphire
197,22,Precious gems deals and steals,19,NAME,8445,Yellow Sapphire
197,22,Precious gems deals and steals,24,CARAT RANGE,9238,0.25 - 0.33 ct.
197,22,Precious gems deals and steals,24,CARAT RANGE,8883,0.25 - 0.50 ct.
197,22,Precious gems deals and steals,24,CARAT RANGE,9681,0.25 - 1.0 ct.
197,22,Precious gems deals and steals,24,CARAT RANGE,9236,0.33 - 0.66 ct.
197,22,Precious gems deals and steals,24,CARAT RANGE,9682,0.33 - 1.0 ct.
197,22,Precious gems deals and steals,24,CARAT RANGE,8957,0.50 - 1.0 ct.
197,22,Precious gems deals and steals,24,CARAT RANGE,9684,0.50 - 1.50 ct.
197,22,Precious gems deals and steals,24,CARAT RANGE,9656,0.50 - 2.0 ct.
197,22,Precious gems deals and steals,24,CARAT RANGE,8959,0.50 ct.
197,22,Precious gems deals and steals,24,CARAT RANGE,9765,0.50 ct.
197,22,Precious gems deals and steals,24,CARAT RANGE,8886,0.75 - 1.0 ct.
197,22,Precious gems deals and steals,24,CARAT RANGE,9683,0.75 - 1.50 ct.
197,22,Precious gems deals and steals,24,CARAT RANGE,9685,0.75 - 2.0 ct.
197,22,Precious gems deals and steals,24,CARAT RANGE,9784,0.75 - 3.0 ct.
197,22,Precious gems deals and steals,24,CARAT RANGE,9119,1.0 - 2.0 ct.
197,22,Precious gems deals and steals,24,CARAT RANGE,8882,1.0 - 3.0 ct.
197,22,Precious gems deals and steals,24,CARAT RANGE,9762,1.0 - 6.0 ct.
197,22,Precious gems deals and steals,24,CARAT RANGE,9700,1.0 ct.
197,22,Precious gems deals and steals,24,CARAT RANGE,9764,2.0 - 10.0 ct.
197,22,Precious gems deals and steals,24,CARAT RANGE,9759,2.0 - 15.0 ct.
197,22,Precious gems deals and steals,24,CARAT RANGE,9757,3.0 - 15.0 ct.
197,22,Precious gems deals and steals,24,CARAT RANGE,9763,5.0 - 10.0 ct.
197,22,Precious gems deals and steals,24,CARAT RANGE,9760,5.0 - 20.0 ct.
197,22,Precious gems deals and steals,25,SIZE RANGE,8915,5.0 - 6.0 mm
197,22,Precious gems deals and steals,25,SIZE RANGE,9688,5x4 - 6x4 - 7x5 mm
197,22,Precious gems deals and steals,25,SIZE RANGE,9782,5x4 - 6x4 mm
197,22,Precious gems deals and steals,25,SIZE RANGE,9779,6 - 7 mm
197,22,Precious gems deals and steals,25,SIZE RANGE,9727,6 - 9 mm
197,22,Precious gems deals and steals,25,SIZE RANGE,9701,6 mm
197,22,Precious gems deals and steals,25,SIZE RANGE,9778,6x3 - 8x4 mm
197,22,Precious gems deals and steals,25,SIZE RANGE,9686,6x4 - 7x5 mm
197,22,Precious gems deals and steals,25,SIZE RANGE,9766,6x4 mm
197,22,Precious gems deals and steals,25,SIZE RANGE,9783,6x5 - 7x5 mm
197,22,Precious gems deals and steals,25,SIZE RANGE,9780,7x5 - 6 mm (rd)
197,22,Precious gems deals and steals,25,SIZE RANGE,9690,7x5 - 8x4 - 10x5 mm
197,22,Precious gems deals and steals,25,SIZE RANGE,9689,7x5 - 8x6 - 9x6 mm
197,22,Precious gems deals and steals,25,SIZE RANGE,9691,7x5 - 8x6 - 9x7 mm
197,22,Precious gems deals and steals,30,AVAILABLE AS,8875,Precious Lot
197,22,Precious gems deals and steals,30,AVAILABLE AS,8876,Semi-Precious Lot
198,23,Semi Precious Deals And Steals,1,TREATMENT,1,Heat Treated
198,23,Semi Precious Deals And Steals,1,TREATMENT,7,Heated
198,23,Semi Precious Deals And Steals,1,TREATMENT,10,N/A
198,23,Semi Precious Deals And Steals,1,TREATMENT,6,Natural
198,23,Semi Precious Deals And Steals,1,TREATMENT,3,None
198,23,Semi Precious Deals And Steals,1,TREATMENT,17,Synthetic
198,23,Semi Precious Deals And Steals,1,TREATMENT,11,Treated
198,23,Semi Precious Deals And Steals,2,ORIGIN,54,Afghanistan
198,23,Semi Precious Deals And Steals,2,ORIGIN,21,Africa
198,23,Semi Precious Deals And Steals,2,ORIGIN,8726,Africa
198,23,Semi Precious Deals And Steals,2,ORIGIN,42,Arizona
198,23,Semi Precious Deals And Steals,2,ORIGIN,26,Arizona (USA)
198,23,Semi Precious Deals And Steals,2,ORIGIN,41,Brasil/India
198,23,Semi Precious Deals And Steals,2,ORIGIN,43,Brazil
198,23,Semi Precious Deals And Steals,2,ORIGIN,57,Canada
198,23,Semi Precious Deals And Steals,2,ORIGIN,31,Ceylon
198,23,Semi Precious Deals And Steals,2,ORIGIN,46,China
198,23,Semi Precious Deals And Steals,2,ORIGIN,8725,India
198,23,Semi Precious Deals And Steals,2,ORIGIN,23,India
198,23,Semi Precious Deals And Steals,2,ORIGIN,27,Russia
198,23,Semi Precious Deals And Steals,2,ORIGIN,58,South Africa
198,23,Semi Precious Deals And Steals,2,ORIGIN,20,Sri Lanka
198,23,Semi Precious Deals And Steals,2,ORIGIN,56,USA
198,23,Semi Precious Deals And Steals,3,CUT,61,Cabochon
198,23,Semi Precious Deals And Steals,3,CUT,60,Faceted
198,23,Semi Precious Deals And Steals,3,CUT,100,Mixed
198,23,Semi Precious Deals And Steals,3,CUT,67,N/A
198,23,Semi Precious Deals And Steals,4,CLARITY/GRADE,157,A
198,23,Semi Precious Deals And Steals,4,CLARITY/GRADE,145,AA
198,23,Semi Precious Deals And Steals,4,CLARITY/GRADE,144,AAA
198,23,Semi Precious Deals And Steals,4,CLARITY/GRADE,138,Opaque
198,23,Semi Precious Deals And Steals,4,CLARITY/GRADE,129,SI1
198,23,Semi Precious Deals And Steals,4,CLARITY/GRADE,126,VS
198,23,Semi Precious Deals And Steals,6,WEIGHT,3559,1 ct.
198,23,Semi Precious Deals And Steals,6,WEIGHT,325,1.48 Carats
198,23,Semi Precious Deals And Steals,6,WEIGHT,3597,1.55 ct.
198,23,Semi Precious Deals And Steals,6,WEIGHT,952,1.67 Carats
198,23,Semi Precious Deals And Steals,6,WEIGHT,2995,1.68 carats
198,23,Semi Precious Deals And Steals,6,WEIGHT,3630,1.7 ct.
198,23,Semi Precious Deals And Steals,6,WEIGHT,336,1.81 Carats
198,23,Semi Precious Deals And Steals,6,WEIGHT,789,1.96 Carats
198,23,Semi Precious Deals And Steals,6,WEIGHT,3585,10 ct.
198,23,Semi Precious Deals And Steals,6,WEIGHT,994,10.23 Carats
198,23,Semi Precious Deals And Steals,6,WEIGHT,4964,10.25 ct.
198,23,Semi Precious Deals And Steals,6,WEIGHT,806,10.44 Carats
198,23,Semi Precious Deals And Steals,6,WEIGHT,3605,10.5 ct.
198,23,Semi Precious Deals And Steals,6,WEIGHT,4789,10.75 ct.
198,23,Semi Precious Deals And Steals,6,WEIGHT,337,10.96 Carats
198,23,Semi Precious Deals And Steals,6,WEIGHT,4439,100 ct.
198,23,Semi Precious Deals And Steals,6,WEIGHT,4550,100 ct. (Lot)
198,23,Semi Precious Deals And Steals,6,WEIGHT,2922,1000 ct.
198,23,Semi Precious Deals And Steals,6,WEIGHT,4552,1000 ct. (Lot)
198,23,Semi Precious Deals And Steals,6,WEIGHT,566,101.41 Carats
198,23,Semi Precious Deals And Steals,6,WEIGHT,705,101.75 Carats
198,23,Semi Precious Deals And Steals,6,WEIGHT,653,102.67 Carats
198,23,Semi Precious Deals And Steals,6,WEIGHT,1017,1025.45 Carats
198,23,Semi Precious Deals And Steals,6,WEIGHT,424,103 Carats
198,23,Semi Precious Deals And Steals,6,WEIGHT,1009,103.16 Carats
198,23,Semi Precious Deals And Steals,6,WEIGHT,916,103.6 Carats
198,23,Semi Precious Deals And Steals,6,WEIGHT,832,103.9 Carats
198,23,Semi Precious Deals And Steals,6,WEIGHT,638,104.63 Carats
198,23,Semi Precious Deals And Steals,6,WEIGHT,295,104.74 Carats
198,23,Semi Precious Deals And Steals,6,WEIGHT,704,104.92 Carats
198,23,Semi Precious Deals And Steals,6,WEIGHT,626,1044.44 Carats
198,23,Semi Precious Deals And Steals,6,WEIGHT,875,105.18 Carats
198,23,Semi Precious Deals And Steals,6,WEIGHT,1001,106 Carats
198,23,Semi Precious Deals And Steals,6,WEIGHT,707,106.36 Carats
198,23,Semi Precious Deals And Steals,6,WEIGHT,713,106.45 Carats
198,23,Semi Precious Deals And Steals,6,WEIGHT,1020,1063.04 Carats
198,23,Semi Precious Deals And Steals,6,WEIGHT,483,107.12 Carats
198,23,Semi Precious Deals And Steals,6,WEIGHT,763,107.49 Carats
198,23,Semi Precious Deals And Steals,6,WEIGHT,472,107.58 Carats
198,23,Semi Precious Deals And Steals,6,WEIGHT,4575,107.83 ct.
198,23,Semi Precious Deals And Steals,6,WEIGHT,616,1071.75 Carats
198,23,Semi Precious Deals And Steals,6,WEIGHT,564,108.44 Carats
198,23,Semi Precious Deals And Steals,6,WEIGHT,1048,109.14 Carats
198,23,Semi Precious Deals And Steals,6,WEIGHT,4502,11 ct.
198,23,Semi Precious Deals And Steals,6,WEIGHT,902,11.05 Carats
198,23,Semi Precious Deals And Steals,6,WEIGHT,839,11.17 Carats
198,23,Semi Precious Deals And Steals,6,WEIGHT,292,11.25 Carats
198,23,Semi Precious Deals And Steals,6,WEIGHT,2975,11.4 ct.
198,23,Semi Precious Deals And Steals,6,WEIGHT,4500,11.5 ct.
198,23,Semi Precious Deals And Steals,6,WEIGHT,871,11.76 Carats
198,23,Semi Precious Deals And Steals,6,WEIGHT,756,11.84 Carats
198,23,Semi Precious Deals And Steals,6,WEIGHT,3437,11.9 Carat
198,23,Semi Precious Deals And Steals,6,WEIGHT,1058,110.04 Carats
198,23,Semi Precious Deals And Steals,6,WEIGHT,1084,110.4 Carats
198,23,Semi Precious Deals And Steals,6,WEIGHT,273,111.78 Carats
198,23,Semi Precious Deals And Steals,6,WEIGHT,326,1110 Carats
198,23,Semi Precious Deals And Steals,6,WEIGHT,276,114.52 Carats
198,23,Semi Precious Deals And Steals,6,WEIGHT,1063,114.82 Carats
198,23,Semi Precious Deals And Steals,6,WEIGHT,824,1142.93 Carats
198,23,Semi Precious Deals And Steals,6,WEIGHT,913,116.54 Carats
198,23,Semi Precious Deals And Steals,6,WEIGHT,991,116.57 Carats
198,23,Semi Precious Deals And Steals,6,WEIGHT,4566,116.72 ct.
198,23,Semi Precious Deals And Steals,6,WEIGHT,914,116.78 Carats
198,23,Semi Precious Deals And Steals,6,WEIGHT,898,1168.05 Carats
198,23,Semi Precious Deals And Steals,6,WEIGHT,4577,117.37 ct.
198,23,Semi Precious Deals And Steals,6,WEIGHT,329,117.83 Carats
198,23,Semi Precious Deals And Steals,6,WEIGHT,979,118.15 Carats
198,23,Semi Precious Deals And Steals,6,WEIGHT,1038,118.79 Carats
198,23,Semi Precious Deals And Steals,6,WEIGHT,1091,119 Carats
198,23,Semi Precious Deals And Steals,6,WEIGHT,526,119.19 Carats
198,23,Semi Precious Deals And Steals,6,WEIGHT,912,119.3 Carats
198,23,Semi Precious Deals And Steals,6,WEIGHT,632,119.74 Carats
198,23,Semi Precious Deals And Steals,6,WEIGHT,3552,12 ct.
198,23,Semi Precious Deals And Steals,6,WEIGHT,283,12.1 Carats
198,23,Semi Precious Deals And Steals,6,WEIGHT,727,12.22 Carats
198,23,Semi Precious Deals And Steals,6,WEIGHT,465,12.45 Carats
198,23,Semi Precious Deals And Steals,6,WEIGHT,3616,12.5 ct.
198,23,Semi Precious Deals And Steals,6,WEIGHT,1402,12.6 ct.
198,23,Semi Precious Deals And Steals,6,WEIGHT,968,120.5 Carats
198,23,Semi Precious Deals And Steals,6,WEIGHT,910,120.9 Carats
198,23,Semi Precious Deals And Steals,6,WEIGHT,315,1204.68 Carats
198,23,Semi Precious Deals And Steals,6,WEIGHT,314,1208.81 Carats
198,23,Semi Precious Deals And Steals,6,WEIGHT,1035,121.34 Carats
198,23,Semi Precious Deals And Steals,6,WEIGHT,1092,121.55 Carats
198,23,Semi Precious Deals And Steals,6,WEIGHT,772,123.46 Carats
198,23,Semi Precious Deals And Steals,6,WEIGHT,915,123.91 Carats
198,23,Semi Precious Deals And Steals,6,WEIGHT,629,1238.48 Carats
198,23,Semi Precious Deals And Steals,6,WEIGHT,264,124.09 Carats
198,23,Semi Precious Deals And Steals,6,WEIGHT,488,125.21 Carats
198,23,Semi Precious Deals And Steals,6,WEIGHT,717,127.1 Carats
198,23,Semi Precious Deals And Steals,6,WEIGHT,282,127.3 Carats
198,23,Semi Precious Deals And Steals,6,WEIGHT,879,128.31 Carats
198,23,Semi Precious Deals And Steals,6,WEIGHT,978,128.66 Carats
198,23,Semi Precious Deals And Steals,6,WEIGHT,884,129.01 Carats
198,23,Semi Precious Deals And Steals,6,WEIGHT,823,129.39 Carats
198,23,Semi Precious Deals And Steals,6,WEIGHT,892,13.1 Carats
198,23,Semi Precious Deals And Steals,6,WEIGHT,549,13.35 Carats
198,23,Semi Precious Deals And Steals,6,WEIGHT,557,131.18 Carats
198,23,Semi Precious Deals And Steals,6,WEIGHT,703,131.66 Carats
198,23,Semi Precious Deals And Steals,6,WEIGHT,533,131.85 Carats
198,23,Semi Precious Deals And Steals,6,WEIGHT,537,133.24 Carats
198,23,Semi Precious Deals And Steals,6,WEIGHT,1047,133.45 Carats
198,23,Semi Precious Deals And Steals,6,WEIGHT,4442,134 ct.
198,23,Semi Precious Deals And Steals,6,WEIGHT,1090,134.25 Carats
198,23,Semi Precious Deals And Steals,6,WEIGHT,522,135.78 Carats
198,23,Semi Precious Deals And Steals,6,WEIGHT,850,138.98 Carats
198,23,Semi Precious Deals And Steals,6,WEIGHT,732,139.13 Carats
198,23,Semi Precious Deals And Steals,6,WEIGHT,4596,139.68 ct. (Lot)
198,23,Semi Precious Deals And Steals,6,WEIGHT,764,14 Carats
198,23,Semi Precious Deals And Steals,6,WEIGHT,4509,14 ct.
198,23,Semi Precious Deals And Steals,6,WEIGHT,531,14.02 Carats
198,23,Semi Precious Deals And Steals,6,WEIGHT,3930,14.2 ct.
198,23,Semi Precious Deals And Steals,6,WEIGHT,4259,14.4 ct.
198,23,Semi Precious Deals And Steals,6,WEIGHT,1042,14.55 Carats
198,23,Semi Precious Deals And Steals,6,WEIGHT,805,14.6 Carats
198,23,Semi Precious Deals And Steals,6,WEIGHT,338,14.86 Carats
198,23,Semi Precious Deals And Steals,6,WEIGHT,4347,14.9 ct.
198,23,Semi Precious Deals And Steals,6,WEIGHT,4570,140.32 ct.
198,23,Semi Precious Deals And Steals,6,WEIGHT,544,141.12 Carats
198,23,Semi Precious Deals And Steals,6,WEIGHT,811,141.8 Carats
198,23,Semi Precious Deals And Steals,6,WEIGHT,288,143 Carats
198,23,Semi Precious Deals And Steals,6,WEIGHT,814,143.02 Carats
198,23,Semi Precious Deals And Steals,6,WEIGHT,788,146.1 Carats
198,23,Semi Precious Deals And Steals,6,WEIGHT,792,146.37 Carats
198,23,Semi Precious Deals And Steals,6,WEIGHT,669,146.66 Carats
198,23,Semi Precious Deals And Steals,6,WEIGHT,1059,147.6 Carats
198,23,Semi Precious Deals And Steals,6,WEIGHT,4599,149.21 ct. (Lot)
198,23,Semi Precious Deals And Steals,6,WEIGHT,3929,15 ct.
198,23,Semi Precious Deals And Steals,6,WEIGHT,869,15.04 Carats
198,23,Semi Precious Deals And Steals,6,WEIGHT,535,15.5 Carats
198,23,Semi Precious Deals And Steals,6,WEIGHT,1268,15.6 ct.
198,23,Semi Precious Deals And Steals,6,WEIGHT,4931,150 ct.
198,23,Semi Precious Deals And Steals,6,WEIGHT,876,150.15 Carats
198,23,Semi Precious Deals And Steals,6,WEIGHT,838,150.41 Carats
198,23,Semi Precious Deals And Steals,6,WEIGHT,284,152.98 Carats
198,23,Semi Precious Deals And Steals,6,WEIGHT,4578,154.68 ct.
198,23,Semi Precious Deals And Steals,6,WEIGHT,1095,155.82 Carats
198,23,Semi Precious Deals And Steals,6,WEIGHT,849,157.08 Carats
198,23,Semi Precious Deals And Steals,6,WEIGHT,335,157.73 Carats
198,23,Semi Precious Deals And Steals,6,WEIGHT,675,157.87 Carats
198,23,Semi Precious Deals And Steals,6,WEIGHT,609,158.09 Carats
198,23,Semi Precious Deals And Steals,6,WEIGHT,623,158.96 Carats
198,23,Semi Precious Deals And Steals,6,WEIGHT,794,159 Carats
198,23,Semi Precious Deals And Steals,6,WEIGHT,654,159.9 Carats
198,23,Semi Precious Deals And Steals,6,WEIGHT,3553,16 ct.
198,23,Semi Precious Deals And Steals,6,WEIGHT,970,16.08 Carats
198,23,Semi Precious Deals And Steals,6,WEIGHT,766,16.12 Carats
198,23,Semi Precious Deals And Steals,6,WEIGHT,720,16.24 Carats
198,23,Semi Precious Deals And Steals,6,WEIGHT,1000,16.32 Carats
198,23,Semi Precious Deals And Steals,6,WEIGHT,610,16.36 Carats
198,23,Semi Precious Deals And Steals,6,WEIGHT,1086,16.37 Carats
198,23,Semi Precious Deals And Steals,6,WEIGHT,664,16.97 Carats
198,23,Semi Precious Deals And Steals,6,WEIGHT,9396,160 ct.
198,23,Semi Precious Deals And Steals,6,WEIGHT,639,160.9 Carats
198,23,Semi Precious Deals And Steals,6,WEIGHT,1065,161.03 Carats
198,23,Semi Precious Deals And Steals,6,WEIGHT,993,161.17 Carats
198,23,Semi Precious Deals And Steals,6,WEIGHT,287,161.82 Carats
198,23,Semi Precious Deals And Steals,6,WEIGHT,643,162.33 Carats
198,23,Semi Precious Deals And Steals,6,WEIGHT,716,162.63 Carats
198,23,Semi Precious Deals And Steals,6,WEIGHT,786,163.11 Carats
198,23,Semi Precious Deals And Steals,6,WEIGHT,4571,163.18 ct.
198,23,Semi Precious Deals And Steals,6,WEIGHT,1037,163.92 Carats
198,23,Semi Precious Deals And Steals,6,WEIGHT,278,164.36 Carats
198,23,Semi Precious Deals And Steals,6,WEIGHT,4591,164.8 ct.
198,23,Semi Precious Deals And Steals,6,WEIGHT,899,165.61 Carats
198,23,Semi Precious Deals And Steals,6,WEIGHT,987,167.97 Carats
198,23,Semi Precious Deals And Steals,6,WEIGHT,820,169.7 Carats
198,23,Semi Precious Deals And Steals,6,WEIGHT,821,169.73 Carats
198,23,Semi Precious Deals And Steals,6,WEIGHT,4504,17 ct.
198,23,Semi Precious Deals And Steals,6,WEIGHT,773,17.11 Carats
198,23,Semi Precious Deals And Steals,6,WEIGHT,765,17.48 Carats
198,23,Semi Precious Deals And Steals,6,WEIGHT,484,171.6 Carats
198,23,Semi Precious Deals And Steals,6,WEIGHT,1039,172 Carats
198,23,Semi Precious Deals And Steals,6,WEIGHT,996,172.79 Carats
198,23,Semi Precious Deals And Steals,6,WEIGHT,475,173.04 Carats
198,23,Semi Precious Deals And Steals,6,WEIGHT,976,174.88 Carats
198,23,Semi Precious Deals And Steals,6,WEIGHT,656,175.16 Carats
198,23,Semi Precious Deals And Steals,6,WEIGHT,668,177.2 Carats
198,23,Semi Precious Deals And Steals,6,WEIGHT,4926,178 ct.
198,23,Semi Precious Deals And Steals,6,WEIGHT,562,179.07 Carats
198,23,Semi Precious Deals And Steals,6,WEIGHT,4507,18 ct.
198,23,Semi Precious Deals And Steals,6,WEIGHT,799,18.4 Carats
198,23,Semi Precious Deals And Steals,6,WEIGHT,662,18.48 Carats
198,23,Semi Precious Deals And Steals,6,WEIGHT,4605,18.5 ct.
198,23,Semi Precious Deals And Steals,6,WEIGHT,873,18.64 Carats
198,23,Semi Precious Deals And Steals,6,WEIGHT,1044,18.87 Carats
198,23,Semi Precious Deals And Steals,6,WEIGHT,2752,180 ct.
198,23,Semi Precious Deals And Steals,6,WEIGHT,1060,181.62 Carats
198,23,Semi Precious Deals And Steals,6,WEIGHT,893,181.92 Carats
198,23,Semi Precious Deals And Steals,6,WEIGHT,975,182.6 Carats
198,23,Semi Precious Deals And Steals,6,WEIGHT,874,182.62 Carats
198,23,Semi Precious Deals And Steals,6,WEIGHT,770,182.76 Carats
198,23,Semi Precious Deals And Steals,6,WEIGHT,852,183.42 Carats
198,23,Semi Precious Deals And Steals,6,WEIGHT,1018,183.95 Carats
198,23,Semi Precious Deals And Steals,6,WEIGHT,967,184.65 Carats
198,23,Semi Precious Deals And Steals,6,WEIGHT,972,186.25 Carats
198,23,Semi Precious Deals And Steals,6,WEIGHT,1014,186.38 Carats
198,23,Semi Precious Deals And Steals,6,WEIGHT,802,186.64 Carats
198,23,Semi Precious Deals And Steals,6,WEIGHT,917,187.79 Carats
198,23,Semi Precious Deals And Steals,6,WEIGHT,860,19.05 Carats
198,23,Semi Precious Deals And Steals,6,WEIGHT,985,19.3 Carats
198,23,Semi Precious Deals And Steals,6,WEIGHT,4943,19.4 ct.
198,23,Semi Precious Deals And Steals,6,WEIGHT,1080,19.54 Carats
198,23,Semi Precious Deals And Steals,6,WEIGHT,307,19.73 Carats
198,23,Semi Precious Deals And Steals,6,WEIGHT,859,19.95 Carats
198,23,Semi Precious Deals And Steals,6,WEIGHT,1096,190.09 Carats
198,23,Semi Precious Deals And Steals,6,WEIGHT,1062,191.38 Carats
198,23,Semi Precious Deals And Steals,6,WEIGHT,1055,192.07 Carats
198,23,Semi Precious Deals And Steals,6,WEIGHT,4573,192.2 ct.
198,23,Semi Precious Deals And Steals,6,WEIGHT,1089,192.58 Carats
198,23,Semi Precious Deals And Steals,6,WEIGHT,965,192.8 Carats
198,23,Semi Precious Deals And Steals,6,WEIGHT,895,192.83 Carats
198,23,Semi Precious Deals And Steals,6,WEIGHT,977,194.29 Carats
198,23,Semi Precious Deals And Steals,6,WEIGHT,734,194.54 Carats
198,23,Semi Precious Deals And Steals,6,WEIGHT,481,195 Carats
198,23,Semi Precious Deals And Steals,6,WEIGHT,988,195.8 Carats
198,23,Semi Precious Deals And Steals,6,WEIGHT,4589,196.33 ct.
198,23,Semi Precious Deals And Steals,6,WEIGHT,268,196.46 Carats
198,23,Semi Precious Deals And Steals,6,WEIGHT,666,197.18 Carats
198,23,Semi Precious Deals And Steals,6,WEIGHT,298,197.7 Carats
198,23,Semi Precious Deals And Steals,6,WEIGHT,374,199 Carats
198,23,Semi Precious Deals And Steals,6,WEIGHT,922,199.41 Carats
198,23,Semi Precious Deals And Steals,6,WEIGHT,3581,2.5 ct.
198,23,Semi Precious Deals And Steals,6,WEIGHT,330,2.62 Carats
198,23,Semi Precious Deals And Steals,6,WEIGHT,3554,20 ct.
198,23,Semi Precious Deals And Steals,6,WEIGHT,804,20.93 Carats
198,23,Semi Precious Deals And Steals,6,WEIGHT,4003,200 ct.
198,23,Semi Precious Deals And Steals,6,WEIGHT,303,200.51 Carats
198,23,Semi Precious Deals And Steals,6,WEIGHT,962,200.64 Carats
198,23,Semi Precious Deals And Steals,6,WEIGHT,4484,2000 ct.
198,23,Semi Precious Deals And Steals,6,WEIGHT,888,203 Carats
198,23,Semi Precious Deals And Steals,6,WEIGHT,1094,204.5 Carats
198,23,Semi Precious Deals And Steals,6,WEIGHT,4580,205.43 ct.
198,23,Semi Precious Deals And Steals,6,WEIGHT,990,207.75 Carats
198,23,Semi Precious Deals And Steals,6,WEIGHT,4594,208.04 ct.
198,23,Semi Precious Deals And Steals,6,WEIGHT,995,208.12 Carats
198,23,Semi Precious Deals And Steals,6,WEIGHT,1097,208.25 Carats
198,23,Semi Precious Deals And Steals,6,WEIGHT,4519,21 ct.
198,23,Semi Precious Deals And Steals,6,WEIGHT,574,21.3 Carats
198,23,Semi Precious Deals And Steals,6,WEIGHT,321,21.42 Carats
198,23,Semi Precious Deals And Steals,6,WEIGHT,784,21.83 Carats
198,23,Semi Precious Deals And Steals,6,WEIGHT,319,211.3 Carats
198,23,Semi Precious Deals And Steals,6,WEIGHT,521,212.68 Carats
198,23,Semi Precious Deals And Steals,6,WEIGHT,731,213.28 Carats
198,23,Semi Precious Deals And Steals,6,WEIGHT,729,215.39 Carats
198,23,Semi Precious Deals And Steals,6,WEIGHT,787,216.84 Carats
198,23,Semi Precious Deals And Steals,6,WEIGHT,730,216.97 Carats
198,23,Semi Precious Deals And Steals,6,WEIGHT,881,217.09 Carats
198,23,Semi Precious Deals And Steals,6,WEIGHT,4588,218.23 ct.
198,23,Semi Precious Deals And Steals,6,WEIGHT,3606,22 ct.
198,23,Semi Precious Deals And Steals,6,WEIGHT,808,22.04 Carats
198,23,Semi Precious Deals And Steals,6,WEIGHT,676,22.06 Carats
198,23,Semi Precious Deals And Steals,6,WEIGHT,865,22.27 Carats
198,23,Semi Precious Deals And Steals,6,WEIGHT,855,22.4 Carats
198,23,Semi Precious Deals And Steals,6,WEIGHT,4839,22.5 ct.
198,23,Semi Precious Deals And Steals,6,WEIGHT,4568,221.69 ct.
198,23,Semi Precious Deals And Steals,6,WEIGHT,711,223.23 Carats
198,23,Semi Precious Deals And Steals,6,WEIGHT,4593,223.68 ct.
198,23,Semi Precious Deals And Steals,6,WEIGHT,890,224 Carats
198,23,Semi Precious Deals And Steals,6,WEIGHT,490,224.05 Carats
198,23,Semi Precious Deals And Steals,6,WEIGHT,312,224.46 Carats
198,23,Semi Precious Deals And Steals,6,WEIGHT,267,224.83 Carats
198,23,Semi Precious Deals And Steals,6,WEIGHT,4595,225.84 ct.
198,23,Semi Precious Deals And Steals,6,WEIGHT,4581,227 ct.
198,23,Semi Precious Deals And Steals,6,WEIGHT,889,227.01 Carats
198,23,Semi Precious Deals And Steals,6,WEIGHT,615,227.44 Carats
198,23,Semi Precious Deals And Steals,6,WEIGHT,851,228.14 Carats
198,23,Semi Precious Deals And Steals,6,WEIGHT,989,228.36 Carats
198,23,Semi Precious Deals And Steals,6,WEIGHT,1106,229.09 Carats
198,23,Semi Precious Deals And Steals,6,WEIGHT,842,23.95 Carats
198,23,Semi Precious Deals And Steals,6,WEIGHT,546,230.22 Carats
198,23,Semi Precious Deals And Steals,6,WEIGHT,4501,24 ct.
198,23,Semi Precious Deals And Steals,6,WEIGHT,332,24.07 Carats
198,23,Semi Precious Deals And Steals,6,WEIGHT,279,24.08 Carats
198,23,Semi Precious Deals And Steals,6,WEIGHT,790,24.36 Carats
198,23,Semi Precious Deals And Steals,6,WEIGHT,308,24.4 Carats
198,23,Semi Precious Deals And Steals,6,WEIGHT,4558,24.57 ct.
198,23,Semi Precious Deals And Steals,6,WEIGHT,665,24.88 Carats
198,23,Semi Precious Deals And Steals,6,WEIGHT,4559,24.88 ct.
198,23,Semi Precious Deals And Steals,6,WEIGHT,3962,240 ct.
198,23,Semi Precious Deals And Steals,6,WEIGHT,1088,240.58 Carats
198,23,Semi Precious Deals And Steals,6,WEIGHT,624,240.83 Carats
198,23,Semi Precious Deals And Steals,6,WEIGHT,4574,241.53 ct.
198,23,Semi Precious Deals And Steals,6,WEIGHT,641,243.03 Carats
198,23,Semi Precious Deals And Steals,6,WEIGHT,1098,244.9 Carats
198,23,Semi Precious Deals And Steals,6,WEIGHT,286,246.33 Carats
198,23,Semi Precious Deals And Steals,6,WEIGHT,471,247.82 Carats
198,23,Semi Precious Deals And Steals,6,WEIGHT,903,248 Carats
198,23,Semi Precious Deals And Steals,6,WEIGHT,333,249.67 Carats
198,23,Semi Precious Deals And Steals,6,WEIGHT,4454,25 ct.
198,23,Semi Precious Deals And Steals,6,WEIGHT,558,25.11 Carats
198,23,Semi Precious Deals And Steals,6,WEIGHT,1005,25.25 Carats
198,23,Semi Precious Deals And Steals,6,WEIGHT,1002,25.55 Carats
198,23,Semi Precious Deals And Steals,6,WEIGHT,486,25.57 Carats
198,23,Semi Precious Deals And Steals,6,WEIGHT,3036,250 ct.
198,23,Semi Precious Deals And Steals,6,WEIGHT,667,250.5 Carats
198,23,Semi Precious Deals And Steals,6,WEIGHT,735,251.8 Carats
198,23,Semi Precious Deals And Steals,6,WEIGHT,4601,253.1 ct.
198,23,Semi Precious Deals And Steals,6,WEIGHT,1104,256.33 Carats
198,23,Semi Precious Deals And Steals,6,WEIGHT,901,2567.55 Carats
198,23,Semi Precious Deals And Steals,6,WEIGHT,628,257.13 Carats
198,23,Semi Precious Deals And Steals,6,WEIGHT,532,259.06 Carats
198,23,Semi Precious Deals And Steals,6,WEIGHT,882,259.7 Carats
198,23,Semi Precious Deals And Steals,6,WEIGHT,861,26.02 Carats
198,23,Semi Precious Deals And Steals,6,WEIGHT,826,26.1 Carats
198,23,Semi Precious Deals And Steals,6,WEIGHT,4590,26.48 ct.
198,23,Semi Precious Deals And Steals,6,WEIGHT,1102,26.6 Carats
198,23,Semi Precious Deals And Steals,6,WEIGHT,791,26.73 Carats
198,23,Semi Precious Deals And Steals,6,WEIGHT,470,26.9 Carats
198,23,Semi Precious Deals And Steals,6,WEIGHT,9399,260 ct.
198,23,Semi Precious Deals And Steals,6,WEIGHT,334,261.23 Carats
198,23,Semi Precious Deals And Steals,6,WEIGHT,883,262.1 Carats
198,23,Semi Precious Deals And Steals,6,WEIGHT,4603,262.75 ct.
198,23,Semi Precious Deals And Steals,6,WEIGHT,775,262.77 Carats
198,23,Semi Precious Deals And Steals,6,WEIGHT,1007,265.6 Carats
198,23,Semi Precious Deals And Steals,6,WEIGHT,4592,266.35 ct.
198,23,Semi Precious Deals And Steals,6,WEIGHT,375,267 Carats
198,23,Semi Precious Deals And Steals,6,WEIGHT,733,269.26 Carats
198,23,Semi Precious Deals And Steals,6,WEIGHT,767,27.2 Carats
198,23,Semi Precious Deals And Steals,6,WEIGHT,816,27.41 Carats
198,23,Semi Precious Deals And Steals,6,WEIGHT,969,27.87 Carats
198,23,Semi Precious Deals And Steals,6,WEIGHT,476,271.97 Carats
198,23,Semi Precious Deals And Steals,6,WEIGHT,489,273.83 Carats
198,23,Semi Precious Deals And Steals,6,WEIGHT,651,276.41 Carats
198,23,Semi Precious Deals And Steals,6,WEIGHT,4602,276.65 ct.
198,23,Semi Precious Deals And Steals,6,WEIGHT,900,277 Carats
198,23,Semi Precious Deals And Steals,6,WEIGHT,904,277.5 Carats
198,23,Semi Precious Deals And Steals,6,WEIGHT,637,278.45 Carats
198,23,Semi Precious Deals And Steals,6,WEIGHT,281,28.12 Carats
198,23,Semi Precious Deals And Steals,6,WEIGHT,793,28.18 Carats
198,23,Semi Precious Deals And Steals,6,WEIGHT,798,28.4 Carats
198,23,Semi Precious Deals And Steals,6,WEIGHT,612,28.85 Carats
198,23,Semi Precious Deals And Steals,6,WEIGHT,571,28.9 Carats
198,23,Semi Precious Deals And Steals,6,WEIGHT,302,280.92 Carats
198,23,Semi Precious Deals And Steals,6,WEIGHT,426,282 Carats
198,23,Semi Precious Deals And Steals,6,WEIGHT,1010,283.17 Carats
198,23,Semi Precious Deals And Steals,6,WEIGHT,864,284.05 Carats
198,23,Semi Precious Deals And Steals,6,WEIGHT,886,286 Carats
198,23,Semi Precious Deals And Steals,6,WEIGHT,634,288 Carats
198,23,Semi Precious Deals And Steals,6,WEIGHT,817,29.8 Carats
198,23,Semi Precious Deals And Steals,6,WEIGHT,797,29.82 Carats
198,23,Semi Precious Deals And Steals,6,WEIGHT,966,290.46 Carats
198,23,Semi Precious Deals And Steals,6,WEIGHT,983,294.62 Carats
198,23,Semi Precious Deals And Steals,6,WEIGHT,829,295.2 Carats
198,23,Semi Precious Deals And Steals,6,WEIGHT,271,295.97 Carats
198,23,Semi Precious Deals And Steals,6,WEIGHT,1101,298.02 Carats
198,23,Semi Precious Deals And Steals,6,WEIGHT,296,298.2 Carats
198,23,Semi Precious Deals And Steals,6,WEIGHT,477,299.11 Carats
198,23,Semi Precious Deals And Steals,6,WEIGHT,809,3.59 Carats
198,23,Semi Precious Deals And Steals,6,WEIGHT,320,3.66 Carats
198,23,Semi Precious Deals And Steals,6,WEIGHT,4514,3.8 ct.
198,23,Semi Precious Deals And Steals,6,WEIGHT,4383,30 ct.
198,23,Semi Precious Deals And Steals,6,WEIGHT,1021,30.21 Carats
198,23,Semi Precious Deals And Steals,6,WEIGHT,958,30.5 Carats
198,23,Semi Precious Deals And Steals,6,WEIGHT,563,30.66 Carats
198,23,Semi Precious Deals And Steals,6,WEIGHT,4540,300 ct.
198,23,Semi Precious Deals And Steals,6,WEIGHT,2798,300 ct.
198,23,Semi Precious Deals And Steals,6,WEIGHT,491,304.83 Carats
198,23,Semi Precious Deals And Steals,6,WEIGHT,833,305.3 Carats
198,23,Semi Precious Deals And Steals,6,WEIGHT,964,306.87 Carats
198,23,Semi Precious Deals And Steals,6,WEIGHT,324,31.52 Carats
198,23,Semi Precious Deals And Steals,6,WEIGHT,310,31.8 Carats
198,23,Semi Precious Deals And Steals,6,WEIGHT,293,31.87 Carats
198,23,Semi Precious Deals And Steals,6,WEIGHT,857,31.9 Carats
198,23,Semi Precious Deals And Steals,6,WEIGHT,1004,311.15 Carats
198,23,Semi Precious Deals And Steals,6,WEIGHT,492,311.48 Carats
198,23,Semi Precious Deals And Steals,6,WEIGHT,973,319.64 Carats
198,23,Semi Precious Deals And Steals,6,WEIGHT,868,32.1 Carats
198,23,Semi Precious Deals And Steals,6,WEIGHT,270,32.32 Carats
198,23,Semi Precious Deals And Steals,6,WEIGHT,645,32.58 Carats
198,23,Semi Precious Deals And Steals,6,WEIGHT,4579,320.53 ct.
198,23,Semi Precious Deals And Steals,6,WEIGHT,1100,322.27 Carats
198,23,Semi Precious Deals And Steals,6,WEIGHT,905,324.2 Carats
198,23,Semi Precious Deals And Steals,6,WEIGHT,536,324.38 Carats
198,23,Semi Precious Deals And Steals,6,WEIGHT,961,324.73 Carats
198,23,Semi Precious Deals And Steals,6,WEIGHT,9475,325 ct.
198,23,Semi Precious Deals And Steals,6,WEIGHT,650,327.1 Carats
198,23,Semi Precious Deals And Steals,6,WEIGHT,657,327.78 Carats
198,23,Semi Precious Deals And Steals,6,WEIGHT,636,329.42 Carats
198,23,Semi Precious Deals And Steals,6,WEIGHT,854,33.2 Carats
198,23,Semi Precious Deals And Steals,6,WEIGHT,848,33.34 Carats
198,23,Semi Precious Deals And Steals,6,WEIGHT,4565,33.71 ct.
198,23,Semi Precious Deals And Steals,6,WEIGHT,619,33.85 Carats
198,23,Semi Precious Deals And Steals,6,WEIGHT,4586,33.85 ct.
198,23,Semi Precious Deals And Steals,6,WEIGHT,644,330.68 Carats
198,23,Semi Precious Deals And Steals,6,WEIGHT,670,331.2 Carats
198,23,Semi Precious Deals And Steals,6,WEIGHT,906,332.1 Carats
198,23,Semi Precious Deals And Steals,6,WEIGHT,768,336.5 Carats
198,23,Semi Precious Deals And Steals,6,WEIGHT,317,337.22 Carats
198,23,Semi Precious Deals And Steals,6,WEIGHT,613,337.5 Carats
198,23,Semi Precious Deals And Steals,6,WEIGHT,495,338.77 Carats
198,23,Semi Precious Deals And Steals,6,WEIGHT,1103,34.4 Carats
198,23,Semi Precious Deals And Steals,6,WEIGHT,1034,34.46 Carats
198,23,Semi Precious Deals And Steals,6,WEIGHT,627,341.93 Carats
198,23,Semi Precious Deals And Steals,6,WEIGHT,635,343 Carats
198,23,Semi Precious Deals And Steals,6,WEIGHT,911,343.19 Carats
198,23,Semi Precious Deals And Steals,6,WEIGHT,819,348.99 Carats
198,23,Semi Precious Deals And Steals,6,WEIGHT,877,35.1 Carats
198,23,Semi Precious Deals And Steals,6,WEIGHT,547,35.65 Carats
198,23,Semi Precious Deals And Steals,6,WEIGHT,998,35.88 Carats
198,23,Semi Precious Deals And Steals,6,WEIGHT,810,351.87 Carats
198,23,Semi Precious Deals And Steals,6,WEIGHT,1031,353.2 Carats
198,23,Semi Precious Deals And Steals,6,WEIGHT,981,353.62 Carats
198,23,Semi Precious Deals And Steals,6,WEIGHT,708,36.22 Carats
198,23,Semi Precious Deals And Steals,6,WEIGHT,957,36.48 Carats
198,23,Semi Precious Deals And Steals,6,WEIGHT,523,36.85 Carats
198,23,Semi Precious Deals And Steals,6,WEIGHT,1051,36.88 Carats
198,23,Semi Precious Deals And Steals,6,WEIGHT,4653,360 ct.
198,23,Semi Precious Deals And Steals,6,WEIGHT,974,360.1 Carats
198,23,Semi Precious Deals And Steals,6,WEIGHT,1032,368.37 Carats
198,23,Semi Precious Deals And Steals,6,WEIGHT,1105,37.13 Carats
198,23,Semi Precious Deals And Steals,6,WEIGHT,4555,37.54 ct.
198,23,Semi Precious Deals And Steals,6,WEIGHT,1003,37.68 Carats
198,23,Semi Precious Deals And Steals,6,WEIGHT,468,370 Carats
198,23,Semi Precious Deals And Steals,6,WEIGHT,801,372.5 Carats
198,23,Semi Precious Deals And Steals,6,WEIGHT,642,379.79 Carats
198,23,Semi Precious Deals And Steals,6,WEIGHT,4560,38.97 ct.
198,23,Semi Precious Deals And Steals,6,WEIGHT,1036,380.19 Carats
198,23,Semi Precious Deals And Steals,6,WEIGHT,1012,380.3 Carats
198,23,Semi Precious Deals And Steals,6,WEIGHT,614,383.5 Carats
198,23,Semi Precious Deals And Steals,6,WEIGHT,673,383.77 Carats
198,23,Semi Precious Deals And Steals,6,WEIGHT,4572,39 ct.
198,23,Semi Precious Deals And Steals,6,WEIGHT,530,39.6 Carats
198,23,Semi Precious Deals And Steals,6,WEIGHT,761,394.65 Carats
198,23,Semi Precious Deals And Steals,6,WEIGHT,493,395.67 Carats
198,23,Semi Precious Deals And Steals,6,WEIGHT,960,398.96 Carats
198,23,Semi Precious Deals And Steals,6,WEIGHT,451,399 Carats
198,23,Semi Precious Deals And Steals,6,WEIGHT,660,399.18 Carats
198,23,Semi Precious Deals And Steals,6,WEIGHT,3549,4 ct.
198,23,Semi Precious Deals And Steals,6,WEIGHT,663,4.07 Carats
198,23,Semi Precious Deals And Steals,6,WEIGHT,3528,4.5 ct.
198,23,Semi Precious Deals And Steals,6,WEIGHT,368,4.65 Carats
198,23,Semi Precious Deals And Steals,6,WEIGHT,306,4.8 ct.
198,23,Semi Precious Deals And Steals,6,WEIGHT,894,4.85 Carats
198,23,Semi Precious Deals And Steals,6,WEIGHT,4562,40.15 ct.
198,23,Semi Precious Deals And Steals,6,WEIGHT,4583,40.35 ct.
198,23,Semi Precious Deals And Steals,6,WEIGHT,843,40.43 Carats
198,23,Semi Precious Deals And Steals,6,WEIGHT,800,40.68 Carats
198,23,Semi Precious Deals And Steals,6,WEIGHT,2909,400 ct.
198,23,Semi Precious Deals And Steals,6,WEIGHT,907,401.3 Carats
198,23,Semi Precious Deals And Steals,6,WEIGHT,4564,41.19 ct.
198,23,Semi Precious Deals And Steals,6,WEIGHT,548,41.24 Carats
198,23,Semi Precious Deals And Steals,6,WEIGHT,769,41.63 Carats
198,23,Semi Precious Deals And Steals,6,WEIGHT,4557,41.79 ct.
198,23,Semi Precious Deals And Steals,6,WEIGHT,1050,41.8 Carats
198,23,Semi Precious Deals And Steals,6,WEIGHT,796,41.85 Carats
198,23,Semi Precious Deals And Steals,6,WEIGHT,1019,419.82 Carats
198,23,Semi Precious Deals And Steals,6,WEIGHT,863,42.4 Carats
198,23,Semi Precious Deals And Steals,6,WEIGHT,1066,42.85 Carats
198,23,Semi Precious Deals And Steals,6,WEIGHT,339,42.89 Carats
198,23,Semi Precious Deals And Steals,6,WEIGHT,622,426.06 Carats
198,23,Semi Precious Deals And Steals,6,WEIGHT,1022,429.38 Carats
198,23,Semi Precious Deals And Steals,6,WEIGHT,844,43.09 Carats
198,23,Semi Precious Deals And Steals,6,WEIGHT,827,43.16 Carats
198,23,Semi Precious Deals And Steals,6,WEIGHT,1045,432.5 Carats
198,23,Semi Precious Deals And Steals,6,WEIGHT,1041,435.98 Carats
198,23,Semi Precious Deals And Steals,6,WEIGHT,982,44.12 Carats
198,23,Semi Precious Deals And Steals,6,WEIGHT,951,44.15 Carats
198,23,Semi Precious Deals And Steals,6,WEIGHT,722,44.38 Carats
198,23,Semi Precious Deals And Steals,6,WEIGHT,4585,44.63 ct.
198,23,Semi Precious Deals And Steals,6,WEIGHT,561,44.73 Carats
198,23,Semi Precious Deals And Steals,6,WEIGHT,1025,440.6 Carats
198,23,Semi Precious Deals And Steals,6,WEIGHT,1024,443.6 Carats
198,23,Semi Precious Deals And Steals,6,WEIGHT,611,45.4 Carats
198,23,Semi Precious Deals And Steals,6,WEIGHT,1057,45.6 Carats
198,23,Semi Precious Deals And Steals,6,WEIGHT,4655,450 ct.
198,23,Semi Precious Deals And Steals,6,WEIGHT,835,454 Carats
198,23,Semi Precious Deals And Steals,6,WEIGHT,1026,457.1 Carats
198,23,Semi Precious Deals And Steals,6,WEIGHT,1011,459.55 Carats
198,23,Semi Precious Deals And Steals,6,WEIGHT,529,46.1 Carats
198,23,Semi Precious Deals And Steals,6,WEIGHT,474,46.39 Carats
198,23,Semi Precious Deals And Steals,6,WEIGHT,1052,46.69 Carats
198,23,Semi Precious Deals And Steals,6,WEIGHT,1064,47.36 Carats
198,23,Semi Precious Deals And Steals,6,WEIGHT,316,474 Carats
198,23,Semi Precious Deals And Steals,6,WEIGHT,846,48.16 Carats
198,23,Semi Precious Deals And Steals,6,WEIGHT,294,48.23 Carats
198,23,Semi Precious Deals And Steals,6,WEIGHT,828,48.9 Carats
198,23,Semi Precious Deals And Steals,6,WEIGHT,1023,480.6 Carats
198,23,Semi Precious Deals And Steals,6,WEIGHT,648,480.93 Carats
198,23,Semi Precious Deals And Steals,6,WEIGHT,674,495.73 Carats
198,23,Semi Precious Deals And Steals,6,WEIGHT,3590,5 ct.
198,23,Semi Precious Deals And Steals,6,WEIGHT,845,5.28 Carats
198,23,Semi Precious Deals And Steals,6,WEIGHT,3592,5.5 ct.
198,23,Semi Precious Deals And Steals,6,WEIGHT,687,5.63 Carats
198,23,Semi Precious Deals And Steals,6,WEIGHT,520,5.69 Carats
198,23,Semi Precious Deals And Steals,6,WEIGHT,3623,5.8 ct.
198,23,Semi Precious Deals And Steals,6,WEIGHT,4382,50 ct.
198,23,Semi Precious Deals And Steals,6,WEIGHT,712,50.54 Carats
198,23,Semi Precious Deals And Steals,6,WEIGHT,847,50.7 Carats
198,23,Semi Precious Deals And Steals,6,WEIGHT,4479,500 ct.
198,23,Semi Precious Deals And Steals,6,WEIGHT,2789,500 ct.
198,23,Semi Precious Deals And Steals,6,WEIGHT,4551,500 ct. (Lot)
198,23,Semi Precious Deals And Steals,6,WEIGHT,655,503.15 Carats
198,23,Semi Precious Deals And Steals,6,WEIGHT,778,51.07 Carats
198,23,Semi Precious Deals And Steals,6,WEIGHT,313,51.98 Carats
198,23,Semi Precious Deals And Steals,6,WEIGHT,986,515.96 Carats
198,23,Semi Precious Deals And Steals,6,WEIGHT,479,52.05 Carats
198,23,Semi Precious Deals And Steals,6,WEIGHT,866,52.35 Carats
198,23,Semi Precious Deals And Steals,6,WEIGHT,724,52.76 Carats
198,23,Semi Precious Deals And Steals,6,WEIGHT,867,52.78 Carats
198,23,Semi Precious Deals And Steals,6,WEIGHT,318,526.78 Carats
198,23,Semi Precious Deals And Steals,6,WEIGHT,1028,529.3 Carats
198,23,Semi Precious Deals And Steals,6,WEIGHT,896,529.31 Carats
198,23,Semi Precious Deals And Steals,6,WEIGHT,1054,53.97 Carats
198,23,Semi Precious Deals And Steals,6,WEIGHT,1027,530.1 Carats
198,23,Semi Precious Deals And Steals,6,WEIGHT,328,532 ct.
198,23,Semi Precious Deals And Steals,6,WEIGHT,541,532.11 Carats
198,23,Semi Precious Deals And Steals,6,WEIGHT,4584,54.2 ct.
198,23,Semi Precious Deals And Steals,6,WEIGHT,301,540.68 Carats
198,23,Semi Precious Deals And Steals,6,WEIGHT,971,543.52 Carats
198,23,Semi Precious Deals And Steals,6,WEIGHT,539,55.68 Carats
198,23,Semi Precious Deals And Steals,6,WEIGHT,3023,550 ct.
198,23,Semi Precious Deals And Steals,6,WEIGHT,300,550.14 Carats
198,23,Semi Precious Deals And Steals,6,WEIGHT,323,56.16 Carats
198,23,Semi Precious Deals And Steals,6,WEIGHT,524,56.29 Carats
198,23,Semi Precious Deals And Steals,6,WEIGHT,646,56.52 Carats
198,23,Semi Precious Deals And Steals,6,WEIGHT,1085,56.62 Carats
198,23,Semi Precious Deals And Steals,6,WEIGHT,1046,567.55 Carats
198,23,Semi Precious Deals And Steals,6,WEIGHT,297,57.6 Carats
198,23,Semi Precious Deals And Steals,6,WEIGHT,4582,58.26 ct.
198,23,Semi Precious Deals And Steals,6,WEIGHT,340,58.49 Carats
198,23,Semi Precious Deals And Steals,6,WEIGHT,4576,58.6 ct.
198,23,Semi Precious Deals And Steals,6,WEIGHT,1087,58.62 Carats
198,23,Semi Precious Deals And Steals,6,WEIGHT,4587,58.69 ct.
198,23,Semi Precious Deals And Steals,6,WEIGHT,1061,58.8 Carats
198,23,Semi Precious Deals And Steals,6,WEIGHT,672,582.58 Carats
198,23,Semi Precious Deals And Steals,6,WEIGHT,647,585.83 Carats
198,23,Semi Precious Deals And Steals,6,WEIGHT,956,59.18 Carats
198,23,Semi Precious Deals And Steals,6,WEIGHT,538,59.34 Carats
198,23,Semi Precious Deals And Steals,6,WEIGHT,467,59.76 Carats
198,23,Semi Precious Deals And Steals,6,WEIGHT,534,59.78 Carats
198,23,Semi Precious Deals And Steals,6,WEIGHT,840,59.95 Carats
198,23,Semi Precious Deals And Steals,6,WEIGHT,1006,592.37 Carats
198,23,Semi Precious Deals And Steals,6,WEIGHT,3529,6 ct.
198,23,Semi Precious Deals And Steals,6,WEIGHT,560,6.07 Carats
198,23,Semi Precious Deals And Steals,6,WEIGHT,464,6.39 Carats
198,23,Semi Precious Deals And Steals,6,WEIGHT,4334,6.4 ct.
198,23,Semi Precious Deals And Steals,6,WEIGHT,3550,6.5 ct.
198,23,Semi Precious Deals And Steals,6,WEIGHT,3629,6.6 ct.
198,23,Semi Precious Deals And Steals,6,WEIGHT,837,6.72 Carats
198,23,Semi Precious Deals And Steals,6,WEIGHT,3541,6.9 ct.
198,23,Semi Precious Deals And Steals,6,WEIGHT,783,6.96 Carats
198,23,Semi Precious Deals And Steals,6,WEIGHT,999,60.2 Carats
198,23,Semi Precious Deals And Steals,6,WEIGHT,661,60.54 Carats
198,23,Semi Precious Deals And Steals,6,WEIGHT,812,60.62 Carats
198,23,Semi Precious Deals And Steals,6,WEIGHT,528,60.83 Carats
198,23,Semi Precious Deals And Steals,6,WEIGHT,527,60.87 Carats
198,23,Semi Precious Deals And Steals,6,WEIGHT,9469,600 ct.
198,23,Semi Precious Deals And Steals,6,WEIGHT,1040,605 Carats
198,23,Semi Precious Deals And Steals,6,WEIGHT,836,61.06 Carats
198,23,Semi Precious Deals And Steals,6,WEIGHT,309,61.58 Carats
198,23,Semi Precious Deals And Steals,6,WEIGHT,726,61.8 Carats
198,23,Semi Precious Deals And Steals,6,WEIGHT,723,62.1 Carats
198,23,Semi Precious Deals And Steals,6,WEIGHT,311,62.68 Carats
198,23,Semi Precious Deals And Steals,6,WEIGHT,822,62.81 Carats
198,23,Semi Precious Deals And Steals,6,WEIGHT,1033,622.69 Carats
198,23,Semi Precious Deals And Steals,6,WEIGHT,659,622.91 Carats
198,23,Semi Precious Deals And Steals,6,WEIGHT,290,63.25 Carats
198,23,Semi Precious Deals And Steals,6,WEIGHT,485,63.61 Carats
198,23,Semi Precious Deals And Steals,6,WEIGHT,781,63.76 Carats
198,23,Semi Precious Deals And Steals,6,WEIGHT,577,63.81 Carats
198,23,Semi Precious Deals And Steals,6,WEIGHT,795,63.84 Carats
198,23,Semi Precious Deals And Steals,6,WEIGHT,1029,632.23 Carats
198,23,Semi Precious Deals And Steals,6,WEIGHT,715,634.69 Carats
198,23,Semi Precious Deals And Steals,6,WEIGHT,1083,64 Carats
198,23,Semi Precious Deals And Steals,6,WEIGHT,652,64.55 Carats
198,23,Semi Precious Deals And Steals,6,WEIGHT,831,64.99 Carats
198,23,Semi Precious Deals And Steals,6,WEIGHT,920,644.67 Carats
198,23,Semi Precious Deals And Steals,6,WEIGHT,487,645.15 Carats
198,23,Semi Precious Deals And Steals,6,WEIGHT,1071,65.34 Carats
198,23,Semi Precious Deals And Steals,6,WEIGHT,721,65.5 Carats
198,23,Semi Precious Deals And Steals,6,WEIGHT,640,65.56 Carats
198,23,Semi Precious Deals And Steals,6,WEIGHT,771,65.89 Carats
198,23,Semi Precious Deals And Steals,6,WEIGHT,924,66.29 Carats
198,23,Semi Precious Deals And Steals,6,WEIGHT,4553,66.48 ct.
198,23,Semi Precious Deals And Steals,6,WEIGHT,305,67.29 Carats
198,23,Semi Precious Deals And Steals,6,WEIGHT,552,67.6 Carats
198,23,Semi Precious Deals And Steals,6,WEIGHT,1053,68 Carats
198,23,Semi Precious Deals And Steals,6,WEIGHT,825,687.8 Carats
198,23,Semi Precious Deals And Steals,6,WEIGHT,572,69.4 Carats
198,23,Semi Precious Deals And Steals,6,WEIGHT,954,69.46 Carats
198,23,Semi Precious Deals And Steals,6,WEIGHT,4556,69.69 ct.
198,23,Semi Precious Deals And Steals,6,WEIGHT,880,69.76 Carats
198,23,Semi Precious Deals And Steals,6,WEIGHT,299,690.38 Carats
198,23,Semi Precious Deals And Steals,6,WEIGHT,327,694 Carats
198,23,Semi Precious Deals And Steals,6,WEIGHT,4335,7.1 ct.
198,23,Semi Precious Deals And Steals,6,WEIGHT,785,7.15 Carats
198,23,Semi Precious Deals And Steals,6,WEIGHT,525,7.45 Carats
198,23,Semi Precious Deals And Steals,6,WEIGHT,3530,7.5 ct.
198,23,Semi Precious Deals And Steals,6,WEIGHT,3615,7.8 ct.
198,23,Semi Precious Deals And Steals,6,WEIGHT,921,70.11 Carats
198,23,Semi Precious Deals And Steals,6,WEIGHT,322,70.49 Carats
198,23,Semi Precious Deals And Steals,6,WEIGHT,569,70.66 Carats
198,23,Semi Precious Deals And Steals,6,WEIGHT,834,70.8 Carats
198,23,Semi Precious Deals And Steals,6,WEIGHT,780,71.7 Carats
198,23,Semi Precious Deals And Steals,6,WEIGHT,469,719.46 Carats
198,23,Semi Precious Deals And Steals,6,WEIGHT,858,72.4 Carats
198,23,Semi Precious Deals And Steals,6,WEIGHT,478,72.89 Carats
198,23,Semi Precious Deals And Steals,6,WEIGHT,494,727.78 Carats
198,23,Semi Precious Deals And Steals,6,WEIGHT,1043,73.39 Carats
198,23,Semi Precious Deals And Steals,6,WEIGHT,1067,73.98 Carats
198,23,Semi Precious Deals And Steals,6,WEIGHT,649,736.24 Carats
198,23,Semi Precious Deals And Steals,6,WEIGHT,671,738.3 Carats
198,23,Semi Precious Deals And Steals,6,WEIGHT,480,74.04 Carats
198,23,Semi Precious Deals And Steals,6,WEIGHT,4569,74.4 ct.
198,23,Semi Precious Deals And Steals,6,WEIGHT,862,74.65 Carats
198,23,Semi Precious Deals And Steals,6,WEIGHT,872,74.81 Carats
198,23,Semi Precious Deals And Steals,6,WEIGHT,625,740.15 Carats
198,23,Semi Precious Deals And Steals,6,WEIGHT,482,75.46 Carats
198,23,Semi Precious Deals And Steals,6,WEIGHT,992,75.82 Carats
198,23,Semi Precious Deals And Steals,6,WEIGHT,285,755.44 Carats
198,23,Semi Precious Deals And Steals,6,WEIGHT,885,76.04 Carats
198,23,Semi Precious Deals And Steals,6,WEIGHT,1056,76.38 Carats
198,23,Semi Precious Deals And Steals,6,WEIGHT,779,76.51 Carats
198,23,Semi Precious Deals And Steals,6,WEIGHT,807,76.87 Carats
198,23,Semi Precious Deals And Steals,6,WEIGHT,4598,77.35 ct. (Lot)
198,23,Semi Precious Deals And Steals,6,WEIGHT,803,77.47 Carats
198,23,Semi Precious Deals And Steals,6,WEIGHT,575,78.15 Carats
198,23,Semi Precious Deals And Steals,6,WEIGHT,725,78.56 Carats
198,23,Semi Precious Deals And Steals,6,WEIGHT,830,78.9 Carats
198,23,Semi Precious Deals And Steals,6,WEIGHT,519,79.36 Carats
198,23,Semi Precious Deals And Steals,6,WEIGHT,4561,79.37 ct.
198,23,Semi Precious Deals And Steals,6,WEIGHT,265,79.52 Carats
198,23,Semi Precious Deals And Steals,6,WEIGHT,887,79.75 Carats
198,23,Semi Precious Deals And Steals,6,WEIGHT,3593,8 ct.
198,23,Semi Precious Deals And Steals,6,WEIGHT,4963,8.1 ct.
198,23,Semi Precious Deals And Steals,6,WEIGHT,4940,8.2 ct.
198,23,Semi Precious Deals And Steals,6,WEIGHT,3600,8.5 ct.
198,23,Semi Precious Deals And Steals,6,WEIGHT,1082,8.53 Carats
198,23,Semi Precious Deals And Steals,6,WEIGHT,4690,8.6 ct.
198,23,Semi Precious Deals And Steals,6,WEIGHT,620,8.62 Carats
198,23,Semi Precious Deals And Steals,6,WEIGHT,1099,8.66 Carats
198,23,Semi Precious Deals And Steals,6,WEIGHT,331,8.86 Carats
198,23,Semi Precious Deals And Steals,6,WEIGHT,702,80.78 Carats
198,23,Semi Precious Deals And Steals,6,WEIGHT,1049,80.95 Carats
198,23,Semi Precious Deals And Steals,6,WEIGHT,8807,800 ct.
198,23,Semi Precious Deals And Steals,6,WEIGHT,953,81.59 Carats
198,23,Semi Precious Deals And Steals,6,WEIGHT,466,81.92 Carats
198,23,Semi Precious Deals And Steals,6,WEIGHT,4554,82.1 ct.
198,23,Semi Precious Deals And Steals,6,WEIGHT,289,82.75 Carats
198,23,Semi Precious Deals And Steals,6,WEIGHT,1093,83.2 Carats
198,23,Semi Precious Deals And Steals,6,WEIGHT,1081,84.05 Carats
198,23,Semi Precious Deals And Steals,6,WEIGHT,473,84.27 Carats
198,23,Semi Precious Deals And Steals,6,WEIGHT,959,84.48 Carats
198,23,Semi Precious Deals And Steals,6,WEIGHT,782,85.8 Carats
198,23,Semi Precious Deals And Steals,6,WEIGHT,280,85.86 Carats
198,23,Semi Precious Deals And Steals,6,WEIGHT,631,86.15 Carats
198,23,Semi Precious Deals And Steals,6,WEIGHT,908,86.3 Carats
198,23,Semi Precious Deals And Steals,6,WEIGHT,963,86.59 Carats
198,23,Semi Precious Deals And Steals,6,WEIGHT,919,86.74 Carats
198,23,Semi Precious Deals And Steals,6,WEIGHT,1030,86.75 Carats
198,23,Semi Precious Deals And Steals,6,WEIGHT,709,86.85 Carats
198,23,Semi Precious Deals And Steals,6,WEIGHT,776,86.9 Carats
198,23,Semi Precious Deals And Steals,6,WEIGHT,304,87.05 Carats
198,23,Semi Precious Deals And Steals,6,WEIGHT,1015,870.43 Carats
198,23,Semi Precious Deals And Steals,6,WEIGHT,630,872.85 Carats
198,23,Semi Precious Deals And Steals,6,WEIGHT,891,89.07 Carats
198,23,Semi Precious Deals And Steals,6,WEIGHT,1016,892.84 Carats
198,23,Semi Precious Deals And Steals,6,WEIGHT,3531,9 ct.
198,23,Semi Precious Deals And Steals,6,WEIGHT,706,9.57 Carats
198,23,Semi Precious Deals And Steals,6,WEIGHT,4355,9.6 ct.
198,23,Semi Precious Deals And Steals,6,WEIGHT,818,9.88 Carats
198,23,Semi Precious Deals And Steals,6,WEIGHT,658,90 ct.
198,23,Semi Precious Deals And Steals,6,WEIGHT,813,90.32 Carats
198,23,Semi Precious Deals And Steals,6,WEIGHT,774,90.5 Carats
198,23,Semi Precious Deals And Steals,6,WEIGHT,277,90.92 Carats
198,23,Semi Precious Deals And Steals,6,WEIGHT,4953,91 ct.
198,23,Semi Precious Deals And Steals,6,WEIGHT,777,91.34 Carats
198,23,Semi Precious Deals And Steals,6,WEIGHT,4563,91.36 ct.
198,23,Semi Precious Deals And Steals,6,WEIGHT,980,92.18 Carats
198,23,Semi Precious Deals And Steals,6,WEIGHT,897,92.41 Carats
198,23,Semi Precious Deals And Steals,6,WEIGHT,984,92.98 Carats
198,23,Semi Precious Deals And Steals,6,WEIGHT,617,93.29 Carats
198,23,Semi Precious Deals And Steals,6,WEIGHT,710,94.06 Carats
198,23,Semi Precious Deals And Steals,6,WEIGHT,909,94.63 Carats
198,23,Semi Precious Deals And Steals,6,WEIGHT,4567,94.71 ct.
198,23,Semi Precious Deals And Steals,6,WEIGHT,1008,96.24 Carats
198,23,Semi Precious Deals And Steals,6,WEIGHT,714,96.25 Carats
198,23,Semi Precious Deals And Steals,6,WEIGHT,878,96.39 Carats
198,23,Semi Precious Deals And Steals,6,WEIGHT,4600,967.35 ct.
198,23,Semi Precious Deals And Steals,6,WEIGHT,955,97.46 Carats
198,23,Semi Precious Deals And Steals,6,WEIGHT,275,97.47 Carats
198,23,Semi Precious Deals And Steals,6,WEIGHT,856,98.57 Carats
198,23,Semi Precious Deals And Steals,6,WEIGHT,554,98.79 Carats
198,23,Semi Precious Deals And Steals,7,SIZE,9366,0.25 - 1.0 ct.
198,23,Semi Precious Deals And Steals,7,SIZE,7188,0.25 - 1.0 ct.
198,23,Semi Precious Deals And Steals,7,SIZE,6980,0.25 - 1.0 ct.
198,23,Semi Precious Deals And Steals,7,SIZE,7404,0.25 - 1.0 ct.
198,23,Semi Precious Deals And Steals,7,SIZE,8808,0.25 - 5.0 ct.
198,23,Semi Precious Deals And Steals,7,SIZE,6978,0.25-1 Crts  Lot  10 Carats
198,23,Semi Precious Deals And Steals,7,SIZE,6098,0.5-1 Crts   Lot 50 Carats
198,23,Semi Precious Deals And Steals,7,SIZE,9363,0.50 - 1.0 ct.
198,23,Semi Precious Deals And Steals,7,SIZE,9477,0.50 - 10.0 ct.
198,23,Semi Precious Deals And Steals,7,SIZE,6246,0.50 - 10.0 ct.
198,23,Semi Precious Deals And Steals,7,SIZE,6809,0.50 - 2.0 ct.
198,23,Semi Precious Deals And Steals,7,SIZE,9359,0.50 - 2.0 ct.
198,23,Semi Precious Deals And Steals,7,SIZE,6617,0.50 - 3.0 ct.
198,23,Semi Precious Deals And Steals,7,SIZE,9362,0.50 - 3.0 ct.
198,23,Semi Precious Deals And Steals,7,SIZE,9611,0.50 - 3.0 ct.
198,23,Semi Precious Deals And Steals,7,SIZE,8806,0.50 - 5.0 ct.
198,23,Semi Precious Deals And Steals,7,SIZE,9367,0.50 - 5.0 ct.
198,23,Semi Precious Deals And Steals,7,SIZE,6944,1.0 - 10.0 ct.
198,23,Semi Precious Deals And Steals,7,SIZE,9479,1.0 - 20.0 ct.
198,23,Semi Precious Deals And Steals,7,SIZE,9478,1.0 - 3.0 ct.
198,23,Semi Precious Deals And Steals,7,SIZE,6368,1.0 - 5.0 ct.
198,23,Semi Precious Deals And Steals,7,SIZE,6483,1.0 - 5.0 ct.
198,23,Semi Precious Deals And Steals,7,SIZE,6948,1/2-3 Crts.
198,23,Semi Precious Deals And Steals,7,SIZE,5984,10 mm
198,23,Semi Precious Deals And Steals,7,SIZE,5231,10.0X10.0mm
198,23,Semi Precious Deals And Steals,7,SIZE,5011,10.0x8.0 mm.
198,23,Semi Precious Deals And Steals,7,SIZE,6561,10x5 mm
198,23,Semi Precious Deals And Steals,7,SIZE,6556,10x7 mm
198,23,Semi Precious Deals And Steals,7,SIZE,5996,10x8 mm
198,23,Semi Precious Deals And Steals,7,SIZE,6793,10x8 mm (Lot)
198,23,Semi Precious Deals And Steals,7,SIZE,5127,11.0x11.0 mm.
198,23,Semi Precious Deals And Steals,7,SIZE,5010,11.0x9.0 mm.
198,23,Semi Precious Deals And Steals,7,SIZE,5998,11x9 mm
198,23,Semi Precious Deals And Steals,7,SIZE,5230,12.0X10.0mm
198,23,Semi Precious Deals And Steals,7,SIZE,5040,12.0X12.0mm
198,23,Semi Precious Deals And Steals,7,SIZE,5197,12x10 - 14x10 mm.
198,23,Semi Precious Deals And Steals,7,SIZE,5920,12x10 mm
198,23,Semi Precious Deals And Steals,7,SIZE,5924,12x6 mm
198,23,Semi Precious Deals And Steals,7,SIZE,6564,12x8 mm
198,23,Semi Precious Deals And Steals,7,SIZE,5039,13.0X13.0mm
198,23,Semi Precious Deals And Steals,7,SIZE,5008,14.0x10.0 mm.
198,23,Semi Precious Deals And Steals,7,SIZE,5007,14.0x12.0 mm.
198,23,Semi Precious Deals And Steals,7,SIZE,5131,14.0x14.0 mm.
198,23,Semi Precious Deals And Steals,7,SIZE,6550,14x10 mm
198,23,Semi Precious Deals And Steals,7,SIZE,6857,14x7 mm
198,23,Semi Precious Deals And Steals,7,SIZE,5156,15.0x15.0 mm.
198,23,Semi Precious Deals And Steals,7,SIZE,6570,15x7 mm
198,23,Semi Precious Deals And Steals,7,SIZE,5006,16.0x12.0 mm.
198,23,Semi Precious Deals And Steals,7,SIZE,5005,18.0x13.0 mm.
198,23,Semi Precious Deals And Steals,7,SIZE,6360,2 mm
198,23,Semi Precious Deals And Steals,7,SIZE,7405,2-10 Carats (Lot)
198,23,Semi Precious Deals And Steals,7,SIZE,9364,2.0 - 20.0 ct.
198,23,Semi Precious Deals And Steals,7,SIZE,5097,2.0x2.0 mm.
198,23,Semi Precious Deals And Steals,7,SIZE,6363,2.5 mm
198,23,Semi Precious Deals And Steals,7,SIZE,5098,2.5x2.5 mm.
198,23,Semi Precious Deals And Steals,7,SIZE,7329,20 x 15 mm
198,23,Semi Precious Deals And Steals,7,SIZE,5004,20.0x15.0 mm.
198,23,Semi Precious Deals And Steals,7,SIZE,6345,3 mm
198,23,Semi Precious Deals And Steals,7,SIZE,6344,3 mm
198,23,Semi Precious Deals And Steals,7,SIZE,6089,3 mm   Lot 15 Pieces
198,23,Semi Precious Deals And Steals,7,SIZE,6951,3-10 Carats
198,23,Semi Precious Deals And Steals,7,SIZE,6952,3-5 Carats
198,23,Semi Precious Deals And Steals,7,SIZE,5099,3.0x3.0 mm.
198,23,Semi Precious Deals And Steals,7,SIZE,5193,3.25x3.25 mm.
198,23,Semi Precious Deals And Steals,7,SIZE,6362,3.5 mm
198,23,Semi Precious Deals And Steals,7,SIZE,5116,3.5x3.5 mm.
198,23,Semi Precious Deals And Steals,7,SIZE,5015,3x4 mm
198,23,Semi Precious Deals And Steals,7,SIZE,6177,4 mm
198,23,Semi Precious Deals And Steals,7,SIZE,6084,4 mm   Lot 10 Pieces
198,23,Semi Precious Deals And Steals,7,SIZE,5085,4.0x3.0 mm.
198,23,Semi Precious Deals And Steals,7,SIZE,5055,4.0x4.0 mm.
198,23,Semi Precious Deals And Steals,7,SIZE,5016,4.0x5.0 mm.
198,23,Semi Precious Deals And Steals,7,SIZE,6178,4.5 mm
198,23,Semi Precious Deals And Steals,7,SIZE,5023,4.5X4.5 mm
198,23,Semi Precious Deals And Steals,7,SIZE,6566,4x2 mm
198,23,Semi Precious Deals And Steals,7,SIZE,6534,4x3 mm
198,23,Semi Precious Deals And Steals,7,SIZE,9600,4x3 mm
198,23,Semi Precious Deals And Steals,7,SIZE,6076,5 mm
198,23,Semi Precious Deals And Steals,7,SIZE,5785,5 mm
198,23,Semi Precious Deals And Steals,7,SIZE,9605,5.0 - 20.0 ct.
198,23,Semi Precious Deals And Steals,7,SIZE,9351,5.0 - 20.0 ct.
198,23,Semi Precious Deals And Steals,7,SIZE,9365,5.0 - 20.0 ct.
198,23,Semi Precious Deals And Steals,7,SIZE,5018,5.0x3.0 mm.
198,23,Semi Precious Deals And Steals,7,SIZE,5146,5.0x4.0 mm.
198,23,Semi Precious Deals And Steals,7,SIZE,5060,5.0x5.0 mm
198,23,Semi Precious Deals And Steals,7,SIZE,6579,5.5x5.5 mm
198,23,Semi Precious Deals And Steals,7,SIZE,9630,50.0 - 300.0 ct.
198,23,Semi Precious Deals And Steals,7,SIZE,6567,5x2.5 mm
198,23,Semi Precious Deals And Steals,7,SIZE,6535,5x3 mm
198,23,Semi Precious Deals And Steals,7,SIZE,6077,5x3 mm   Lot 15 Pieces
198,23,Semi Precious Deals And Steals,7,SIZE,6536,5x4 mm
198,23,Semi Precious Deals And Steals,7,SIZE,6078,5x4 mm   Lot 10 Pieces
198,23,Semi Precious Deals And Steals,7,SIZE,6949,5x6 mm
198,23,Semi Precious Deals And Steals,7,SIZE,6174,6 mm
198,23,Semi Precious Deals And Steals,7,SIZE,5017,6.0x4.0 mm.
198,23,Semi Precious Deals And Steals,7,SIZE,5061,6.0x6.0 mm
198,23,Semi Precious Deals And Steals,7,SIZE,5246,6.5x6.5 mm.
198,23,Semi Precious Deals And Steals,7,SIZE,6568,6x3 mm
198,23,Semi Precious Deals And Steals,7,SIZE,6094,6x3 mm   Lot 20 Pieces
198,23,Semi Precious Deals And Steals,7,SIZE,6537,6x4 mm
198,23,Semi Precious Deals And Steals,7,SIZE,6091,6x4 mm   Lot 10 Pieces
198,23,Semi Precious Deals And Steals,7,SIZE,6086,6x4 mm   Lot 6 Pieces
198,23,Semi Precious Deals And Steals,7,SIZE,6079,6x4 mm   Lot 8 Pieces
198,23,Semi Precious Deals And Steals,7,SIZE,6176,7 mm
198,23,Semi Precious Deals And Steals,7,SIZE,6654,7 mm Approx. (Lot)
198,23,Semi Precious Deals And Steals,7,SIZE,5014,7.0x5.0 mm.
198,23,Semi Precious Deals And Steals,7,SIZE,5062,7.0x7.0 mm
198,23,Semi Precious Deals And Steals,7,SIZE,6538,7x5 mm
198,23,Semi Precious Deals And Steals,7,SIZE,6080,7x5 mm   Lot  8 Pieces
198,23,Semi Precious Deals And Steals,7,SIZE,6092,7x5 mm   Lot 10 Pieces
198,23,Semi Precious Deals And Steals,7,SIZE,6604,7x6 mm
198,23,Semi Precious Deals And Steals,7,SIZE,6263,8 mm
198,23,Semi Precious Deals And Steals,7,SIZE,5013,8.0x6.0 mm.
198,23,Semi Precious Deals And Steals,7,SIZE,5063,8.0x8.0 mm
198,23,Semi Precious Deals And Steals,7,SIZE,6569,8x4 mm
198,23,Semi Precious Deals And Steals,7,SIZE,6095,8x4 mm   Lot 10 Pieces
198,23,Semi Precious Deals And Steals,7,SIZE,6562,8x5 mm
198,23,Semi Precious Deals And Steals,7,SIZE,6060,8x6 mm
198,23,Semi Precious Deals And Steals,7,SIZE,6282,9 mm
198,23,Semi Precious Deals And Steals,7,SIZE,6067,9.0x7.0 mm
198,23,Semi Precious Deals And Steals,7,SIZE,5064,9.0x9.0 mm
198,23,Semi Precious Deals And Steals,7,SIZE,6563,9x6 mm
198,23,Semi Precious Deals And Steals,7,SIZE,6043,9x7 mm
198,23,Semi Precious Deals And Steals,7,SIZE,6641,9x7 mm Approx. (Lot)
198,23,Semi Precious Deals And Steals,7,SIZE,6950,9x7-10x8 mm
198,23,Semi Precious Deals And Steals,7,SIZE,6954,9x7-12x10 mm
198,23,Semi Precious Deals And Steals,7,SIZE,6953,9x7-14x10 mm
198,23,Semi Precious Deals And Steals,7,SIZE,5914,N/A
198,23,Semi Precious Deals And Steals,8,COLOR,7503,Black
198,23,Semi Precious Deals And Steals,8,COLOR,7459,Blue
198,23,Semi Precious Deals And Steals,8,COLOR,7485,Brown
198,23,Semi Precious Deals And Steals,8,COLOR,9631,Brown & Green
198,23,Semi Precious Deals And Steals,8,COLOR,7552,Brownish Red
198,23,Semi Precious Deals And Steals,8,COLOR,7497,Champagne
198,23,Semi Precious Deals And Steals,8,COLOR,7636,Deep Blue
198,23,Semi Precious Deals And Steals,8,COLOR,7637,Fancy Rainbow
198,23,Semi Precious Deals And Steals,8,COLOR,7469,Golden
198,23,Semi Precious Deals And Steals,8,COLOR,7654,Golden Green
198,23,Semi Precious Deals And Steals,8,COLOR,7481,Green
198,23,Semi Precious Deals And Steals,8,COLOR,7551,Grey
198,23,Semi Precious Deals And Steals,8,COLOR,7618,light Medium
198,23,Semi Precious Deals And Steals,8,COLOR,7546,Multi Color
198,23,Semi Precious Deals And Steals,8,COLOR,7523,Multicolor
198,23,Semi Precious Deals And Steals,8,COLOR,7505,Olive Green
198,23,Semi Precious Deals And Steals,8,COLOR,7464,Orange
198,23,Semi Precious Deals And Steals,8,COLOR,7548,Pink/Green
198,23,Semi Precious Deals And Steals,8,COLOR,7499,Pinkish Red
198,23,Semi Precious Deals And Steals,8,COLOR,7480,Purple
198,23,Semi Precious Deals And Steals,8,COLOR,7487,Purple/Pink
198,23,Semi Precious Deals And Steals,8,COLOR,7492,Purple/Violet
198,23,Semi Precious Deals And Steals,8,COLOR,7623,Rainbow
198,23,Semi Precious Deals And Steals,8,COLOR,7550,Rasberry Pinkish Red
198,23,Semi Precious Deals And Steals,8,COLOR,7467,Raspberry Red
198,23,Semi Precious Deals And Steals,8,COLOR,7461,Red
198,23,Semi Precious Deals And Steals,8,COLOR,7635,Rose
198,23,Semi Precious Deals And Steals,8,COLOR,7638,Smokey
198,23,Semi Precious Deals And Steals,8,COLOR,7462,Violet/Purple
198,23,Semi Precious Deals And Steals,8,COLOR,7501,White
198,23,Semi Precious Deals And Steals,8,COLOR,7475,Yellow/Golden
198,23,Semi Precious Deals And Steals,10,SHAPE,7693,Checker Board
198,23,Semi Precious Deals And Steals,10,SHAPE,7695,Cushion
198,23,Semi Precious Deals And Steals,10,SHAPE,7780,Cushion Cut Checker Board
198,23,Semi Precious Deals And Steals,10,SHAPE,7711,Cushion Cut Square
198,23,Semi Precious Deals And Steals,10,SHAPE,7742,Emerald
198,23,Semi Precious Deals And Steals,10,SHAPE,7717,Heart
198,23,Semi Precious Deals And Steals,10,SHAPE,7678,Long Cushion Checker board
198,23,Semi Precious Deals And Steals,10,SHAPE,7684,Marquise
198,23,Semi Precious Deals And Steals,10,SHAPE,7792,Mix
198,23,Semi Precious Deals And Steals,10,SHAPE,7889,Nugget
198,23,Semi Precious Deals And Steals,10,SHAPE,7705,Octagonal
198,23,Semi Precious Deals And Steals,10,SHAPE,7666,Oval
198,23,Semi Precious Deals And Steals,10,SHAPE,7669,Oval shape
198,23,Semi Precious Deals And Steals,10,SHAPE,7672,Pear
198,23,Semi Precious Deals And Steals,10,SHAPE,7670,Round
198,23,Semi Precious Deals And Steals,10,SHAPE,7782,Round Cut Checker Board
198,23,Semi Precious Deals And Steals,10,SHAPE,7685,Square
198,23,Semi Precious Deals And Steals,10,SHAPE,7783,Square Cut Checker Board
198,23,Semi Precious Deals And Steals,10,SHAPE,7668,Trillion
198,23,Semi Precious Deals And Steals,10,SHAPE,7781,Trillion Cut Checker Board
198,23,Semi Precious Deals And Steals,11,LUSTER,7916,Bright
198,23,Semi Precious Deals And Steals,11,LUSTER,7923,Clean
198,23,Semi Precious Deals And Steals,11,LUSTER,7929,Fair
198,23,Semi Precious Deals And Steals,11,LUSTER,7915,Fine
198,23,Semi Precious Deals And Steals,11,LUSTER,7918,Nice
198,23,Semi Precious Deals And Steals,11,LUSTER,7921,Poor
198,23,Semi Precious Deals And Steals,11,LUSTER,8983,Very Good
198,23,Semi Precious Deals And Steals,11,LUSTER,7925,Very Nice
198,23,Semi Precious Deals And Steals,11,LUSTER,7930,Waxy
198,23,Semi Precious Deals And Steals,12,HARDNESS,7993,15.6
198,23,Semi Precious Deals And Steals,12,HARDNESS,8010,4
198,23,Semi Precious Deals And Steals,12,HARDNESS,7950,4.5 - 5.0
198,23,Semi Precious Deals And Steals,12,HARDNESS,8007,5
198,23,Semi Precious Deals And Steals,12,HARDNESS,8033,5.0 - 5.5
198,23,Semi Precious Deals And Steals,12,HARDNESS,7946,6
198,23,Semi Precious Deals And Steals,12,HARDNESS,7999,6.5
198,23,Semi Precious Deals And Steals,12,HARDNESS,7939,6.5 - 7.0
198,23,Semi Precious Deals And Steals,12,HARDNESS,7949,6.5 - 7.0
198,23,Semi Precious Deals And Steals,12,HARDNESS,7948,6.5 - 7.5
198,23,Semi Precious Deals And Steals,12,HARDNESS,7936,6.5 - 7.5
198,23,Semi Precious Deals And Steals,12,HARDNESS,7933,7
198,23,Semi Precious Deals And Steals,12,HARDNESS,7985,7
198,23,Semi Precious Deals And Steals,12,HARDNESS,7942,7.0 - 7.5
198,23,Semi Precious Deals And Steals,12,HARDNESS,7934,7.0 - 7.5
198,23,Semi Precious Deals And Steals,12,HARDNESS,7938,7.0 - 7.5
198,23,Semi Precious Deals And Steals,12,HARDNESS,8016,7.0 - 7.5
198,23,Semi Precious Deals And Steals,12,HARDNESS,7947,8
198,23,Semi Precious Deals And Steals,12,HARDNESS,7932,9
198,23,Semi Precious Deals And Steals,12,HARDNESS,8032,Mixed
198,23,Semi Precious Deals And Steals,12,HARDNESS,7945,N/A
198,23,Semi Precious Deals And Steals,13,GRADE,8040,A
198,23,Semi Precious Deals And Steals,13,GRADE,8038,AA
198,23,Semi Precious Deals And Steals,13,GRADE,8037,AAA
198,23,Semi Precious Deals And Steals,13,GRADE,8064,AB
198,23,Semi Precious Deals And Steals,13,GRADE,8041,Commercial
198,23,Semi Precious Deals And Steals,13,GRADE,8070,Super Fine
198,23,Semi Precious Deals And Steals,14,NUMBER OF STONES,9662,25
198,23,Semi Precious Deals And Steals,19,NAME,8398,Amethyst
198,23,Semi Precious Deals And Steals,19,NAME,8454,Amethyst
198,23,Semi Precious Deals And Steals,19,NAME,8479,Aquamarine
198,23,Semi Precious Deals And Steals,19,NAME,8455,Brazillian Amethyst
198,23,Semi Precious Deals And Steals,19,NAME,8511,Cats Eye Moonstone
198,23,Semi Precious Deals And Steals,19,NAME,8496,Chalcedony
198,23,Semi Precious Deals And Steals,19,NAME,9378,Champagne Quartz
198,23,Semi Precious Deals And Steals,19,NAME,8409,Chrome Diopside
198,23,Semi Precious Deals And Steals,19,NAME,8494,Chrysoprase
198,23,Semi Precious Deals And Steals,19,NAME,8400,Citrine
198,23,Semi Precious Deals And Steals,19,NAME,8408,Garnet
198,23,Semi Precious Deals And Steals,19,NAME,8456,Golden Citrine
198,23,Semi Precious Deals And Steals,19,NAME,8498,Green Gold Quartz
198,23,Semi Precious Deals And Steals,19,NAME,8403,Iolite
198,23,Semi Precious Deals And Steals,19,NAME,8512,Labradorite
198,23,Semi Precious Deals And Steals,19,NAME,8492,Lapis
198,23,Semi Precious Deals And Steals,19,NAME,9377,Lemon Citrine
198,23,Semi Precious Deals And Steals,19,NAME,8465,Mix Gems
198,23,Semi Precious Deals And Steals,19,NAME,8460,Mixed Synthetic Gems
198,23,Semi Precious Deals And Steals,19,NAME,8501,Onyx
198,23,Semi Precious Deals And Steals,19,NAME,8407,Peridot
198,23,Semi Precious Deals And Steals,19,NAME,8458,Peridot
198,23,Semi Precious Deals And Steals,19,NAME,8490,Quartz
198,23,Semi Precious Deals And Steals,19,NAME,8399,Rhodolite Garnet
198,23,Semi Precious Deals And Steals,19,NAME,8457,Rhodolite Garnet
198,23,Semi Precious Deals And Steals,19,NAME,8416,Rhodolite Garnet
198,23,Semi Precious Deals And Steals,19,NAME,8473,Sky Blue Topaz
198,23,Semi Precious Deals And Steals,19,NAME,8484,Smokey Quartz
198,23,Semi Precious Deals And Steals,19,NAME,8459,Smoky Quartz
198,23,Semi Precious Deals And Steals,19,NAME,8500,Spessartite Garnet
198,23,Semi Precious Deals And Steals,19,NAME,8453,Super Swiss Topaz
198,23,Semi Precious Deals And Steals,19,NAME,8451,Swiss Blue Topaz
198,23,Semi Precious Deals And Steals,19,NAME,8516,Tiger Eye
198,23,Semi Precious Deals And Steals,19,NAME,8431,Topaz
198,23,Semi Precious Deals And Steals,19,NAME,8404,Tourmaline
198,23,Semi Precious Deals And Steals,19,NAME,9634,Watermelon Flourite
198,23,Semi Precious Deals And Steals,19,NAME,8517,White Agate
198,23,Semi Precious Deals And Steals,19,NAME,9607,White Quartz
198,23,Semi Precious Deals And Steals,19,NAME,8478,White Topaz
198,23,Semi Precious Deals And Steals,22,CLARITY,8586,Opaque
198,23,Semi Precious Deals And Steals,22,CLARITY,8596,Translucent
198,23,Semi Precious Deals And Steals,24,CARAT RANGE,9606,0.50 - 3.0 ct.
198,23,Semi Precious Deals And Steals,24,CARAT RANGE,9120,2.0 - 5.0 ct.
198,23,Semi Precious Deals And Steals,30,AVAILABLE AS,8875,Precious Lot
198,23,Semi Precious Deals And Steals,30,AVAILABLE AS,8876,Semi-Precious Lot
198,23,Semi Precious Deals And Steals,36,APPROX. NUMBER OF STONES,9454,10 Pcs.
198,23,Semi Precious Deals And Steals,36,APPROX. NUMBER OF STONES,9445,100 Pcs.
198,23,Semi Precious Deals And Steals,36,APPROX. NUMBER OF STONES,9442,12 Pcs.
198,23,Semi Precious Deals And Steals,36,APPROX. NUMBER OF STONES,9453,15 Pcs.
198,23,Semi Precious Deals And Steals,36,APPROX. NUMBER OF STONES,9437,2 Pcs.
198,23,Semi Precious Deals And Steals,36,APPROX. NUMBER OF STONES,9446,200 Pcs.
198,23,Semi Precious Deals And Steals,36,APPROX. NUMBER OF STONES,9439,300 Pcs.
198,23,Semi Precious Deals And Steals,36,APPROX. NUMBER OF STONES,9440,4 Pcs.
198,23,Semi Precious Deals And Steals,36,APPROX. NUMBER OF STONES,9471,400 Pcs.
198,23,Semi Precious Deals And Steals,36,APPROX. NUMBER OF STONES,9441,5 Pcs.
198,23,Semi Precious Deals And Steals,36,APPROX. NUMBER OF STONES,9470,500 Pcs.
198,23,Semi Precious Deals And Steals,36,APPROX. NUMBER OF STONES,9443,6 Pcs.
198,23,Semi Precious Deals And Steals,36,APPROX. NUMBER OF STONES,9455,8 Pcs.
200,66,Faceted Blue Sapphire,1,TREATMENT,1,Heat Treated
200,66,Faceted Blue Sapphire,1,TREATMENT,6,Natural
200,66,Faceted Blue Sapphire,1,TREATMENT,11,Treated
200,66,Faceted Blue Sapphire,2,ORIGIN,20,Sri Lanka
200,66,Faceted Blue Sapphire,3,CUT,81,Diamond
200,66,Faceted Blue Sapphire,3,CUT,60,Faceted
200,66,Faceted Blue Sapphire,4,CLARITY/GRADE,157,A
200,66,Faceted Blue Sapphire,4,CLARITY/GRADE,145,AA
200,66,Faceted Blue Sapphire,4,CLARITY/GRADE,144,AAA
200,66,Faceted Blue Sapphire,4,CLARITY/GRADE,151,Commercial
200,66,Faceted Blue Sapphire,4,CLARITY/GRADE,193,Super
200,66,Faceted Blue Sapphire,6,WEIGHT,3877,0.02 ct.
200,66,Faceted Blue Sapphire,6,WEIGHT,3915,0.024 ct.
200,66,Faceted Blue Sapphire,6,WEIGHT,3916,0.026 ct.
200,66,Faceted Blue Sapphire,6,WEIGHT,3594,0.04 ct.
200,66,Faceted Blue Sapphire,6,WEIGHT,3551,0.05 ct.
200,66,Faceted Blue Sapphire,6,WEIGHT,3502,0.06 ct.
200,66,Faceted Blue Sapphire,6,WEIGHT,3613,0.07 ct.
200,66,Faceted Blue Sapphire,6,WEIGHT,3642,0.08 ct.
200,66,Faceted Blue Sapphire,6,WEIGHT,3643,0.10 ct.
200,66,Faceted Blue Sapphire,6,WEIGHT,3595,0.11 ct.
200,66,Faceted Blue Sapphire,6,WEIGHT,3620,0.13 ct.
200,66,Faceted Blue Sapphire,6,WEIGHT,3822,0.14 ct.
200,66,Faceted Blue Sapphire,6,WEIGHT,3633,0.16 ct.
200,66,Faceted Blue Sapphire,6,WEIGHT,3614,0.17 ct.
200,66,Faceted Blue Sapphire,6,WEIGHT,3666,0.19 ct.
200,66,Faceted Blue Sapphire,6,WEIGHT,3644,0.20 ct.
200,66,Faceted Blue Sapphire,6,WEIGHT,3505,0.22 ct.
200,66,Faceted Blue Sapphire,6,WEIGHT,3667,0.23 ct.
200,66,Faceted Blue Sapphire,6,WEIGHT,3562,0.25 ct.
200,66,Faceted Blue Sapphire,6,WEIGHT,3645,0.26 ct.
200,66,Faceted Blue Sapphire,6,WEIGHT,3507,0.3 ct.
200,66,Faceted Blue Sapphire,6,WEIGHT,3889,0.31 ct.
200,66,Faceted Blue Sapphire,6,WEIGHT,3646,0.34 ct.
200,66,Faceted Blue Sapphire,6,WEIGHT,3555,0.35 ct.
200,66,Faceted Blue Sapphire,6,WEIGHT,3516,0.36 ct.
200,66,Faceted Blue Sapphire,6,WEIGHT,3547,0.4 ct.
200,66,Faceted Blue Sapphire,6,WEIGHT,3634,0.42 ct.
200,66,Faceted Blue Sapphire,6,WEIGHT,3917,0.43 ct.
200,66,Faceted Blue Sapphire,6,WEIGHT,3861,0.45 ct.
200,66,Faceted Blue Sapphire,6,WEIGHT,3661,0.47 ct.
200,66,Faceted Blue Sapphire,6,WEIGHT,3510,0.48 ct.
200,66,Faceted Blue Sapphire,6,WEIGHT,3885,0.49 ct.
200,66,Faceted Blue Sapphire,6,WEIGHT,3558,0.5 ct.
200,66,Faceted Blue Sapphire,6,WEIGHT,3511,0.54 ct.
200,66,Faceted Blue Sapphire,6,WEIGHT,3602,0.57 ct.
200,66,Faceted Blue Sapphire,6,WEIGHT,3860,0.58 ct.
200,66,Faceted Blue Sapphire,6,WEIGHT,3918,0.62 ct.
200,66,Faceted Blue Sapphire,6,WEIGHT,3518,0.66 ct.
200,66,Faceted Blue Sapphire,6,WEIGHT,3580,0.7 ct.
200,66,Faceted Blue Sapphire,6,WEIGHT,3919,0.76 ct.
200,66,Faceted Blue Sapphire,6,WEIGHT,3663,0.85 ct.
200,66,Faceted Blue Sapphire,6,WEIGHT,3920,0.88 ct.
200,66,Faceted Blue Sapphire,6,WEIGHT,3922,0.97 ct.
200,66,Faceted Blue Sapphire,6,WEIGHT,3559,1 ct.
200,66,Faceted Blue Sapphire,6,WEIGHT,3557,1.05 ct.
200,66,Faceted Blue Sapphire,6,WEIGHT,3622,1.15 ct.
200,66,Faceted Blue Sapphire,6,WEIGHT,3589,1.2 ct.
200,66,Faceted Blue Sapphire,6,WEIGHT,3607,1.3 ct.
200,66,Faceted Blue Sapphire,6,WEIGHT,3669,1.35 ct.
200,66,Faceted Blue Sapphire,6,WEIGHT,3923,1.46 ct.
200,66,Faceted Blue Sapphire,6,WEIGHT,3603,1.6 ct.
200,66,Faceted Blue Sapphire,6,WEIGHT,3924,1.85 ct.
200,66,Faceted Blue Sapphire,6,WEIGHT,3618,1.9 ct.
200,66,Faceted Blue Sapphire,6,WEIGHT,3561,2 ct.
200,66,Faceted Blue Sapphire,6,WEIGHT,3588,2.2 ct.
200,66,Faceted Blue Sapphire,6,WEIGHT,3526,2.25 ct.
200,66,Faceted Blue Sapphire,6,WEIGHT,3521,2.4 ct.
200,66,Faceted Blue Sapphire,6,WEIGHT,4783,2.45 cts.
200,66,Faceted Blue Sapphire,6,WEIGHT,4340,2.55 ct.
200,66,Faceted Blue Sapphire,6,WEIGHT,3659,2.7 ct.
200,66,Faceted Blue Sapphire,6,WEIGHT,3583,2.75 ct.
200,66,Faceted Blue Sapphire,6,WEIGHT,3627,2.8 ct.
200,66,Faceted Blue Sapphire,6,WEIGHT,3609,2.9 ct.
200,66,Faceted Blue Sapphire,6,WEIGHT,4343,2.95 ct.
200,66,Faceted Blue Sapphire,6,WEIGHT,3538,3 ct.
200,66,Faceted Blue Sapphire,6,WEIGHT,4405,3 ct. (1 Pcs. Approx.)
200,66,Faceted Blue Sapphire,6,WEIGHT,1215,3.05 Carats
200,66,Faceted Blue Sapphire,6,WEIGHT,3925,3.15 ct.
200,66,Faceted Blue Sapphire,6,WEIGHT,3927,3.2 ct.
200,66,Faceted Blue Sapphire,6,WEIGHT,1243,3.25 Carats
200,66,Faceted Blue Sapphire,6,WEIGHT,4319,3.3 ct.
200,66,Faceted Blue Sapphire,6,WEIGHT,3611,3.4 ct.
200,66,Faceted Blue Sapphire,6,WEIGHT,1714,3.45 Carats
200,66,Faceted Blue Sapphire,6,WEIGHT,4681,3.55 cts.
200,66,Faceted Blue Sapphire,6,WEIGHT,4313,3.6 ct.
200,66,Faceted Blue Sapphire,6,WEIGHT,3621,3.7 ct.
200,66,Faceted Blue Sapphire,6,WEIGHT,4514,3.8 ct.
200,66,Faceted Blue Sapphire,6,WEIGHT,4960,4.15 ct.
200,66,Faceted Blue Sapphire,6,WEIGHT,3546,4.35 ct.
200,66,Faceted Blue Sapphire,6,WEIGHT,306,4.8 ct.
200,66,Faceted Blue Sapphire,7,SIZE,6440,1.0 mm
200,66,Faceted Blue Sapphire,7,SIZE,6434,1.25 mm
200,66,Faceted Blue Sapphire,7,SIZE,6437,1.5 mm
200,66,Faceted Blue Sapphire,7,SIZE,6591,1.50 mm
200,66,Faceted Blue Sapphire,7,SIZE,6605,1.5x3 mm
200,66,Faceted Blue Sapphire,7,SIZE,6471,1.75 mm
200,66,Faceted Blue Sapphire,7,SIZE,6006,10.2x8.5 mm
200,66,Faceted Blue Sapphire,7,SIZE,6017,10.3x8.3 mm
200,66,Faceted Blue Sapphire,7,SIZE,6011,10.4x8.0 mm
200,66,Faceted Blue Sapphire,7,SIZE,6036,10.4x8.5 mm
200,66,Faceted Blue Sapphire,7,SIZE,6021,10.5x8 mm
200,66,Faceted Blue Sapphire,7,SIZE,6561,10x5 mm
200,66,Faceted Blue Sapphire,7,SIZE,6051,10x7.2 mm
200,66,Faceted Blue Sapphire,7,SIZE,6019,10x7.3 mm
200,66,Faceted Blue Sapphire,7,SIZE,6013,10x7.8 mm
200,66,Faceted Blue Sapphire,7,SIZE,5996,10x8 mm
200,66,Faceted Blue Sapphire,7,SIZE,6793,10x8 mm (Lot)
200,66,Faceted Blue Sapphire,7,SIZE,6038,11.4x9 mm
200,66,Faceted Blue Sapphire,7,SIZE,5997,11.5x8.5 mm
200,66,Faceted Blue Sapphire,7,SIZE,5959,11X8.5 mm
200,66,Faceted Blue Sapphire,7,SIZE,5924,12x6 mm
200,66,Faceted Blue Sapphire,7,SIZE,6420,2.0 mm
200,66,Faceted Blue Sapphire,7,SIZE,6532,2.25 mm
200,66,Faceted Blue Sapphire,7,SIZE,6593,2.50 mm
200,66,Faceted Blue Sapphire,7,SIZE,6372,2.75 mm
200,66,Faceted Blue Sapphire,7,SIZE,6573,2x3 mm
200,66,Faceted Blue Sapphire,7,SIZE,6344,3 mm
200,66,Faceted Blue Sapphire,7,SIZE,6371,3.25 mm
200,66,Faceted Blue Sapphire,7,SIZE,6362,3.5 mm
200,66,Faceted Blue Sapphire,7,SIZE,6595,3.50 mm
200,66,Faceted Blue Sapphire,7,SIZE,6585,3.5x2 mm
200,66,Faceted Blue Sapphire,7,SIZE,6575,3.5x4.5 mm
200,66,Faceted Blue Sapphire,7,SIZE,6391,3.75 mm
200,66,Faceted Blue Sapphire,7,SIZE,6583,3x1.5 mm
200,66,Faceted Blue Sapphire,7,SIZE,6584,3x2 mm
200,66,Faceted Blue Sapphire,7,SIZE,6574,3x4 mm
200,66,Faceted Blue Sapphire,7,SIZE,6177,4 mm
200,66,Faceted Blue Sapphire,7,SIZE,6475,4.25 mm
200,66,Faceted Blue Sapphire,7,SIZE,6178,4.5 mm
200,66,Faceted Blue Sapphire,7,SIZE,6586,4.5x2.5 mm
200,66,Faceted Blue Sapphire,7,SIZE,6533,4.75 mm
200,66,Faceted Blue Sapphire,7,SIZE,6566,4x2 mm
200,66,Faceted Blue Sapphire,7,SIZE,6534,4x3 mm
200,66,Faceted Blue Sapphire,7,SIZE,6076,5 mm
200,66,Faceted Blue Sapphire,7,SIZE,6539,5.25 mm
200,66,Faceted Blue Sapphire,7,SIZE,6599,5.50 mm
200,66,Faceted Blue Sapphire,7,SIZE,6579,5.5x5.5 mm
200,66,Faceted Blue Sapphire,7,SIZE,6571,5.75 mm
200,66,Faceted Blue Sapphire,7,SIZE,6567,5x2.5 mm
200,66,Faceted Blue Sapphire,7,SIZE,6535,5x3 mm
200,66,Faceted Blue Sapphire,7,SIZE,6536,5x4 mm
200,66,Faceted Blue Sapphire,7,SIZE,6578,5x5 mm
200,66,Faceted Blue Sapphire,7,SIZE,6600,6.00 mm
200,66,Faceted Blue Sapphire,7,SIZE,6572,6.25 mm
200,66,Faceted Blue Sapphire,7,SIZE,6175,6.5 mm
200,66,Faceted Blue Sapphire,7,SIZE,6588,6.5x3.5 mm
200,66,Faceted Blue Sapphire,7,SIZE,6577,6.5x5.5 mm
200,66,Faceted Blue Sapphire,7,SIZE,6168,6.75 mm
200,66,Faceted Blue Sapphire,7,SIZE,6568,6x3 mm
200,66,Faceted Blue Sapphire,7,SIZE,6537,6x4 mm
200,66,Faceted Blue Sapphire,7,SIZE,6576,6x5 mm
200,66,Faceted Blue Sapphire,7,SIZE,6477,7.0 mm
200,66,Faceted Blue Sapphire,7,SIZE,6589,7x3.5 mm
200,66,Faceted Blue Sapphire,7,SIZE,6538,7x5 mm
200,66,Faceted Blue Sapphire,7,SIZE,6569,8x4 mm
200,66,Faceted Blue Sapphire,7,SIZE,6060,8x6 mm
200,66,Faceted Blue Sapphire,7,SIZE,6046,9.2x7 mm
200,66,Faceted Blue Sapphire,7,SIZE,6029,9.2x7.2 mm
200,66,Faceted Blue Sapphire,7,SIZE,6052,9.2x7.5 mm
200,66,Faceted Blue Sapphire,7,SIZE,6031,9.2x7.8 mm
200,66,Faceted Blue Sapphire,7,SIZE,6030,9.5x7 mm
200,66,Faceted Blue Sapphire,7,SIZE,6026,9.5x7.5 mm
200,66,Faceted Blue Sapphire,7,SIZE,6027,9.5x8 mm
200,66,Faceted Blue Sapphire,7,SIZE,6033,9.8x7.8 mm
200,66,Faceted Blue Sapphire,7,SIZE,6034,9.8x8 mm
200,66,Faceted Blue Sapphire,7,SIZE,6590,9x4.5 mm
200,66,Faceted Blue Sapphire,7,SIZE,6023,9x6.5 mm
200,66,Faceted Blue Sapphire,7,SIZE,6043,9x7 mm
200,66,Faceted Blue Sapphire,7,SIZE,6024,9x7.5 mm
200,66,Faceted Blue Sapphire,8,COLOR,7459,Blue
200,66,Faceted Blue Sapphire,10,SHAPE,7691,Baguette
200,66,Faceted Blue Sapphire,10,SHAPE,7742,Emerald
200,66,Faceted Blue Sapphire,10,SHAPE,7768,Fancy
200,66,Faceted Blue Sapphire,10,SHAPE,7684,Marquise
200,66,Faceted Blue Sapphire,10,SHAPE,7666,Oval
200,66,Faceted Blue Sapphire,10,SHAPE,7672,Pear
200,66,Faceted Blue Sapphire,10,SHAPE,7670,Round
200,66,Faceted Blue Sapphire,10,SHAPE,7685,Square
200,66,Faceted Blue Sapphire,10,SHAPE,7668,Trillion
200,66,Faceted Blue Sapphire,11,LUSTER,7918,Nice
200,66,Faceted Blue Sapphire,11,LUSTER,7925,Very Nice
200,66,Faceted Blue Sapphire,12,HARDNESS,7932,9
200,66,Faceted Blue Sapphire,13,GRADE,8038,AA
200,66,Faceted Blue Sapphire,13,GRADE,8037,AAA
200,66,Faceted Blue Sapphire,19,NAME,8418,Blue Sapphire
200,66,Faceted Blue Sapphire,19,NAME,8396,Sapphire
201,66,Cabochon Blue Sapphire,1,TREATMENT,1,Heat Treated
201,66,Cabochon Blue Sapphire,2,ORIGIN,20,Sri Lanka
201,66,Cabochon Blue Sapphire,3,CUT,61,Cabochon
201,66,Cabochon Blue Sapphire,4,CLARITY/GRADE,157,A
201,66,Cabochon Blue Sapphire,4,CLARITY/GRADE,145,AA
201,66,Cabochon Blue Sapphire,4,CLARITY/GRADE,144,AAA
201,66,Cabochon Blue Sapphire,6,WEIGHT,3502,0.06 ct.
201,66,Cabochon Blue Sapphire,6,WEIGHT,3503,0.084 ct.
201,66,Cabochon Blue Sapphire,6,WEIGHT,3504,0.192 ct.
201,66,Cabochon Blue Sapphire,6,WEIGHT,3505,0.22 ct.
201,66,Cabochon Blue Sapphire,6,WEIGHT,3506,0.264 ct.
201,66,Cabochon Blue Sapphire,6,WEIGHT,3507,0.3 ct.
201,66,Cabochon Blue Sapphire,6,WEIGHT,3508,0.336 ct.
201,66,Cabochon Blue Sapphire,6,WEIGHT,3516,0.36 ct.
201,66,Cabochon Blue Sapphire,6,WEIGHT,3509,0.384 ct.
201,66,Cabochon Blue Sapphire,6,WEIGHT,3510,0.48 ct.
201,66,Cabochon Blue Sapphire,6,WEIGHT,3517,0.504 ct.
201,66,Cabochon Blue Sapphire,6,WEIGHT,3511,0.54 ct.
201,66,Cabochon Blue Sapphire,6,WEIGHT,3512,0.636 ct.
201,66,Cabochon Blue Sapphire,6,WEIGHT,3518,0.66 ct.
201,66,Cabochon Blue Sapphire,6,WEIGHT,3513,0.672 ct.
201,66,Cabochon Blue Sapphire,6,WEIGHT,3514,0.756 ct.
201,66,Cabochon Blue Sapphire,6,WEIGHT,3515,0.9 ct.
201,66,Cabochon Blue Sapphire,6,WEIGHT,3519,1.38 ct.
201,66,Cabochon Blue Sapphire,6,WEIGHT,3520,1.74 ct.
201,66,Cabochon Blue Sapphire,6,WEIGHT,3521,2.4 ct.
201,66,Cabochon Blue Sapphire,6,WEIGHT,3522,3.18 ct.
201,66,Cabochon Blue Sapphire,7,SIZE,6434,1.25 mm
201,66,Cabochon Blue Sapphire,7,SIZE,6437,1.5 mm
201,66,Cabochon Blue Sapphire,7,SIZE,5996,10x8 mm
201,66,Cabochon Blue Sapphire,7,SIZE,6532,2.25 mm
201,66,Cabochon Blue Sapphire,7,SIZE,6363,2.5 mm
201,66,Cabochon Blue Sapphire,7,SIZE,6372,2.75 mm
201,66,Cabochon Blue Sapphire,7,SIZE,6344,3 mm
201,66,Cabochon Blue Sapphire,7,SIZE,6371,3.25 mm
201,66,Cabochon Blue Sapphire,7,SIZE,6362,3.5 mm
201,66,Cabochon Blue Sapphire,7,SIZE,6391,3.75 mm
201,66,Cabochon Blue Sapphire,7,SIZE,6177,4 mm
201,66,Cabochon Blue Sapphire,7,SIZE,6475,4.25 mm
201,66,Cabochon Blue Sapphire,7,SIZE,6178,4.5 mm
201,66,Cabochon Blue Sapphire,7,SIZE,6533,4.75 mm
201,66,Cabochon Blue Sapphire,7,SIZE,6534,4x3 mm
201,66,Cabochon Blue Sapphire,7,SIZE,6076,5 mm
201,66,Cabochon Blue Sapphire,7,SIZE,6535,5x3 mm
201,66,Cabochon Blue Sapphire,7,SIZE,6536,5x4 mm
201,66,Cabochon Blue Sapphire,7,SIZE,6537,6x4 mm
201,66,Cabochon Blue Sapphire,7,SIZE,6538,7x5 mm
201,66,Cabochon Blue Sapphire,7,SIZE,6060,8x6 mm
201,66,Cabochon Blue Sapphire,7,SIZE,6043,9x7 mm
201,66,Cabochon Blue Sapphire,8,COLOR,7459,Blue
201,66,Cabochon Blue Sapphire,10,SHAPE,7666,Oval
201,66,Cabochon Blue Sapphire,10,SHAPE,7670,Round
201,66,Cabochon Blue Sapphire,11,LUSTER,7918,Nice
201,66,Cabochon Blue Sapphire,12,HARDNESS,7932,9
201,66,Cabochon Blue Sapphire,19,NAME,8396,Sapphire
202,126,Bridal Diamond Rings,1,TREATMENT,13,Color Treated
202,126,Bridal Diamond Rings,1,TREATMENT,10,N/A
202,126,Bridal Diamond Rings,1,TREATMENT,6,Natural
202,126,Bridal Diamond Rings,1,TREATMENT,3,None
202,126,Bridal Diamond Rings,2,ORIGIN,21,Africa
202,126,Bridal Diamond Rings,2,ORIGIN,28,Australia
202,126,Bridal Diamond Rings,3,CUT,65,Brilliant
202,126,Bridal Diamond Rings,3,CUT,73,Tapered
202,126,Bridal Diamond Rings,3,CUT,8773,Very Good
202,126,Bridal Diamond Rings,4,CLARITY/GRADE,131,I1
202,126,Bridal Diamond Rings,4,CLARITY/GRADE,128,VS1
202,126,Bridal Diamond Rings,5,METAL/MATERIAL,215,14 k Gold
202,126,Bridal Diamond Rings,5,METAL/MATERIAL,207,14k Dualtone Gold
202,126,Bridal Diamond Rings,5,METAL/MATERIAL,222,14k White or Yellow Gold
202,126,Bridal Diamond Rings,5,METAL/MATERIAL,204,18k White Gold
202,126,Bridal Diamond Rings,6,WEIGHT,2958,0.5 Grams
202,126,Bridal Diamond Rings,6,WEIGHT,4883,0.96 ct
202,126,Bridal Diamond Rings,6,WEIGHT,3559,1 ct.
202,126,Bridal Diamond Rings,6,WEIGHT,4027,1.21 ct.
202,126,Bridal Diamond Rings,6,WEIGHT,2162,1.23 Carat/s
202,126,Bridal Diamond Rings,6,WEIGHT,4887,1.5 ct.
202,126,Bridal Diamond Rings,6,WEIGHT,2425,1.71 Carts
202,126,Bridal Diamond Rings,6,WEIGHT,2432,12.36 Grams
202,126,Bridal Diamond Rings,6,WEIGHT,2142,2.0 Grams
202,126,Bridal Diamond Rings,6,WEIGHT,2308,5.63 Grams
202,126,Bridal Diamond Rings,6,WEIGHT,2161,8.28 Grams
202,126,Bridal Diamond Rings,6,WEIGHT,1613,9.6 Grams
202,126,Bridal Diamond Rings,7,SIZE,6191,7
202,126,Bridal Diamond Rings,7,SIZE,6128,7.5
202,126,Bridal Diamond Rings,7,SIZE,5914,N/A
202,126,Bridal Diamond Rings,8,COLOR,7459,Blue
202,126,Bridal Diamond Rings,8,COLOR,7497,Champagne
202,126,Bridal Diamond Rings,8,COLOR,7536,G/H
202,126,Bridal Diamond Rings,8,COLOR,7518,GH
202,126,Bridal Diamond Rings,8,COLOR,7526,H
202,126,Bridal Diamond Rings,10,SHAPE,7691,Baguette
202,126,Bridal Diamond Rings,10,SHAPE,7670,Round
202,126,Bridal Diamond Rings,14,NUMBER OF STONES,8079,1
202,126,Bridal Diamond Rings,14,NUMBER OF STONES,8081,N/A
202,126,Bridal Diamond Rings,19,NAME,8410,Diamond
202,126,Bridal Diamond Rings,22,CLARITY,8870,I1-I2
202,126,Bridal Diamond Rings,22,CLARITY,9248,SI1-SI2
202,126,Bridal Diamond Rings,23,ITEM,8601,Ring
202,126,Bridal Diamond Rings,26,<b>DIAMOND INFO</b>,8810,
202,126,Bridal Diamond Rings,29,WIDTH,9653,6.5 mm
203,57,Diamond Specials,1,TREATMENT,9,Enhanced
203,57,Diamond Specials,1,TREATMENT,1,Heat Treated
203,57,Diamond Specials,1,TREATMENT,11,Treated
203,57,Diamond Specials,2,ORIGIN,21,Africa
203,57,Diamond Specials,2,ORIGIN,20,Sri Lanka
203,57,Diamond Specials,3,CUT,60,Faceted
203,57,Diamond Specials,3,CUT,8773,Very Good
203,57,Diamond Specials,4,CLARITY/GRADE,145,AA
203,57,Diamond Specials,6,WEIGHT,9568,0.06
203,57,Diamond Specials,6,WEIGHT,3643,0.10 ct.
203,57,Diamond Specials,6,WEIGHT,3595,0.11 ct.
203,57,Diamond Specials,6,WEIGHT,3518,0.66 ct.
203,57,Diamond Specials,6,WEIGHT,3559,1 ct.
203,57,Diamond Specials,7,SIZE,6527,2.4 mm
203,57,Diamond Specials,7,SIZE,6425,2.9 mm
203,57,Diamond Specials,7,SIZE,6344,3 mm
203,57,Diamond Specials,7,SIZE,6537,6x4 mm
203,57,Diamond Specials,8,COLOR,7459,Blue
203,57,Diamond Specials,8,COLOR,7579,Coffee
203,57,Diamond Specials,8,COLOR,7527,HI
203,57,Diamond Specials,8,COLOR,7465,Yellow
203,57,Diamond Specials,10,SHAPE,7666,Oval
203,57,Diamond Specials,10,SHAPE,7670,Round
203,57,Diamond Specials,11,LUSTER,7918,Nice
203,57,Diamond Specials,11,LUSTER,7925,Very Nice
203,57,Diamond Specials,12,HARDNESS,7941,10
203,57,Diamond Specials,12,HARDNESS,7932,9
203,57,Diamond Specials,19,NAME,8972,Coffee Diamond
203,57,Diamond Specials,19,NAME,8396,Sapphire
203,57,Diamond Specials,19,NAME,8415,White Diamond
203,57,Diamond Specials,22,CLARITY,8592,I2
203,57,Diamond Specials,22,CLARITY,8591,SI2
203,57,Diamond Specials,24,CARAT RANGE,8879,0.10 - 0.25 ct.
203,57,Diamond Specials,25,SIZE RANGE,8907,3-4 mm
203,57,Diamond Specials,28,POLISH,8823,Very Good
203,57,Diamond Specials,30,AVAILABLE AS,8874,Diamond Lot
204,57,Gemstone Specials,1,TREATMENT,1,Heat Treated
204,57,Gemstone Specials,1,TREATMENT,3,None
204,57,Gemstone Specials,1,TREATMENT,4,Oiled
204,57,Gemstone Specials,1,TREATMENT,11,Treated
204,57,Gemstone Specials,2,ORIGIN,21,Africa
204,57,Gemstone Specials,2,ORIGIN,43,Brazil
204,57,Gemstone Specials,2,ORIGIN,25,Columbia
204,57,Gemstone Specials,2,ORIGIN,23,India
204,57,Gemstone Specials,2,ORIGIN,20,Sri Lanka
204,57,Gemstone Specials,2,ORIGIN,32,Tanzania
204,57,Gemstone Specials,3,CUT,61,Cabochon
204,57,Gemstone Specials,3,CUT,91,Checker Board
204,57,Gemstone Specials,3,CUT,60,Faceted
204,57,Gemstone Specials,4,CLARITY/GRADE,145,AA
204,57,Gemstone Specials,4,CLARITY/GRADE,144,AAA
204,57,Gemstone Specials,6,WEIGHT,3645,0.26 ct.
204,57,Gemstone Specials,6,WEIGHT,3578,0.6 ct.
204,57,Gemstone Specials,6,WEIGHT,3518,0.66 ct.
204,57,Gemstone Specials,6,WEIGHT,4507,18 ct.
204,57,Gemstone Specials,6,WEIGHT,3703,2.5 ct. Approx.
204,57,Gemstone Specials,6,WEIGHT,3606,22 ct.
204,57,Gemstone Specials,6,WEIGHT,4501,24 ct.
204,57,Gemstone Specials,6,WEIGHT,3538,3 ct.
204,57,Gemstone Specials,7,SIZE,6870,18 mm
204,57,Gemstone Specials,7,SIZE,6871,20 mm
204,57,Gemstone Specials,7,SIZE,6391,3.75 mm
204,57,Gemstone Specials,7,SIZE,6537,6x4 mm
204,57,Gemstone Specials,7,SIZE,6263,8 mm
204,57,Gemstone Specials,7,SIZE,6162,8.0 mm
204,57,Gemstone Specials,8,COLOR,7459,Blue
204,57,Gemstone Specials,8,COLOR,7469,Golden
204,57,Gemstone Specials,8,COLOR,7481,Green
204,57,Gemstone Specials,8,COLOR,7507,Pink
204,57,Gemstone Specials,8,COLOR,7660,Purple Blue
204,57,Gemstone Specials,8,COLOR,7461,Red
204,57,Gemstone Specials,8,COLOR,8964,Rich Ruby Red
204,57,Gemstone Specials,8,COLOR,7506,Violet
204,57,Gemstone Specials,8,COLOR,7479,Violet Blue
204,57,Gemstone Specials,10,SHAPE,7821,Antique cushion
204,57,Gemstone Specials,10,SHAPE,7695,Cushion
204,57,Gemstone Specials,10,SHAPE,7666,Oval
204,57,Gemstone Specials,10,SHAPE,7670,Round
204,57,Gemstone Specials,10,SHAPE,7819,Round Briolette
204,57,Gemstone Specials,10,SHAPE,7668,Trillion
204,57,Gemstone Specials,11,LUSTER,7915,Fine
204,57,Gemstone Specials,11,LUSTER,7918,Nice
204,57,Gemstone Specials,11,LUSTER,7925,Very Nice
204,57,Gemstone Specials,12,HARDNESS,7948,6.5 - 7.5
204,57,Gemstone Specials,12,HARDNESS,7933,7
204,57,Gemstone Specials,12,HARDNESS,7942,7.0 - 7.5
204,57,Gemstone Specials,12,HARDNESS,7943,7.5 - 8.0
204,57,Gemstone Specials,12,HARDNESS,7947,8
204,57,Gemstone Specials,12,HARDNESS,7932,9
204,57,Gemstone Specials,13,GRADE,8038,AA
204,57,Gemstone Specials,13,GRADE,8037,AAA
204,57,Gemstone Specials,19,NAME,8398,Amethyst
204,57,Gemstone Specials,19,NAME,8418,Blue Sapphire
204,57,Gemstone Specials,19,NAME,8401,Emerald
204,57,Gemstone Specials,19,NAME,8408,Garnet
204,57,Gemstone Specials,19,NAME,8456,Golden Citrine
204,57,Gemstone Specials,19,NAME,8403,Iolite
204,57,Gemstone Specials,19,NAME,8397,Ruby
204,57,Gemstone Specials,19,NAME,8429,Tanzanite
204,57,Gemstone Specials,22,CLARITY,8593,Top Clean/Superior
205,57,Jewelry Specials,1,TREATMENT,13,Color Treated
205,57,Jewelry Specials,1,TREATMENT,1,Heat Treated
205,57,Jewelry Specials,1,TREATMENT,6,Natural
205,57,Jewelry Specials,1,TREATMENT,3,None
205,57,Jewelry Specials,1,TREATMENT,11,Treated
205,57,Jewelry Specials,2,ORIGIN,21,Africa
205,57,Jewelry Specials,2,ORIGIN,32,Tanzania
205,57,Jewelry Specials,3,CUT,65,Brilliant
205,57,Jewelry Specials,3,CUT,60,Faceted
205,57,Jewelry Specials,3,CUT,73,Tapered
205,57,Jewelry Specials,3,CUT,8773,Very Good
205,57,Jewelry Specials,4,CLARITY/GRADE,144,AAA
205,57,Jewelry Specials,4,CLARITY/GRADE,131,I1
205,57,Jewelry Specials,4,CLARITY/GRADE,156,I1-I2
205,57,Jewelry Specials,4,CLARITY/GRADE,140,SI2
205,57,Jewelry Specials,5,METAL/MATERIAL,207,14k Dualtone Gold
205,57,Jewelry Specials,5,METAL/MATERIAL,214,14k Gold
205,57,Jewelry Specials,5,METAL/MATERIAL,204,18k White Gold
205,57,Jewelry Specials,6,WEIGHT,3558,0.5 ct.
205,57,Jewelry Specials,6,WEIGHT,2958,0.5 Grams
205,57,Jewelry Specials,6,WEIGHT,3578,0.6 ct.
205,57,Jewelry Specials,6,WEIGHT,4881,1.19 ct
205,57,Jewelry Specials,6,WEIGHT,3800,14 Grams
205,57,Jewelry Specials,6,WEIGHT,2142,2.0 Grams
205,57,Jewelry Specials,6,WEIGHT,3538,3 ct.
205,57,Jewelry Specials,6,WEIGHT,1242,4.12 Carats
205,57,Jewelry Specials,6,WEIGHT,2491,6.6 Grams
205,57,Jewelry Specials,6,WEIGHT,2225,9.09 Grams
205,57,Jewelry Specials,7,SIZE,6076,5 mm
205,57,Jewelry Specials,7,SIZE,6128,7.5
205,57,Jewelry Specials,7,SIZE,6199,8
205,57,Jewelry Specials,7,SIZE,6607,Approx. 5-7mm
205,57,Jewelry Specials,7,SIZE,5914,N/A
205,57,Jewelry Specials,8,COLOR,7459,Blue
205,57,Jewelry Specials,8,COLOR,7572,Blue
205,57,Jewelry Specials,8,COLOR,7514,Cognac
205,57,Jewelry Specials,8,COLOR,7536,G/H
205,57,Jewelry Specials,8,COLOR,7518,GH
205,57,Jewelry Specials,8,COLOR,7611,One ofWhite/Cream/Peach/Gold/Lavender
205,57,Jewelry Specials,8,COLOR,7465,Yellow
205,57,Jewelry Specials,10,SHAPE,7691,Baguette
205,57,Jewelry Specials,10,SHAPE,7672,Pear
205,57,Jewelry Specials,10,SHAPE,7670,Round
205,57,Jewelry Specials,10,SHAPE,7668,Trillion
205,57,Jewelry Specials,13,GRADE,8037,AAA
205,57,Jewelry Specials,14,NUMBER OF STONES,8079,1
205,57,Jewelry Specials,14,NUMBER OF STONES,8086,2
205,57,Jewelry Specials,14,NUMBER OF STONES,8081,N/A
205,57,Jewelry Specials,16,<b>CENTER STONE</b>,8158,&nbsp;
205,57,Jewelry Specials,19,NAME,8410,Diamond
205,57,Jewelry Specials,19,NAME,8429,Tanzanite
205,57,Jewelry Specials,22,CLARITY,8588,VS1
205,57,Jewelry Specials,23,ITEM,8601,Ring
205,57,Jewelry Specials,23,ITEM,8638,Silk cords
205,57,Jewelry Specials,23,ITEM,8645,Tanzanite Ring
205,57,Jewelry Specials,23,ITEM,8639,Wish Pearl
205,57,Jewelry Specials,26,<b>DIAMOND INFO</b>,8811,&nbsp;&nbsp;
205,57,Jewelry Specials,35,<b>TOTAL WEIGHT</b>,9848,1.79 ct.
206,11,Pink Diamonds,1,TREATMENT,9,Enhanced
206,11,Pink Diamonds,2,ORIGIN,28,Australia
206,11,Pink Diamonds,3,CUT,8773,Very Good
206,11,Pink Diamonds,6,WEIGHT,2434,1.25 ct.
206,11,Pink Diamonds,6,WEIGHT,4887,1.5 ct.
206,11,Pink Diamonds,7,SIZE,6074,6.8 mm
206,11,Pink Diamonds,7,SIZE,6477,7.0 mm
206,11,Pink Diamonds,8,COLOR,10246,Pink Champagne
206,11,Pink Diamonds,10,SHAPE,7670,Round
206,11,Pink Diamonds,11,LUSTER,7918,Nice
206,11,Pink Diamonds,12,HARDNESS,7941,10
206,11,Pink Diamonds,19,NAME,9431,Pink Diamond
206,11,Pink Diamonds,22,CLARITY,8590,SI1
207,11,Coffee Diamonds,1,TREATMENT,9,Enhanced
207,11,Coffee Diamonds,2,ORIGIN,21,Africa
207,11,Coffee Diamonds,2,ORIGIN,28,Australia
207,11,Coffee Diamonds,3,CUT,8773,Very Good
207,11,Coffee Diamonds,6,WEIGHT,3559,1 ct.
207,11,Coffee Diamonds,6,WEIGHT,3557,1.05 ct.
207,11,Coffee Diamonds,6,WEIGHT,3599,1.1 ct.
207,11,Coffee Diamonds,6,WEIGHT,3589,1.2 ct.
207,11,Coffee Diamonds,6,WEIGHT,3597,1.55 ct.
207,11,Coffee Diamonds,6,WEIGHT,3630,1.7 ct.
207,11,Coffee Diamonds,7,SIZE,6075,6.6 mm
207,11,Coffee Diamonds,7,SIZE,6107,6.7 mm approx.
207,11,Coffee Diamonds,7,SIZE,6105,6.8 mm approx.
207,11,Coffee Diamonds,7,SIZE,6264,7.5 mm
207,11,Coffee Diamonds,7,SIZE,6125,7.8 mm approx.
207,11,Coffee Diamonds,8,COLOR,7579,Coffee
207,11,Coffee Diamonds,8,COLOR,7514,Cognac
207,11,Coffee Diamonds,10,SHAPE,7670,Round
207,11,Coffee Diamonds,11,LUSTER,7918,Nice
207,11,Coffee Diamonds,12,HARDNESS,7941,10
207,11,Coffee Diamonds,19,NAME,8410,Diamond
207,11,Coffee Diamonds,22,CLARITY,8707,I1
207,11,Coffee Diamonds,22,CLARITY,8824,I3
207,11,Coffee Diamonds,22,CLARITY,8584,I3-I4
207,11,Coffee Diamonds,22,CLARITY,8590,SI1
207,11,Coffee Diamonds,22,CLARITY,8591,SI2
209,11,Cream Diamonds,1,TREATMENT,9,Enhanced
209,11,Cream Diamonds,1,TREATMENT,3,None
209,11,Cream Diamonds,2,ORIGIN,21,Africa
209,11,Cream Diamonds,3,CUT,8773,Very Good
209,11,Cream Diamonds,6,WEIGHT,3601,0.28 ct.
209,11,Cream Diamonds,6,WEIGHT,3664,0.78 ct.
209,11,Cream Diamonds,6,WEIGHT,1985,0.95 ct.
209,11,Cream Diamonds,6,WEIGHT,3559,1 ct.
209,11,Cream Diamonds,6,WEIGHT,3599,1.1 ct.
209,11,Cream Diamonds,6,WEIGHT,4887,1.5 ct.
209,11,Cream Diamonds,6,WEIGHT,3603,1.6 ct.
209,11,Cream Diamonds,6,WEIGHT,3671,1.65 ct.
209,11,Cream Diamonds,7,SIZE,6399,4.1 mm
209,11,Cream Diamonds,7,SIZE,8817,6.1 mm
209,11,Cream Diamonds,7,SIZE,6172,6.4 mm
209,11,Cream Diamonds,7,SIZE,6075,6.6 mm
209,11,Cream Diamonds,7,SIZE,6107,6.7 mm approx.
209,11,Cream Diamonds,7,SIZE,6111,7.5 mm approx.
209,11,Cream Diamonds,7,SIZE,6166,7.6 mm approx.
209,11,Cream Diamonds,8,COLOR,7524,Cream
209,11,Cream Diamonds,8,COLOR,7588,Fancy Cream
209,11,Cream Diamonds,10,SHAPE,7670,Round
209,11,Cream Diamonds,11,LUSTER,7918,Nice
209,11,Cream Diamonds,12,HARDNESS,7941,10
209,11,Cream Diamonds,19,NAME,8410,Diamond
209,11,Cream Diamonds,22,CLARITY,8592,I2
209,11,Cream Diamonds,22,CLARITY,8824,I3
209,11,Cream Diamonds,22,CLARITY,8584,I3-I4
210,32,Cabochon Chrome Diopside,1,TREATMENT,1,Heat Treated
210,32,Cabochon Chrome Diopside,1,TREATMENT,6,Natural
210,32,Cabochon Chrome Diopside,1,TREATMENT,3,None
210,32,Cabochon Chrome Diopside,2,ORIGIN,27,Russia
210,32,Cabochon Chrome Diopside,3,CUT,61,Cabochon
210,32,Cabochon Chrome Diopside,4,CLARITY/GRADE,157,A
210,32,Cabochon Chrome Diopside,4,CLARITY/GRADE,145,AA
210,32,Cabochon Chrome Diopside,4,CLARITY/GRADE,144,AAA
210,32,Cabochon Chrome Diopside,4,CLARITY/GRADE,193,Super
210,32,Cabochon Chrome Diopside,6,WEIGHT,3643,0.10 ct.
210,32,Cabochon Chrome Diopside,6,WEIGHT,3534,0.15 ct.
210,32,Cabochon Chrome Diopside,6,WEIGHT,3645,0.26 ct.
210,32,Cabochon Chrome Diopside,6,WEIGHT,3555,0.35 ct.
210,32,Cabochon Chrome Diopside,6,WEIGHT,3523,0.37 ct.
210,32,Cabochon Chrome Diopside,6,WEIGHT,3558,0.5 ct.
210,32,Cabochon Chrome Diopside,6,WEIGHT,3556,0.52 ct.
210,32,Cabochon Chrome Diopside,6,WEIGHT,3543,0.65 ct.
210,32,Cabochon Chrome Diopside,6,WEIGHT,3524,0.75 ct.
210,32,Cabochon Chrome Diopside,6,WEIGHT,3559,1 ct.
210,32,Cabochon Chrome Diopside,6,WEIGHT,3557,1.05 ct.
210,32,Cabochon Chrome Diopside,6,WEIGHT,3536,1.12 ct.
210,32,Cabochon Chrome Diopside,6,WEIGHT,2434,1.25 ct.
210,32,Cabochon Chrome Diopside,6,WEIGHT,4887,1.5 ct.
210,32,Cabochon Chrome Diopside,6,WEIGHT,3544,1.95 ct.
210,32,Cabochon Chrome Diopside,6,WEIGHT,3526,2.25 ct.
210,32,Cabochon Chrome Diopside,6,WEIGHT,3538,3 ct.
210,32,Cabochon Chrome Diopside,6,WEIGHT,3527,3.75 ct.
210,32,Cabochon Chrome Diopside,6,WEIGHT,3539,4.12 ct.
210,32,Cabochon Chrome Diopside,7,SIZE,6363,2.5 mm
210,32,Cabochon Chrome Diopside,7,SIZE,6344,3 mm
210,32,Cabochon Chrome Diopside,7,SIZE,6345,3 mm
210,32,Cabochon Chrome Diopside,7,SIZE,6362,3.5 mm
210,32,Cabochon Chrome Diopside,7,SIZE,6177,4 mm
210,32,Cabochon Chrome Diopside,7,SIZE,6076,5 mm
210,32,Cabochon Chrome Diopside,7,SIZE,6474,5.0 mm
210,32,Cabochon Chrome Diopside,7,SIZE,6535,5x3 mm
210,32,Cabochon Chrome Diopside,7,SIZE,6174,6 mm
210,32,Cabochon Chrome Diopside,7,SIZE,6537,6x4 mm
210,32,Cabochon Chrome Diopside,7,SIZE,6176,7 mm
210,32,Cabochon Chrome Diopside,7,SIZE,6538,7x5 mm
210,32,Cabochon Chrome Diopside,7,SIZE,6263,8 mm
210,32,Cabochon Chrome Diopside,7,SIZE,6562,8x5 mm
210,32,Cabochon Chrome Diopside,7,SIZE,6060,8x6 mm
210,32,Cabochon Chrome Diopside,7,SIZE,6563,9x6 mm
210,32,Cabochon Chrome Diopside,7,SIZE,6043,9x7 mm
210,32,Cabochon Chrome Diopside,8,COLOR,7481,Green
210,32,Cabochon Chrome Diopside,10,SHAPE,7820,Bullet
210,32,Cabochon Chrome Diopside,10,SHAPE,7717,Heart
210,32,Cabochon Chrome Diopside,10,SHAPE,7666,Oval
210,32,Cabochon Chrome Diopside,10,SHAPE,7672,Pear
210,32,Cabochon Chrome Diopside,10,SHAPE,7670,Round
210,32,Cabochon Chrome Diopside,10,SHAPE,9963,Square Sugar Loaf
210,32,Cabochon Chrome Diopside,10,SHAPE,7668,Trillion
210,32,Cabochon Chrome Diopside,11,LUSTER,7925,Very Nice
210,32,Cabochon Chrome Diopside,12,HARDNESS,7950,4.5 - 5.0
210,32,Cabochon Chrome Diopside,12,HARDNESS,7940,5.5 - 6.5
210,32,Cabochon Chrome Diopside,13,GRADE,8037,AAA
210,32,Cabochon Chrome Diopside,19,NAME,8409,Chrome Diopside
212,57,Alpha Specials,1,TREATMENT,13,Color Treated
212,57,Alpha Specials,1,TREATMENT,6,Natural
212,57,Alpha Specials,2,ORIGIN,21,Africa
212,57,Alpha Specials,3,CUT,65,Brilliant
212,57,Alpha Specials,3,CUT,79,Princess Cut
212,57,Alpha Specials,4,CLARITY/GRADE,133,I2
212,57,Alpha Specials,4,CLARITY/GRADE,140,SI2
212,57,Alpha Specials,5,METAL/MATERIAL,207,14k Dualtone Gold
212,57,Alpha Specials,5,METAL/MATERIAL,214,14k Gold
212,57,Alpha Specials,6,WEIGHT,3555,0.35 ct.
212,57,Alpha Specials,6,WEIGHT,3558,0.5 ct.
212,57,Alpha Specials,6,WEIGHT,3501,2 Grams Approx.
212,57,Alpha Specials,7,SIZE,6546,4.45 mm.
212,57,Alpha Specials,8,COLOR,7459,Blue
212,57,Alpha Specials,8,COLOR,7605,IJ
212,57,Alpha Specials,10,SHAPE,7726,Princess
212,57,Alpha Specials,14,NUMBER OF STONES,8079,1
212,57,Alpha Specials,19,NAME,8410,Diamond
212,57,Alpha Specials,23,ITEM,8601,Ring
214,23,Mystic Luxury Topaz,1,TREATMENT,11,Treated
214,23,Mystic Luxury Topaz,2,ORIGIN,43,Brazil
214,23,Mystic Luxury Topaz,3,CUT,65,Brilliant
214,23,Mystic Luxury Topaz,3,CUT,91,Checker Board
214,23,Mystic Luxury Topaz,3,CUT,60,Faceted
214,23,Mystic Luxury Topaz,3,CUT,9923,Rectangular Checkerboard
214,23,Mystic Luxury Topaz,4,CLARITY/GRADE,144,AAA
214,23,Mystic Luxury Topaz,6,WEIGHT,3507,0.3 ct.
214,23,Mystic Luxury Topaz,6,WEIGHT,3852,0.32 ct.
214,23,Mystic Luxury Topaz,6,WEIGHT,3558,0.5 ct.
214,23,Mystic Luxury Topaz,6,WEIGHT,3556,0.52 ct.
214,23,Mystic Luxury Topaz,6,WEIGHT,3511,0.54 ct.
214,23,Mystic Luxury Topaz,6,WEIGHT,3578,0.6 ct.
214,23,Mystic Luxury Topaz,6,WEIGHT,3918,0.62 ct.
214,23,Mystic Luxury Topaz,6,WEIGHT,2378,0.63 Carats
214,23,Mystic Luxury Topaz,6,WEIGHT,3580,0.7 ct.
214,23,Mystic Luxury Topaz,6,WEIGHT,3579,0.8 ct.
214,23,Mystic Luxury Topaz,6,WEIGHT,3515,0.9 ct.
214,23,Mystic Luxury Topaz,6,WEIGHT,3282,0.93 ct.
214,23,Mystic Luxury Topaz,6,WEIGHT,3559,1 ct.
214,23,Mystic Luxury Topaz,6,WEIGHT,1349,1.02 Carats
214,23,Mystic Luxury Topaz,6,WEIGHT,3194,1.04 ct.
214,23,Mystic Luxury Topaz,6,WEIGHT,3599,1.1 ct.
214,23,Mystic Luxury Topaz,6,WEIGHT,3651,1.14 ct.
214,23,Mystic Luxury Topaz,6,WEIGHT,3589,1.2 ct.
214,23,Mystic Luxury Topaz,6,WEIGHT,3607,1.3 ct.
214,23,Mystic Luxury Topaz,6,WEIGHT,2448,1.34 Carts
214,23,Mystic Luxury Topaz,6,WEIGHT,4887,1.5 ct.
214,23,Mystic Luxury Topaz,6,WEIGHT,3603,1.6 ct.
214,23,Mystic Luxury Topaz,6,WEIGHT,4875,1.62 ct
214,23,Mystic Luxury Topaz,6,WEIGHT,9981,11.3 ct.
214,23,Mystic Luxury Topaz,6,WEIGHT,9989,17.1 ct.
214,23,Mystic Luxury Topaz,6,WEIGHT,3561,2 ct.
214,23,Mystic Luxury Topaz,6,WEIGHT,3608,2.05 ct.
214,23,Mystic Luxury Topaz,6,WEIGHT,3626,2.1 ct.
214,23,Mystic Luxury Topaz,6,WEIGHT,3926,2.3 ct.
214,23,Mystic Luxury Topaz,6,WEIGHT,3521,2.4 ct.
214,23,Mystic Luxury Topaz,6,WEIGHT,3353,2.5 ct.
214,23,Mystic Luxury Topaz,6,WEIGHT,4320,2.6 ct.
214,23,Mystic Luxury Topaz,6,WEIGHT,3659,2.7 ct.
214,23,Mystic Luxury Topaz,6,WEIGHT,3627,2.8 ct.
214,23,Mystic Luxury Topaz,6,WEIGHT,4677,2.84 cts.
214,23,Mystic Luxury Topaz,6,WEIGHT,4748,2.93 cts.
214,23,Mystic Luxury Topaz,6,WEIGHT,3538,3 ct.
214,23,Mystic Luxury Topaz,6,WEIGHT,2950,3.12 Carats
214,23,Mystic Luxury Topaz,6,WEIGHT,4319,3.3 ct.
214,23,Mystic Luxury Topaz,6,WEIGHT,3611,3.4 ct.
214,23,Mystic Luxury Topaz,6,WEIGHT,3584,3.5 ct.
214,23,Mystic Luxury Topaz,6,WEIGHT,3621,3.7 ct.
214,23,Mystic Luxury Topaz,6,WEIGHT,3549,4 ct.
214,23,Mystic Luxury Topaz,6,WEIGHT,9977,4.13 ct.
214,23,Mystic Luxury Topaz,6,WEIGHT,3631,4.3 ct.
214,23,Mystic Luxury Topaz,6,WEIGHT,1222,4.33 Carats
214,23,Mystic Luxury Topaz,6,WEIGHT,3528,4.5 ct.
214,23,Mystic Luxury Topaz,6,WEIGHT,4341,4.6 ct.
214,23,Mystic Luxury Topaz,6,WEIGHT,8779,5.34 ct.
214,23,Mystic Luxury Topaz,6,WEIGHT,4329,5.4 ct.
214,23,Mystic Luxury Topaz,6,WEIGHT,4955,5.9 ct.
214,23,Mystic Luxury Topaz,6,WEIGHT,4325,6.1 ct.
214,23,Mystic Luxury Topaz,6,WEIGHT,4489,6.2 ct.
214,23,Mystic Luxury Topaz,6,WEIGHT,4693,6.3 cts.
214,23,Mystic Luxury Topaz,6,WEIGHT,4334,6.4 ct.
214,23,Mystic Luxury Topaz,6,WEIGHT,4718,6.8 cts.
214,23,Mystic Luxury Topaz,6,WEIGHT,3548,7 ct.
214,23,Mystic Luxury Topaz,6,WEIGHT,4330,7.65 ct.
214,23,Mystic Luxury Topaz,6,WEIGHT,3593,8 ct.
214,23,Mystic Luxury Topaz,6,WEIGHT,1330,8.18 Carats
214,23,Mystic Luxury Topaz,6,WEIGHT,4331,9.2 ct.
214,23,Mystic Luxury Topaz,7,SIZE,5969,10 x 8 mm
214,23,Mystic Luxury Topaz,7,SIZE,7324,10mm
214,23,Mystic Luxury Topaz,7,SIZE,6854,10x10 mm
214,23,Mystic Luxury Topaz,7,SIZE,6556,10x7 mm
214,23,Mystic Luxury Topaz,7,SIZE,5998,11x9 mm
214,23,Mystic Luxury Topaz,7,SIZE,6551,12 mm
214,23,Mystic Luxury Topaz,7,SIZE,9833,12.5 mm
214,23,Mystic Luxury Topaz,7,SIZE,5920,12x10 mm
214,23,Mystic Luxury Topaz,7,SIZE,6856,12x12 mm
214,23,Mystic Luxury Topaz,7,SIZE,6847,12x14 mm
214,23,Mystic Luxury Topaz,7,SIZE,5924,12x6 mm
214,23,Mystic Luxury Topaz,7,SIZE,9964,12x9 mm
214,23,Mystic Luxury Topaz,7,SIZE,9847,13x9 mm
214,23,Mystic Luxury Topaz,7,SIZE,7331,14 x 10 mm
214,23,Mystic Luxury Topaz,7,SIZE,6970,14x9 mm
214,23,Mystic Luxury Topaz,7,SIZE,5611,16.5x12.0 mm.
214,23,Mystic Luxury Topaz,7,SIZE,9969,17.5x10 mm
214,23,Mystic Luxury Topaz,7,SIZE,7432,18 x 13 mm
214,23,Mystic Luxury Topaz,7,SIZE,6177,4 mm
214,23,Mystic Luxury Topaz,7,SIZE,6474,5.0 mm
214,23,Mystic Luxury Topaz,7,SIZE,6535,5x3 mm
214,23,Mystic Luxury Topaz,7,SIZE,6578,5x5 mm
214,23,Mystic Luxury Topaz,7,SIZE,6174,6 mm
214,23,Mystic Luxury Topaz,7,SIZE,7320,6 x 3 mm
214,23,Mystic Luxury Topaz,7,SIZE,6537,6x4 mm
214,23,Mystic Luxury Topaz,7,SIZE,6580,6x6 mm
214,23,Mystic Luxury Topaz,7,SIZE,6176,7 mm
214,23,Mystic Luxury Topaz,7,SIZE,6538,7x5 mm
214,23,Mystic Luxury Topaz,7,SIZE,6582,7x7 mm
214,23,Mystic Luxury Topaz,7,SIZE,6263,8 mm
214,23,Mystic Luxury Topaz,7,SIZE,7318,8 x 4 mm
214,23,Mystic Luxury Topaz,7,SIZE,6569,8x4 mm
214,23,Mystic Luxury Topaz,7,SIZE,6562,8x5 mm
214,23,Mystic Luxury Topaz,7,SIZE,6060,8x6 mm
214,23,Mystic Luxury Topaz,7,SIZE,6850,8x8 mm
214,23,Mystic Luxury Topaz,7,SIZE,6282,9 mm
214,23,Mystic Luxury Topaz,7,SIZE,6043,9x7 mm
214,23,Mystic Luxury Topaz,8,COLOR,9934,Aurora Moon
214,23,Mystic Luxury Topaz,8,COLOR,9930,Azotic
214,23,Mystic Luxury Topaz,8,COLOR,7633,Bali
214,23,Mystic Luxury Topaz,8,COLOR,9954,Chartreuse Green
214,23,Mystic Luxury Topaz,8,COLOR,7514,Cognac
214,23,Mystic Luxury Topaz,8,COLOR,9942,Dreamsicle Orange
214,23,Mystic Luxury Topaz,8,COLOR,9956,Early Morn
214,23,Mystic Luxury Topaz,8,COLOR,9953,Emerald Envy
214,23,Mystic Luxury Topaz,8,COLOR,7631,Evergreen
214,23,Mystic Luxury Topaz,8,COLOR,9937,Ginger Cloud
214,23,Mystic Luxury Topaz,8,COLOR,7626,Glacier Blue
214,23,Mystic Luxury Topaz,8,COLOR,9927,Kiwi
214,23,Mystic Luxury Topaz,8,COLOR,9947,Light Pure Pink
214,23,Mystic Luxury Topaz,8,COLOR,9955,Mango Magic
214,23,Mystic Luxury Topaz,8,COLOR,9948,Morgantic
214,23,Mystic Luxury Topaz,8,COLOR,7628,Pareiba
214,23,Mystic Luxury Topaz,8,COLOR,9951,Peony
214,23,Mystic Luxury Topaz,8,COLOR,9931,Pure Pink
214,23,Mystic Luxury Topaz,8,COLOR,9939,Rasberry Champagne
214,23,Mystic Luxury Topaz,8,COLOR,9943,Salmon
214,23,Mystic Luxury Topaz,8,COLOR,9944,Salmon Ice
214,23,Mystic Luxury Topaz,8,COLOR,9945,Salmon Sorbet
214,23,Mystic Luxury Topaz,8,COLOR,9928,Sheer Luck
214,23,Mystic Luxury Topaz,8,COLOR,7625,Teal Blue
214,23,Mystic Luxury Topaz,8,COLOR,7627,Teal Green
214,23,Mystic Luxury Topaz,8,COLOR,9933,Twilight
214,23,Mystic Luxury Topaz,8,COLOR,9936,Twilight Mystic
214,23,Mystic Luxury Topaz,10,SHAPE,7821,Antique cushion
214,23,Mystic Luxury Topaz,10,SHAPE,7691,Baguette
214,23,Mystic Luxury Topaz,10,SHAPE,7695,Cushion
214,23,Mystic Luxury Topaz,10,SHAPE,7742,Emerald
214,23,Mystic Luxury Topaz,10,SHAPE,7768,Fancy
214,23,Mystic Luxury Topaz,10,SHAPE,7717,Heart
214,23,Mystic Luxury Topaz,10,SHAPE,7736,kite shape
214,23,Mystic Luxury Topaz,10,SHAPE,7684,Marquise
214,23,Mystic Luxury Topaz,10,SHAPE,7689,Octagon
214,23,Mystic Luxury Topaz,10,SHAPE,7666,Oval
214,23,Mystic Luxury Topaz,10,SHAPE,7672,Pear
214,23,Mystic Luxury Topaz,10,SHAPE,9958,Rectangle
214,23,Mystic Luxury Topaz,10,SHAPE,7670,Round
214,23,Mystic Luxury Topaz,10,SHAPE,7685,Square
214,23,Mystic Luxury Topaz,10,SHAPE,7668,Trillion
214,23,Mystic Luxury Topaz,11,LUSTER,7925,Very Nice
214,23,Mystic Luxury Topaz,12,HARDNESS,7947,8
214,23,Mystic Luxury Topaz,13,GRADE,8037,AAA
214,23,Mystic Luxury Topaz,19,NAME,9920,Cognac Topaz
214,23,Mystic Luxury Topaz,19,NAME,9910,Ecstasy Topaz
214,23,Mystic Luxury Topaz,19,NAME,9919,Emerald Envy Topaz
214,23,Mystic Luxury Topaz,19,NAME,9909,English Blue Topaz
214,23,Mystic Luxury Topaz,19,NAME,9915,Glacier Blue Topaz
214,23,Mystic Luxury Topaz,19,NAME,9918,Kiwi Topaz
214,23,Mystic Luxury Topaz,19,NAME,9916,Lilac Frost Topaz
214,23,Mystic Luxury Topaz,19,NAME,9917,Peony Topaz
214,23,Mystic Luxury Topaz,19,NAME,9911,Raspberry Champagne Topaz
214,23,Mystic Luxury Topaz,19,NAME,9913,Solomon Sobert Topaz
214,23,Mystic Luxury Topaz,19,NAME,8431,Topaz
215,23,Lapis,1,TREATMENT,11,Treated
215,23,Lapis,2,ORIGIN,54,Afghanistan
215,23,Lapis,3,CUT,61,Cabochon
215,23,Lapis,3,CUT,99,Carving
215,23,Lapis,4,CLARITY/GRADE,144,AAA
215,23,Lapis,6,WEIGHT,4887,1.5 ct.
215,23,Lapis,6,WEIGHT,4536,112 ct.
215,23,Lapis,6,WEIGHT,4534,139 ct.
215,23,Lapis,6,WEIGHT,4507,18 ct.
215,23,Lapis,6,WEIGHT,4513,19 ct.
215,23,Lapis,6,WEIGHT,3561,2 ct.
215,23,Lapis,6,WEIGHT,3581,2.5 ct.
215,23,Lapis,6,WEIGHT,3554,20 ct.
215,23,Lapis,6,WEIGHT,3606,22 ct.
215,23,Lapis,6,WEIGHT,3538,3 ct.
215,23,Lapis,6,WEIGHT,3584,3.5 ct.
215,23,Lapis,6,WEIGHT,4529,36 ct.
215,23,Lapis,6,WEIGHT,3549,4 ct.
215,23,Lapis,6,WEIGHT,4494,4.25 ct.
215,23,Lapis,6,WEIGHT,3590,5 ct.
215,23,Lapis,6,WEIGHT,3529,6 ct.
215,23,Lapis,6,WEIGHT,3548,7 ct.
215,23,Lapis,6,WEIGHT,4535,75 ct.
215,23,Lapis,6,WEIGHT,4537,76 ct.
215,23,Lapis,6,WEIGHT,3593,8 ct.
215,23,Lapis,6,WEIGHT,4526,96 ct.
215,23,Lapis,7,SIZE,5984,10 mm
215,23,Lapis,7,SIZE,6561,10x5 mm
215,23,Lapis,7,SIZE,6926,11x5 mm
215,23,Lapis,7,SIZE,6859,13x7 mm
215,23,Lapis,7,SIZE,6852,15 mm
215,23,Lapis,7,SIZE,6553,16x12 mm
215,23,Lapis,7,SIZE,6897,16x7 mm
215,23,Lapis,7,SIZE,6855,16x8 mm
215,23,Lapis,7,SIZE,6554,18x13 mm
215,23,Lapis,7,SIZE,6930,18x9 mm
215,23,Lapis,7,SIZE,6871,20 mm
215,23,Lapis,7,SIZE,6878,20x12 mm
215,23,Lapis,7,SIZE,6928,24x18 mm
215,23,Lapis,7,SIZE,6924,30x20 mm
215,23,Lapis,7,SIZE,6929,45x25 mm
215,23,Lapis,7,SIZE,6909,45x30 mm
215,23,Lapis,7,SIZE,6913,50x40 mm
215,23,Lapis,7,SIZE,6174,6 mm
215,23,Lapis,7,SIZE,6191,7
215,23,Lapis,7,SIZE,6282,9 mm
215,23,Lapis,8,COLOR,7459,Blue
215,23,Lapis,8,COLOR,7636,Deep Blue
215,23,Lapis,10,SHAPE,7820,Bullet
215,23,Lapis,10,SHAPE,7695,Cushion
215,23,Lapis,10,SHAPE,7839,Donut
215,23,Lapis,10,SHAPE,7768,Fancy
215,23,Lapis,10,SHAPE,7666,Oval
215,23,Lapis,10,SHAPE,7834,Oval Bullet
215,23,Lapis,10,SHAPE,7840,Ring
215,23,Lapis,10,SHAPE,7838,Square Sugar Loaf
215,23,Lapis,11,LUSTER,7918,Nice
215,23,Lapis,12,HARDNESS,8033,5.0 - 5.5
215,23,Lapis,13,GRADE,8037,AAA
215,23,Lapis,19,NAME,8492,Lapis
215,23,Lapis,30,AVAILABLE AS,8876,Semi-Precious Lot
215,23,Lapis,36,APPROX. NUMBER OF STONES,9440,4 Pcs.
216,23,Briolettes,1,TREATMENT,8724,Colored
216,23,Briolettes,1,TREATMENT,1,Heat Treated
216,23,Briolettes,1,TREATMENT,6,Natural
216,23,Briolettes,1,TREATMENT,3,None
216,23,Briolettes,1,TREATMENT,11,Treated
216,23,Briolettes,2,ORIGIN,54,Afghanistan
216,23,Briolettes,2,ORIGIN,8726,Africa
216,23,Briolettes,2,ORIGIN,21,Africa
216,23,Briolettes,2,ORIGIN,43,Brazil
216,23,Briolettes,2,ORIGIN,23,India
216,23,Briolettes,2,ORIGIN,8725,India
216,23,Briolettes,2,ORIGIN,56,USA
216,23,Briolettes,3,CUT,61,Cabochon
216,23,Briolettes,3,CUT,103,Carved
216,23,Briolettes,3,CUT,99,Carving
216,23,Briolettes,3,CUT,91,Checker Board
216,23,Briolettes,3,CUT,60,Faceted
216,23,Briolettes,3,CUT,114,Nugget
216,23,Briolettes,3,CUT,111,Smooth
216,23,Briolettes,4,CLARITY/GRADE,144,AAA
216,23,Briolettes,6,WEIGHT,3524,0.75 ct.
216,23,Briolettes,6,WEIGHT,3559,1 ct.
216,23,Briolettes,6,WEIGHT,2434,1.25 ct.
216,23,Briolettes,6,WEIGHT,3603,1.6 ct.
216,23,Briolettes,6,WEIGHT,3585,10 ct.
216,23,Briolettes,6,WEIGHT,3605,10.5 ct.
216,23,Briolettes,6,WEIGHT,4502,11 ct.
216,23,Briolettes,6,WEIGHT,4500,11.5 ct.
216,23,Briolettes,6,WEIGHT,3552,12 ct.
216,23,Briolettes,6,WEIGHT,4521,13.5 ct.
216,23,Briolettes,6,WEIGHT,4509,14 ct.
216,23,Briolettes,6,WEIGHT,3929,15 ct.
216,23,Briolettes,6,WEIGHT,4703,15 cts.
216,23,Briolettes,6,WEIGHT,4504,17 ct.
216,23,Briolettes,6,WEIGHT,4512,17.5 ct.
216,23,Briolettes,6,WEIGHT,4507,18 ct.
216,23,Briolettes,6,WEIGHT,8746,18.75 ct.
216,23,Briolettes,6,WEIGHT,3561,2 ct.
216,23,Briolettes,6,WEIGHT,4501,24 ct.
216,23,Briolettes,6,WEIGHT,4511,27 ct.
216,23,Briolettes,6,WEIGHT,3538,3 ct.
216,23,Briolettes,6,WEIGHT,3582,3.25 ct.
216,23,Briolettes,6,WEIGHT,3584,3.5 ct.
216,23,Briolettes,6,WEIGHT,3549,4 ct.
216,23,Briolettes,6,WEIGHT,4494,4.25 ct.
216,23,Briolettes,6,WEIGHT,4496,4.75 ct.
216,23,Briolettes,6,WEIGHT,4503,40 ct.
216,23,Briolettes,6,WEIGHT,3590,5 ct.
216,23,Briolettes,6,WEIGHT,3592,5.5 ct.
216,23,Briolettes,6,WEIGHT,3529,6 ct.
216,23,Briolettes,6,WEIGHT,3550,6.5 ct.
216,23,Briolettes,6,WEIGHT,4821,6.75 ct.
216,23,Briolettes,6,WEIGHT,3530,7.5 ct.
216,23,Briolettes,6,WEIGHT,3593,8 ct.
216,23,Briolettes,6,WEIGHT,3531,9 ct.
216,23,Briolettes,6,WEIGHT,3612,9.5 ct.
216,23,Briolettes,7,SIZE,5984,10 mm
216,23,Briolettes,7,SIZE,6556,10x7 mm
216,23,Briolettes,7,SIZE,5996,10x8 mm
216,23,Briolettes,7,SIZE,6551,12 mm
216,23,Briolettes,7,SIZE,7456,12 x 8 mm
216,23,Briolettes,7,SIZE,6564,12x8 mm
216,23,Briolettes,7,SIZE,6272,14 mm
216,23,Briolettes,7,SIZE,7331,14 x 10 mm
216,23,Briolettes,7,SIZE,7433,14 x 9 mm
216,23,Briolettes,7,SIZE,6550,14x10 mm
216,23,Briolettes,7,SIZE,6541,14x11 mm
216,23,Briolettes,7,SIZE,6857,14x7 mm
216,23,Briolettes,7,SIZE,5974,15 x 10 mm
216,23,Briolettes,7,SIZE,7395,15 x 7 mm
216,23,Briolettes,7,SIZE,7392,15 x 8 mm
216,23,Briolettes,7,SIZE,6570,15x7 mm
216,23,Briolettes,7,SIZE,6872,16x10 mm
216,23,Briolettes,7,SIZE,6855,16x8 mm
216,23,Briolettes,7,SIZE,7454,17 x 10 mm
216,23,Briolettes,7,SIZE,6894,17x10 mm
216,23,Briolettes,7,SIZE,6882,17x8 mm
216,23,Briolettes,7,SIZE,6870,18 mm
216,23,Briolettes,7,SIZE,7453,18 x 12 mm
216,23,Briolettes,7,SIZE,6864,18x10 mm
216,23,Briolettes,7,SIZE,6961,18x11 mm
216,23,Briolettes,7,SIZE,7451,20 x 12 mm
216,23,Briolettes,7,SIZE,6878,20x12 mm
216,23,Briolettes,7,SIZE,6883,20x9 mm
216,23,Briolettes,7,SIZE,8740,22 x 15 mm
216,23,Briolettes,7,SIZE,7207,22x14 mm
216,23,Briolettes,7,SIZE,6966,24x19 mm
216,23,Briolettes,7,SIZE,8732,25 x 9 mm
216,23,Briolettes,7,SIZE,6937,27x11 mm
216,23,Briolettes,7,SIZE,6876,28x12 mm
216,23,Briolettes,7,SIZE,6875,28x9 mm
216,23,Briolettes,7,SIZE,7447,30 x 12 mm
216,23,Briolettes,7,SIZE,8731,38 x 12 mm
216,23,Briolettes,7,SIZE,7289,7 x 5 mm
216,23,Briolettes,7,SIZE,6538,7x5 mm
216,23,Briolettes,7,SIZE,6263,8 mm
216,23,Briolettes,7,SIZE,6563,9x6 mm
216,23,Briolettes,7,SIZE,6043,9x7 mm
216,23,Briolettes,8,COLOR,7503,Black
216,23,Briolettes,8,COLOR,7459,Blue
216,23,Briolettes,8,COLOR,7469,Golden
216,23,Briolettes,8,COLOR,7654,Golden Green
216,23,Briolettes,8,COLOR,7481,Green
216,23,Briolettes,8,COLOR,8718,Honey Brown
216,23,Briolettes,8,COLOR,7521,Light Green
216,23,Briolettes,8,COLOR,7658,Peach
216,23,Briolettes,8,COLOR,7507,Pink
216,23,Briolettes,8,COLOR,7653,Red-Orange
216,23,Briolettes,8,COLOR,7635,Rose
216,23,Briolettes,8,COLOR,7638,Smokey
216,23,Briolettes,8,COLOR,7607,Swiss blue
216,23,Briolettes,8,COLOR,7506,Violet
216,23,Briolettes,8,COLOR,7501,White
216,23,Briolettes,10,SHAPE,7844,Bead
216,23,Briolettes,10,SHAPE,7814,Briolette
216,23,Briolettes,10,SHAPE,7847,Briolette Buff Top
216,23,Briolettes,10,SHAPE,7848,Briolette Drop
216,23,Briolettes,10,SHAPE,7820,Bullet
216,23,Briolettes,10,SHAPE,7860,Drop Bead
216,23,Briolettes,10,SHAPE,7768,Fancy
216,23,Briolettes,10,SHAPE,7879,Oval Briolette
216,23,Briolettes,10,SHAPE,7835,Oval Briolettes
216,23,Briolettes,10,SHAPE,8720,Pear Bead
216,23,Briolettes,10,SHAPE,7826,Pitcher
216,23,Briolettes,10,SHAPE,7819,Round Briolette
216,23,Briolettes,10,SHAPE,7822,Round Briolettes
216,23,Briolettes,11,LUSTER,7929,Fair
216,23,Briolettes,11,LUSTER,7915,Fine
216,23,Briolettes,11,LUSTER,7918,Nice
216,23,Briolettes,11,LUSTER,7927,Opaque
216,23,Briolettes,11,LUSTER,7925,Very Nice
216,23,Briolettes,12,HARDNESS,7946,6
216,23,Briolettes,12,HARDNESS,8802,6.0 - 6.5
216,23,Briolettes,12,HARDNESS,7939,6.5 - 7.0
216,23,Briolettes,12,HARDNESS,7933,7
216,23,Briolettes,12,HARDNESS,7985,7
216,23,Briolettes,12,HARDNESS,7934,7.0 - 7.5
216,23,Briolettes,12,HARDNESS,7947,8
216,23,Briolettes,12,HARDNESS,7932,9
216,23,Briolettes,13,GRADE,8037,AAA
216,23,Briolettes,19,NAME,8398,Amethyst
216,23,Briolettes,19,NAME,8472,Amethyst
216,23,Briolettes,19,NAME,8709,Black Onyx
216,23,Briolettes,19,NAME,8505,Carnelian
216,23,Briolettes,19,NAME,8496,Chalcedony
216,23,Briolettes,19,NAME,8400,Citrine
216,23,Briolettes,19,NAME,8710,Crystal Quartz
216,23,Briolettes,19,NAME,8711,Dyed Quartz
216,23,Briolettes,19,NAME,8712,Gold Quartz
216,23,Briolettes,19,NAME,8456,Golden Citrine
216,23,Briolettes,19,NAME,8799,Madeira Citrine
216,23,Briolettes,19,NAME,8514,Moonstone
216,23,Briolettes,19,NAME,8715,Prehnite
216,23,Briolettes,19,NAME,8490,Quartz
216,23,Briolettes,19,NAME,8396,Sapphire
216,23,Briolettes,19,NAME,8431,Topaz
216,23,Briolettes,20,DEPTH,8521,5 mm
216,23,Briolettes,20,DEPTH,8523,6 mm
216,23,Briolettes,22,CLARITY,8722,Frosted
216,23,Briolettes,22,CLARITY,8586,Opaque
216,23,Briolettes,22,CLARITY,8721,SI
216,23,Briolettes,22,CLARITY,8596,Translucent
216,23,Briolettes,22,CLARITY,8597,Transparent
217,23,Chrysoprase,1,TREATMENT,11,Treated
217,23,Chrysoprase,2,ORIGIN,43,Brazil
217,23,Chrysoprase,3,CUT,61,Cabochon
217,23,Chrysoprase,3,CUT,99,Carving
217,23,Chrysoprase,3,CUT,60,Faceted
217,23,Chrysoprase,4,CLARITY/GRADE,138,Opaque
217,23,Chrysoprase,6,WEIGHT,3555,0.35 ct.
217,23,Chrysoprase,6,WEIGHT,3547,0.4 ct.
217,23,Chrysoprase,6,WEIGHT,3558,0.5 ct.
217,23,Chrysoprase,6,WEIGHT,4887,1.5 ct.
217,23,Chrysoprase,6,WEIGHT,4539,131 ct.
217,23,Chrysoprase,6,WEIGHT,4538,158.5 ct.
217,23,Chrysoprase,6,WEIGHT,3561,2 ct.
217,23,Chrysoprase,6,WEIGHT,3581,2.5 ct.
217,23,Chrysoprase,6,WEIGHT,3590,5 ct.
217,23,Chrysoprase,6,WEIGHT,3530,7.5 ct.
217,23,Chrysoprase,7,SIZE,6561,10x5 mm
217,23,Chrysoprase,7,SIZE,6551,12 mm
217,23,Chrysoprase,7,SIZE,6852,15 mm
217,23,Chrysoprase,7,SIZE,6861,16x14 mm
217,23,Chrysoprase,7,SIZE,6942,20-30 Crts. (lot)
217,23,Chrysoprase,7,SIZE,6344,3 mm
217,23,Chrysoprase,7,SIZE,6941,5-15 Crts. (Lot)
217,23,Chrysoprase,7,SIZE,6535,5x3 mm
217,23,Chrysoprase,7,SIZE,6537,6x4 mm
217,23,Chrysoprase,7,SIZE,6263,8 mm
217,23,Chrysoprase,8,COLOR,7481,Green
217,23,Chrysoprase,10,SHAPE,7820,Bullet
217,23,Chrysoprase,10,SHAPE,7695,Cushion
217,23,Chrysoprase,10,SHAPE,7851,Cushion Sugar Loaf
217,23,Chrysoprase,10,SHAPE,7839,Donut
217,23,Chrysoprase,10,SHAPE,7889,Nugget
217,23,Chrysoprase,10,SHAPE,7666,Oval
217,23,Chrysoprase,10,SHAPE,7834,Oval Bullet
217,23,Chrysoprase,11,LUSTER,7918,Nice
217,23,Chrysoprase,12,HARDNESS,7933,7
217,23,Chrysoprase,19,NAME,8494,Chrysoprase
218,23,Spessartite Garnet,1,TREATMENT,6,Natural
218,23,Spessartite Garnet,2,ORIGIN,23,India
218,23,Spessartite Garnet,3,CUT,61,Cabochon
218,23,Spessartite Garnet,4,CLARITY/GRADE,144,AAA
218,23,Spessartite Garnet,6,WEIGHT,4600,967.35 ct.
218,23,Spessartite Garnet,7,SIZE,6953,9x7-14x10 mm
218,23,Spessartite Garnet,8,COLOR,7464,Orange
218,23,Spessartite Garnet,10,SHAPE,7666,Oval
218,23,Spessartite Garnet,11,LUSTER,7918,Nice
218,23,Spessartite Garnet,12,HARDNESS,7936,6.5 - 7.5
218,23,Spessartite Garnet,19,NAME,8500,Spessartite Garnet
219,23,Chalcedony,1,TREATMENT,6,Natural
219,23,Chalcedony,2,ORIGIN,56,USA
219,23,Chalcedony,3,CUT,61,Cabochon
219,23,Chalcedony,3,CUT,99,Carving
219,23,Chalcedony,3,CUT,91,Checker Board
219,23,Chalcedony,3,CUT,60,Faceted
219,23,Chalcedony,3,CUT,116,Rondelle
219,23,Chalcedony,4,CLARITY/GRADE,144,AAA
219,23,Chalcedony,6,WEIGHT,3559,1 ct.
219,23,Chalcedony,6,WEIGHT,3630,1.7 ct.
219,23,Chalcedony,6,WEIGHT,4439,100 ct.
219,23,Chalcedony,6,WEIGHT,4502,11 ct.
219,23,Chalcedony,6,WEIGHT,4605,18.5 ct.
219,23,Chalcedony,6,WEIGHT,4604,23.9 ct.
219,23,Chalcedony,6,WEIGHT,3584,3.5 ct.
219,23,Chalcedony,6,WEIGHT,3549,4 ct.
219,23,Chalcedony,6,WEIGHT,3528,4.5 ct.
219,23,Chalcedony,6,WEIGHT,3592,5.5 ct.
219,23,Chalcedony,6,WEIGHT,3598,5.75 ct.
219,23,Chalcedony,6,WEIGHT,4606,62 ct.
219,23,Chalcedony,6,WEIGHT,4607,65 ct.
219,23,Chalcedony,6,WEIGHT,4530,67 ct.
219,23,Chalcedony,6,WEIGHT,3548,7 ct.
219,23,Chalcedony,7,SIZE,5984,10 mm
219,23,Chalcedony,7,SIZE,6551,12 mm
219,23,Chalcedony,7,SIZE,6553,16x12 mm
219,23,Chalcedony,7,SIZE,6955,19x15 mm
219,23,Chalcedony,7,SIZE,6915,20x14 mm
219,23,Chalcedony,7,SIZE,6863,30x15 mm
219,23,Chalcedony,7,SIZE,6909,45x30 mm
219,23,Chalcedony,7,SIZE,6913,50x40 mm
219,23,Chalcedony,7,SIZE,6263,8 mm
219,23,Chalcedony,7,SIZE,6569,8x4 mm
219,23,Chalcedony,7,SIZE,6282,9 mm
219,23,Chalcedony,8,COLOR,7459,Blue
219,23,Chalcedony,8,COLOR,7596,Blue-Green
219,23,Chalcedony,8,COLOR,7481,Green
219,23,Chalcedony,8,COLOR,7479,Violet Blue
219,23,Chalcedony,10,SHAPE,7844,Bead
219,23,Chalcedony,10,SHAPE,7820,Bullet
219,23,Chalcedony,10,SHAPE,7694,Long Cushion
219,23,Chalcedony,10,SHAPE,7666,Oval
219,23,Chalcedony,10,SHAPE,7853,Oval Beads
219,23,Chalcedony,10,SHAPE,7834,Oval Bullet
219,23,Chalcedony,10,SHAPE,7670,Round
219,23,Chalcedony,11,LUSTER,7918,Nice
219,23,Chalcedony,12,HARDNESS,7939,6.5 - 7.0
219,23,Chalcedony,19,NAME,8496,Chalcedony
220,23,Onyx,1,TREATMENT,11,Treated
220,23,Onyx,2,ORIGIN,43,Brazil
220,23,Onyx,3,CUT,61,Cabochon
220,23,Onyx,3,CUT,99,Carving
220,23,Onyx,3,CUT,91,Checker Board
220,23,Onyx,3,CUT,60,Faceted
220,23,Onyx,3,CUT,114,Nugget
220,23,Onyx,4,CLARITY/GRADE,138,Opaque
220,23,Onyx,6,WEIGHT,3644,0.20 ct.
220,23,Onyx,6,WEIGHT,3562,0.25 ct.
220,23,Onyx,6,WEIGHT,3555,0.35 ct.
220,23,Onyx,6,WEIGHT,3558,0.5 ct.
220,23,Onyx,6,WEIGHT,3559,1 ct.
220,23,Onyx,6,WEIGHT,3599,1.1 ct.
220,23,Onyx,6,WEIGHT,3589,1.2 ct.
220,23,Onyx,6,WEIGHT,2434,1.25 ct.
220,23,Onyx,6,WEIGHT,4887,1.5 ct.
220,23,Onyx,6,WEIGHT,3591,1.75 ct.
220,23,Onyx,6,WEIGHT,3585,10 ct.
220,23,Onyx,6,WEIGHT,3605,10.5 ct.
220,23,Onyx,6,WEIGHT,4439,100 ct.
220,23,Onyx,6,WEIGHT,4502,11 ct.
220,23,Onyx,6,WEIGHT,4500,11.5 ct.
220,23,Onyx,6,WEIGHT,3552,12 ct.
220,23,Onyx,6,WEIGHT,3586,13 ct.
220,23,Onyx,6,WEIGHT,4521,13.5 ct.
220,23,Onyx,6,WEIGHT,4509,14 ct.
220,23,Onyx,6,WEIGHT,3929,15 ct.
220,23,Onyx,6,WEIGHT,3553,16 ct.
220,23,Onyx,6,WEIGHT,4504,17 ct.
220,23,Onyx,6,WEIGHT,4507,18 ct.
220,23,Onyx,6,WEIGHT,3561,2 ct.
220,23,Onyx,6,WEIGHT,3581,2.5 ct.
220,23,Onyx,6,WEIGHT,3554,20 ct.
220,23,Onyx,6,WEIGHT,4490,20.5 ct.
220,23,Onyx,6,WEIGHT,3606,22 ct.
220,23,Onyx,6,WEIGHT,4501,24 ct.
220,23,Onyx,6,WEIGHT,4454,25 ct.
220,23,Onyx,6,WEIGHT,4498,26 ct.
220,23,Onyx,6,WEIGHT,3538,3 ct.
220,23,Onyx,6,WEIGHT,3584,3.5 ct.
220,23,Onyx,6,WEIGHT,3527,3.75 ct.
220,23,Onyx,6,WEIGHT,4383,30 ct.
220,23,Onyx,6,WEIGHT,4825,34 ct.
220,23,Onyx,6,WEIGHT,4508,35 ct.
220,23,Onyx,6,WEIGHT,3549,4 ct.
220,23,Onyx,6,WEIGHT,3528,4.5 ct.
220,23,Onyx,6,WEIGHT,4496,4.75 ct.
220,23,Onyx,6,WEIGHT,3590,5 ct.
220,23,Onyx,6,WEIGHT,3592,5.5 ct.
220,23,Onyx,6,WEIGHT,3529,6 ct.
220,23,Onyx,6,WEIGHT,3550,6.5 ct.
220,23,Onyx,6,WEIGHT,4821,6.75 ct.
220,23,Onyx,6,WEIGHT,4528,60 ct.
220,23,Onyx,6,WEIGHT,4611,62.1 ct.
220,23,Onyx,6,WEIGHT,4615,68 ct.
220,23,Onyx,6,WEIGHT,4613,69 ct.
220,23,Onyx,6,WEIGHT,3530,7.5 ct.
220,23,Onyx,6,WEIGHT,4614,7.75 ct.
220,23,Onyx,6,WEIGHT,4535,75 ct.
220,23,Onyx,6,WEIGHT,3593,8 ct.
220,23,Onyx,6,WEIGHT,3600,8.5 ct.
220,23,Onyx,6,WEIGHT,3612,9.5 ct.
220,23,Onyx,6,WEIGHT,4610,92 ct.
220,23,Onyx,7,SIZE,5984,10 mm
220,23,Onyx,7,SIZE,6561,10x5 mm
220,23,Onyx,7,SIZE,5996,10x8 mm
220,23,Onyx,7,SIZE,6890,10x9 mm
220,23,Onyx,7,SIZE,5977,11 mm
220,23,Onyx,7,SIZE,6551,12 mm
220,23,Onyx,7,SIZE,5920,12x10 mm
220,23,Onyx,7,SIZE,6869,12x5 mm
220,23,Onyx,7,SIZE,5924,12x6 mm
220,23,Onyx,7,SIZE,6552,13 mm
220,23,Onyx,7,SIZE,5926,13x10 mm
220,23,Onyx,7,SIZE,6903,13x5 mm
220,23,Onyx,7,SIZE,6272,14 mm
220,23,Onyx,7,SIZE,6550,14x10 mm
220,23,Onyx,7,SIZE,6541,14x11 mm
220,23,Onyx,7,SIZE,6558,14x12 mm
220,23,Onyx,7,SIZE,6868,14x6 mm
220,23,Onyx,7,SIZE,6887,14x8 mm
220,23,Onyx,7,SIZE,6852,15 mm
220,23,Onyx,7,SIZE,6565,15x10 mm
220,23,Onyx,7,SIZE,6963,15x11 mm
220,23,Onyx,7,SIZE,6570,15x7 mm
220,23,Onyx,7,SIZE,6005,15x8 mm
220,23,Onyx,7,SIZE,6885,16 mm
220,23,Onyx,7,SIZE,6553,16x12 mm
220,23,Onyx,7,SIZE,6861,16x14 mm
220,23,Onyx,7,SIZE,6922,16x9 mm
220,23,Onyx,7,SIZE,7454,17 x 10 mm
220,23,Onyx,7,SIZE,6882,17x8 mm
220,23,Onyx,7,SIZE,6864,18x10 mm
220,23,Onyx,7,SIZE,6961,18x11 mm
220,23,Onyx,7,SIZE,6892,18x12 mm
220,23,Onyx,7,SIZE,6554,18x13 mm
220,23,Onyx,7,SIZE,6860,18x14 mm
220,23,Onyx,7,SIZE,6958,18x15 mm
220,23,Onyx,7,SIZE,6886,18x16 mm
220,23,Onyx,7,SIZE,6960,18x9
220,23,Onyx,7,SIZE,6930,18x9 mm
220,23,Onyx,7,SIZE,6871,20 mm
220,23,Onyx,7,SIZE,7451,20 x 12 mm
220,23,Onyx,7,SIZE,6873,20x10 mm
220,23,Onyx,7,SIZE,6901,20x13 mm
220,23,Onyx,7,SIZE,6915,20x14 mm
220,23,Onyx,7,SIZE,6555,20x15 mm
220,23,Onyx,7,SIZE,6902,22 mm
220,23,Onyx,7,SIZE,6862,22x12 mm
220,23,Onyx,7,SIZE,6927,24x20 mm
220,23,Onyx,7,SIZE,6964,25 mm
220,23,Onyx,7,SIZE,6904,26x18 mm
220,23,Onyx,7,SIZE,8804,27 x 15 mm
220,23,Onyx,7,SIZE,6962,28x15 mm
220,23,Onyx,7,SIZE,6344,3 mm
220,23,Onyx,7,SIZE,6863,30x15 mm
220,23,Onyx,7,SIZE,6957,30x21 mm
220,23,Onyx,7,SIZE,6907,30x22 mm
220,23,Onyx,7,SIZE,6921,33x20 mm
220,23,Onyx,7,SIZE,6965,34x24 mm
220,23,Onyx,7,SIZE,6177,4 mm
220,23,Onyx,7,SIZE,6923,45x24 mm
220,23,Onyx,7,SIZE,6909,45x30 mm
220,23,Onyx,7,SIZE,6076,5 mm
220,23,Onyx,7,SIZE,6913,50x40 mm
220,23,Onyx,7,SIZE,6535,5x3 mm
220,23,Onyx,7,SIZE,6174,6 mm
220,23,Onyx,7,SIZE,6537,6x4 mm
220,23,Onyx,7,SIZE,6176,7 mm
220,23,Onyx,7,SIZE,6263,8 mm
220,23,Onyx,7,SIZE,6569,8x4 mm
220,23,Onyx,7,SIZE,6282,9 mm
220,23,Onyx,8,COLOR,7503,Black
220,23,Onyx,8,COLOR,7481,Green
220,23,Onyx,10,SHAPE,7814,Briolette
220,23,Onyx,10,SHAPE,7820,Bullet
220,23,Onyx,10,SHAPE,7695,Cushion
220,23,Onyx,10,SHAPE,7839,Donut
220,23,Onyx,10,SHAPE,7858,Donut Square
220,23,Onyx,10,SHAPE,7857,Drilled Drop
220,23,Onyx,10,SHAPE,7831,Drop
220,23,Onyx,10,SHAPE,7860,Drop Bead
220,23,Onyx,10,SHAPE,7841,Fancy Square
220,23,Onyx,10,SHAPE,7855,Flat Oval
220,23,Onyx,10,SHAPE,7694,Long Cushion
220,23,Onyx,10,SHAPE,7666,Oval
220,23,Onyx,10,SHAPE,7834,Oval Bullet
220,23,Onyx,10,SHAPE,7670,Round
220,23,Onyx,10,SHAPE,7854,Round Bead
220,23,Onyx,10,SHAPE,7819,Round Briolette
220,23,Onyx,10,SHAPE,7856,Sugar Loaf
220,23,Onyx,11,LUSTER,7918,Nice
220,23,Onyx,12,HARDNESS,7933,7
220,23,Onyx,13,GRADE,8037,AAA
220,23,Onyx,19,NAME,8709,Black Onyx
220,23,Onyx,19,NAME,8501,Onyx
220,23,Onyx,22,CLARITY,8586,Opaque
221,253,Smoky Quartz,1,TREATMENT,11,Treated
221,253,Smoky Quartz,2,ORIGIN,43,Brazil
221,253,Smoky Quartz,3,CUT,61,Cabochon
221,253,Smoky Quartz,3,CUT,91,Checker Board
221,253,Smoky Quartz,3,CUT,60,Faceted
221,253,Smoky Quartz,4,CLARITY/GRADE,144,AAA
221,253,Smoky Quartz,6,WEIGHT,3585,10 ct.
221,253,Smoky Quartz,6,WEIGHT,3605,10.5 ct.
221,253,Smoky Quartz,6,WEIGHT,4502,11 ct.
221,253,Smoky Quartz,6,WEIGHT,4500,11.5 ct.
221,253,Smoky Quartz,6,WEIGHT,3586,13 ct.
221,253,Smoky Quartz,6,WEIGHT,3929,15 ct.
221,253,Smoky Quartz,6,WEIGHT,4504,17 ct.
221,253,Smoky Quartz,6,WEIGHT,4523,23 ct.
221,253,Smoky Quartz,6,WEIGHT,4501,24 ct.
221,253,Smoky Quartz,6,WEIGHT,4454,25 ct.
221,253,Smoky Quartz,6,WEIGHT,4617,267 ct. (Lot)
221,253,Smoky Quartz,6,WEIGHT,3584,3.5 ct.
221,253,Smoky Quartz,6,WEIGHT,4383,30 ct.
221,253,Smoky Quartz,6,WEIGHT,4616,300 ct. (Lot)
221,253,Smoky Quartz,6,WEIGHT,3549,4 ct.
221,253,Smoky Quartz,6,WEIGHT,4494,4.25 ct.
221,253,Smoky Quartz,6,WEIGHT,4503,40 ct.
221,253,Smoky Quartz,6,WEIGHT,4524,42 ct.
221,253,Smoky Quartz,6,WEIGHT,3529,6 ct.
221,253,Smoky Quartz,6,WEIGHT,3548,7 ct.
221,253,Smoky Quartz,6,WEIGHT,4618,77 ct.
221,253,Smoky Quartz,6,WEIGHT,3593,8 ct.
221,253,Smoky Quartz,6,WEIGHT,3600,8.5 ct.
221,253,Smoky Quartz,6,WEIGHT,3531,9 ct.
221,253,Smoky Quartz,7,SIZE,5984,10 mm
221,253,Smoky Quartz,7,SIZE,6968,10-20 Cts
221,253,Smoky Quartz,7,SIZE,5977,11 mm
221,253,Smoky Quartz,7,SIZE,6551,12 mm
221,253,Smoky Quartz,7,SIZE,6272,14 mm
221,253,Smoky Quartz,7,SIZE,6550,14x10 mm
221,253,Smoky Quartz,7,SIZE,6857,14x7 mm
221,253,Smoky Quartz,7,SIZE,6887,14x8 mm
221,253,Smoky Quartz,7,SIZE,6970,14x9 mm
221,253,Smoky Quartz,7,SIZE,6852,15 mm
221,253,Smoky Quartz,7,SIZE,6570,15x7 mm
221,253,Smoky Quartz,7,SIZE,6885,16 mm
221,253,Smoky Quartz,7,SIZE,6894,17x10 mm
221,253,Smoky Quartz,7,SIZE,6870,18 mm
221,253,Smoky Quartz,7,SIZE,6864,18x10 mm
221,253,Smoky Quartz,7,SIZE,6892,18x12 mm
221,253,Smoky Quartz,7,SIZE,6554,18x13 mm
221,253,Smoky Quartz,7,SIZE,6871,20 mm
221,253,Smoky Quartz,7,SIZE,6555,20x15 mm
221,253,Smoky Quartz,7,SIZE,6883,20x9 mm
221,253,Smoky Quartz,7,SIZE,6862,22x12 mm
221,253,Smoky Quartz,7,SIZE,6966,24x19 mm
221,253,Smoky Quartz,7,SIZE,6927,24x20 mm
221,253,Smoky Quartz,7,SIZE,6863,30x15 mm
221,253,Smoky Quartz,7,SIZE,6907,30x22 mm
221,253,Smoky Quartz,7,SIZE,6971,35x24 mm
221,253,Smoky Quartz,7,SIZE,6969,5-15 Cts
221,253,Smoky Quartz,7,SIZE,6263,8 mm
221,253,Smoky Quartz,8,COLOR,7638,Smokey
221,253,Smoky Quartz,10,SHAPE,7814,Briolette
221,253,Smoky Quartz,10,SHAPE,7695,Cushion
221,253,Smoky Quartz,10,SHAPE,7831,Drop
221,253,Smoky Quartz,10,SHAPE,7862,Drop Nuggets
221,253,Smoky Quartz,10,SHAPE,7865,Fancy Drop
221,253,Smoky Quartz,10,SHAPE,7859,Fine Nuggets
221,253,Smoky Quartz,10,SHAPE,7694,Long Cushion
221,253,Smoky Quartz,10,SHAPE,7666,Oval
221,253,Smoky Quartz,10,SHAPE,7846,Rondelle
221,253,Smoky Quartz,10,SHAPE,7863,Rosecut Oval
221,253,Smoky Quartz,10,SHAPE,7670,Round
221,253,Smoky Quartz,11,LUSTER,7918,Nice
221,253,Smoky Quartz,12,HARDNESS,7933,7
221,253,Smoky Quartz,19,NAME,8490,Quartz
222,220,Cabochon Onyx,1,TREATMENT,11,Treated
222,220,Cabochon Onyx,2,ORIGIN,43,Brazil
222,220,Cabochon Onyx,3,CUT,61,Cabochon
222,220,Cabochon Onyx,4,CLARITY/GRADE,138,Opaque
222,220,Cabochon Onyx,6,WEIGHT,3644,0.20 ct.
222,220,Cabochon Onyx,6,WEIGHT,3562,0.25 ct.
222,220,Cabochon Onyx,6,WEIGHT,3555,0.35 ct.
222,220,Cabochon Onyx,6,WEIGHT,3558,0.5 ct.
222,220,Cabochon Onyx,6,WEIGHT,3559,1 ct.
222,220,Cabochon Onyx,6,WEIGHT,3599,1.1 ct.
222,220,Cabochon Onyx,6,WEIGHT,3589,1.2 ct.
222,220,Cabochon Onyx,6,WEIGHT,4887,1.5 ct.
222,220,Cabochon Onyx,6,WEIGHT,3585,10 ct.
222,220,Cabochon Onyx,6,WEIGHT,4439,100 ct.
222,220,Cabochon Onyx,6,WEIGHT,4502,11 ct.
222,220,Cabochon Onyx,6,WEIGHT,4500,11.5 ct.
222,220,Cabochon Onyx,6,WEIGHT,3552,12 ct.
222,220,Cabochon Onyx,6,WEIGHT,4504,17 ct.
222,220,Cabochon Onyx,6,WEIGHT,3561,2 ct.
222,220,Cabochon Onyx,6,WEIGHT,3581,2.5 ct.
222,220,Cabochon Onyx,6,WEIGHT,3606,22 ct.
222,220,Cabochon Onyx,6,WEIGHT,3538,3 ct.
222,220,Cabochon Onyx,6,WEIGHT,3584,3.5 ct.
222,220,Cabochon Onyx,6,WEIGHT,3527,3.75 ct.
222,220,Cabochon Onyx,6,WEIGHT,4383,30 ct.
222,220,Cabochon Onyx,6,WEIGHT,3549,4 ct.
222,220,Cabochon Onyx,6,WEIGHT,3528,4.5 ct.
222,220,Cabochon Onyx,6,WEIGHT,4496,4.75 ct.
222,220,Cabochon Onyx,6,WEIGHT,3590,5 ct.
222,220,Cabochon Onyx,6,WEIGHT,3592,5.5 ct.
222,220,Cabochon Onyx,6,WEIGHT,3529,6 ct.
222,220,Cabochon Onyx,6,WEIGHT,3550,6.5 ct.
222,220,Cabochon Onyx,6,WEIGHT,4528,60 ct.
222,220,Cabochon Onyx,6,WEIGHT,4615,68 ct.
222,220,Cabochon Onyx,6,WEIGHT,4613,69 ct.
222,220,Cabochon Onyx,6,WEIGHT,3530,7.5 ct.
222,220,Cabochon Onyx,6,WEIGHT,4614,7.75 ct.
222,220,Cabochon Onyx,6,WEIGHT,4535,75 ct.
222,220,Cabochon Onyx,6,WEIGHT,3593,8 ct.
222,220,Cabochon Onyx,6,WEIGHT,3600,8.5 ct.
222,220,Cabochon Onyx,6,WEIGHT,3612,9.5 ct.
222,220,Cabochon Onyx,7,SIZE,5984,10 mm
222,220,Cabochon Onyx,7,SIZE,6561,10x5 mm
222,220,Cabochon Onyx,7,SIZE,5996,10x8 mm
222,220,Cabochon Onyx,7,SIZE,6551,12 mm
222,220,Cabochon Onyx,7,SIZE,5920,12x10 mm
222,220,Cabochon Onyx,7,SIZE,6869,12x5 mm
222,220,Cabochon Onyx,7,SIZE,5924,12x6 mm
222,220,Cabochon Onyx,7,SIZE,5926,13x10 mm
222,220,Cabochon Onyx,7,SIZE,6903,13x5 mm
222,220,Cabochon Onyx,7,SIZE,6272,14 mm
222,220,Cabochon Onyx,7,SIZE,6550,14x10 mm
222,220,Cabochon Onyx,7,SIZE,6558,14x12 mm
222,220,Cabochon Onyx,7,SIZE,6868,14x6 mm
222,220,Cabochon Onyx,7,SIZE,6852,15 mm
222,220,Cabochon Onyx,7,SIZE,6570,15x7 mm
222,220,Cabochon Onyx,7,SIZE,6553,16x12 mm
222,220,Cabochon Onyx,7,SIZE,6861,16x14 mm
222,220,Cabochon Onyx,7,SIZE,6922,16x9 mm
222,220,Cabochon Onyx,7,SIZE,6892,18x12 mm
222,220,Cabochon Onyx,7,SIZE,6554,18x13 mm
222,220,Cabochon Onyx,7,SIZE,6886,18x16 mm
222,220,Cabochon Onyx,7,SIZE,6960,18x9
222,220,Cabochon Onyx,7,SIZE,6930,18x9 mm
222,220,Cabochon Onyx,7,SIZE,6873,20x10 mm
222,220,Cabochon Onyx,7,SIZE,6927,24x20 mm
222,220,Cabochon Onyx,7,SIZE,6964,25 mm
222,220,Cabochon Onyx,7,SIZE,6344,3 mm
222,220,Cabochon Onyx,7,SIZE,6907,30x22 mm
222,220,Cabochon Onyx,7,SIZE,6965,34x24 mm
222,220,Cabochon Onyx,7,SIZE,6177,4 mm
222,220,Cabochon Onyx,7,SIZE,6923,45x24 mm
222,220,Cabochon Onyx,7,SIZE,6909,45x30 mm
222,220,Cabochon Onyx,7,SIZE,6913,50x40 mm
222,220,Cabochon Onyx,7,SIZE,6535,5x3 mm
222,220,Cabochon Onyx,7,SIZE,6174,6 mm
222,220,Cabochon Onyx,7,SIZE,6537,6x4 mm
222,220,Cabochon Onyx,7,SIZE,6176,7 mm
222,220,Cabochon Onyx,7,SIZE,6263,8 mm
222,220,Cabochon Onyx,7,SIZE,6569,8x4 mm
222,220,Cabochon Onyx,7,SIZE,6282,9 mm
222,220,Cabochon Onyx,8,COLOR,7503,Black
222,220,Cabochon Onyx,10,SHAPE,7820,Bullet
222,220,Cabochon Onyx,10,SHAPE,7695,Cushion
222,220,Cabochon Onyx,10,SHAPE,7839,Donut
222,220,Cabochon Onyx,10,SHAPE,7858,Donut Square
222,220,Cabochon Onyx,10,SHAPE,7857,Drilled Drop
222,220,Cabochon Onyx,10,SHAPE,7831,Drop
222,220,Cabochon Onyx,10,SHAPE,7855,Flat Oval
222,220,Cabochon Onyx,10,SHAPE,7694,Long Cushion
222,220,Cabochon Onyx,10,SHAPE,7666,Oval
222,220,Cabochon Onyx,10,SHAPE,7834,Oval Bullet
222,220,Cabochon Onyx,10,SHAPE,7670,Round
222,220,Cabochon Onyx,10,SHAPE,7854,Round Bead
222,220,Cabochon Onyx,10,SHAPE,7819,Round Briolette
222,220,Cabochon Onyx,10,SHAPE,7856,Sugar Loaf
222,220,Cabochon Onyx,11,LUSTER,7918,Nice
222,220,Cabochon Onyx,12,HARDNESS,7933,7
222,220,Cabochon Onyx,19,NAME,8501,Onyx
223,220,Faceted Onyx,1,TREATMENT,11,Treated
223,220,Faceted Onyx,2,ORIGIN,43,Brazil
223,220,Faceted Onyx,3,CUT,60,Faceted
223,220,Faceted Onyx,4,CLARITY/GRADE,138,Opaque
223,220,Faceted Onyx,6,WEIGHT,3558,0.5 ct.
223,220,Faceted Onyx,6,WEIGHT,4887,1.5 ct.
223,220,Faceted Onyx,6,WEIGHT,4502,11 ct.
223,220,Faceted Onyx,6,WEIGHT,4500,11.5 ct.
223,220,Faceted Onyx,6,WEIGHT,3586,13 ct.
223,220,Faceted Onyx,6,WEIGHT,4509,14 ct.
223,220,Faceted Onyx,6,WEIGHT,3553,16 ct.
223,220,Faceted Onyx,6,WEIGHT,3554,20 ct.
223,220,Faceted Onyx,6,WEIGHT,3538,3 ct.
223,220,Faceted Onyx,6,WEIGHT,4508,35 ct.
223,220,Faceted Onyx,6,WEIGHT,3529,6 ct.
223,220,Faceted Onyx,6,WEIGHT,3550,6.5 ct.
223,220,Faceted Onyx,6,WEIGHT,4821,6.75 ct.
223,220,Faceted Onyx,6,WEIGHT,3530,7.5 ct.
223,220,Faceted Onyx,6,WEIGHT,3600,8.5 ct.
223,220,Faceted Onyx,7,SIZE,5984,10 mm
223,220,Faceted Onyx,7,SIZE,6541,14x11 mm
223,220,Faceted Onyx,7,SIZE,6887,14x8 mm
223,220,Faceted Onyx,7,SIZE,6565,15x10 mm
223,220,Faceted Onyx,7,SIZE,6963,15x11 mm
223,220,Faceted Onyx,7,SIZE,6005,15x8 mm
223,220,Faceted Onyx,7,SIZE,7454,17 x 10 mm
223,220,Faceted Onyx,7,SIZE,6882,17x8 mm
223,220,Faceted Onyx,7,SIZE,6961,18x11 mm
223,220,Faceted Onyx,7,SIZE,6554,18x13 mm
223,220,Faceted Onyx,7,SIZE,6962,28x15 mm
223,220,Faceted Onyx,7,SIZE,6177,4 mm
223,220,Faceted Onyx,7,SIZE,6174,6 mm
223,220,Faceted Onyx,7,SIZE,6263,8 mm
223,220,Faceted Onyx,8,COLOR,7503,Black
223,220,Faceted Onyx,8,COLOR,7481,Green
223,220,Faceted Onyx,10,SHAPE,7814,Briolette
223,220,Faceted Onyx,10,SHAPE,7857,Drilled Drop
223,220,Faceted Onyx,10,SHAPE,7860,Drop Bead
223,220,Faceted Onyx,10,SHAPE,7854,Round Bead
223,220,Faceted Onyx,11,LUSTER,7918,Nice
223,220,Faceted Onyx,12,HARDNESS,7933,7
223,220,Faceted Onyx,13,GRADE,8037,AAA
223,220,Faceted Onyx,19,NAME,8709,Black Onyx
223,220,Faceted Onyx,19,NAME,8501,Onyx
223,220,Faceted Onyx,22,CLARITY,8586,Opaque
230,23,Carnelian,1,TREATMENT,6,Natural
230,23,Carnelian,2,ORIGIN,8725,India
230,23,Carnelian,2,ORIGIN,23,India
230,23,Carnelian,3,CUT,61,Cabochon
230,23,Carnelian,3,CUT,99,Carving
230,23,Carnelian,3,CUT,91,Checker Board
230,23,Carnelian,3,CUT,60,Faceted
230,23,Carnelian,4,CLARITY/GRADE,144,AAA
230,23,Carnelian,6,WEIGHT,3562,0.25 ct.
230,23,Carnelian,6,WEIGHT,3558,0.5 ct.
230,23,Carnelian,6,WEIGHT,3524,0.75 ct.
230,23,Carnelian,6,WEIGHT,3589,1.2 ct.
230,23,Carnelian,6,WEIGHT,4887,1.5 ct.
230,23,Carnelian,6,WEIGHT,3585,10 ct.
230,23,Carnelian,6,WEIGHT,4439,100 ct.
230,23,Carnelian,6,WEIGHT,4822,106 ct.
230,23,Carnelian,6,WEIGHT,4502,11 ct.
230,23,Carnelian,6,WEIGHT,4509,14 ct.
230,23,Carnelian,6,WEIGHT,4491,14.5 ct.
230,23,Carnelian,6,WEIGHT,3553,16 ct.
230,23,Carnelian,6,WEIGHT,4504,17 ct.
230,23,Carnelian,6,WEIGHT,4512,17.5 ct.
230,23,Carnelian,6,WEIGHT,3581,2.5 ct.
230,23,Carnelian,6,WEIGHT,4320,2.6 ct.
230,23,Carnelian,6,WEIGHT,3554,20 ct.
230,23,Carnelian,6,WEIGHT,3606,22 ct.
230,23,Carnelian,6,WEIGHT,4824,230 ct.
230,23,Carnelian,6,WEIGHT,4498,26 ct.
230,23,Carnelian,6,WEIGHT,3584,3.5 ct.
230,23,Carnelian,6,WEIGHT,3527,3.75 ct.
230,23,Carnelian,6,WEIGHT,4825,34 ct.
230,23,Carnelian,6,WEIGHT,4494,4.25 ct.
230,23,Carnelian,6,WEIGHT,4496,4.75 ct.
230,23,Carnelian,6,WEIGHT,4503,40 ct.
230,23,Carnelian,6,WEIGHT,4823,49.5 ct.
230,23,Carnelian,6,WEIGHT,3590,5 ct.
230,23,Carnelian,6,WEIGHT,3592,5.5 ct.
230,23,Carnelian,6,WEIGHT,4826,53.5 ct.
230,23,Carnelian,6,WEIGHT,3529,6 ct.
230,23,Carnelian,6,WEIGHT,3550,6.5 ct.
230,23,Carnelian,6,WEIGHT,4821,6.75 ct.
230,23,Carnelian,6,WEIGHT,4607,65 ct.
230,23,Carnelian,6,WEIGHT,3548,7 ct.
230,23,Carnelian,6,WEIGHT,4820,7.25 ct.
230,23,Carnelian,6,WEIGHT,4525,70 ct.
230,23,Carnelian,6,WEIGHT,3593,8 ct.
230,23,Carnelian,6,WEIGHT,3531,9 ct.
230,23,Carnelian,7,SIZE,5984,10 mm
230,23,Carnelian,7,SIZE,7198,10-12 mm
230,23,Carnelian,7,SIZE,6899,10x6 mm
230,23,Carnelian,7,SIZE,5996,10x8 mm
230,23,Carnelian,7,SIZE,6551,12 mm
230,23,Carnelian,7,SIZE,7191,12mm -8mm
230,23,Carnelian,7,SIZE,6869,12x5 mm
230,23,Carnelian,7,SIZE,6891,13x6 mm
230,23,Carnelian,7,SIZE,6272,14 mm
230,23,Carnelian,7,SIZE,6550,14x10 mm
230,23,Carnelian,7,SIZE,6558,14x12 mm
230,23,Carnelian,7,SIZE,6852,15 mm
230,23,Carnelian,7,SIZE,6570,15x7 mm
230,23,Carnelian,7,SIZE,6005,15x8 mm
230,23,Carnelian,7,SIZE,6885,16 mm
230,23,Carnelian,7,SIZE,6872,16x10 mm
230,23,Carnelian,7,SIZE,6553,16x12 mm
230,23,Carnelian,7,SIZE,6922,16x9 mm
230,23,Carnelian,7,SIZE,6882,17x8 mm
230,23,Carnelian,7,SIZE,6864,18x10 mm
230,23,Carnelian,7,SIZE,6961,18x11 mm
230,23,Carnelian,7,SIZE,6892,18x12 mm
230,23,Carnelian,7,SIZE,6554,18x13 mm
230,23,Carnelian,7,SIZE,6871,20 mm
230,23,Carnelian,7,SIZE,6878,20x12 mm
230,23,Carnelian,7,SIZE,6915,20x14 mm
230,23,Carnelian,7,SIZE,6555,20x15 mm
230,23,Carnelian,7,SIZE,6862,22x12 mm
230,23,Carnelian,7,SIZE,6559,22x16 mm
230,23,Carnelian,7,SIZE,6344,3 mm
230,23,Carnelian,7,SIZE,6863,30x15 mm
230,23,Carnelian,7,SIZE,6907,30x22 mm
230,23,Carnelian,7,SIZE,7192,30x25 mm
230,23,Carnelian,7,SIZE,7195,32x32 mm
230,23,Carnelian,7,SIZE,7194,35x35 mm
230,23,Carnelian,7,SIZE,7190,40x25 mm
230,23,Carnelian,7,SIZE,7202,40x30 mm
230,23,Carnelian,7,SIZE,6076,5 mm
230,23,Carnelian,7,SIZE,6910,50x39 mm
230,23,Carnelian,7,SIZE,6913,50x40 mm
230,23,Carnelian,7,SIZE,7193,50x50 mm
230,23,Carnelian,7,SIZE,6535,5x3 mm
230,23,Carnelian,7,SIZE,6537,6x4 mm
230,23,Carnelian,7,SIZE,6538,7x5 mm
230,23,Carnelian,7,SIZE,6263,8 mm
230,23,Carnelian,7,SIZE,6569,8x4 mm
230,23,Carnelian,8,COLOR,7481,Green
230,23,Carnelian,8,COLOR,7653,Red-Orange
230,23,Carnelian,10,SHAPE,7814,Briolette
230,23,Carnelian,10,SHAPE,7820,Bullet
230,23,Carnelian,10,SHAPE,7695,Cushion
230,23,Carnelian,10,SHAPE,7839,Donut
230,23,Carnelian,10,SHAPE,7858,Donut Square
230,23,Carnelian,10,SHAPE,7873,Drilled Nuggett
230,23,Carnelian,10,SHAPE,7871,Drilled Oval
230,23,Carnelian,10,SHAPE,7831,Drop
230,23,Carnelian,10,SHAPE,7768,Fancy
230,23,Carnelian,10,SHAPE,7875,Flat Button Drop
230,23,Carnelian,10,SHAPE,7877,Flat Nuggett
230,23,Carnelian,10,SHAPE,7874,Flat Oval Drilled
230,23,Carnelian,10,SHAPE,7694,Long Cushion
230,23,Carnelian,10,SHAPE,7792,Mix
230,23,Carnelian,10,SHAPE,7889,Nugget
230,23,Carnelian,10,SHAPE,7666,Oval
230,23,Carnelian,10,SHAPE,7879,Oval Briolette
230,23,Carnelian,10,SHAPE,7834,Oval Bullet
230,23,Carnelian,10,SHAPE,7670,Round
230,23,Carnelian,10,SHAPE,7854,Round Bead
230,23,Carnelian,10,SHAPE,7876,Round Flat Drop
230,23,Carnelian,11,LUSTER,7918,Nice
230,23,Carnelian,11,LUSTER,7927,Opaque
230,23,Carnelian,12,HARDNESS,7933,7
230,23,Carnelian,13,GRADE,8037,AAA
230,23,Carnelian,19,NAME,8505,Carnelian
230,23,Carnelian,22,CLARITY,8586,Opaque
230,23,Carnelian,30,AVAILABLE AS,8876,Semi-Precious Lot
231,23,Coral,1,TREATMENT,6,Natural
231,23,Coral,2,ORIGIN,21,Africa
231,23,Coral,3,CUT,61,Cabochon
231,23,Coral,4,CLARITY/GRADE,144,AAA
231,23,Coral,6,WEIGHT,3558,0.5 ct.
231,23,Coral,6,WEIGHT,3524,0.75 ct.
231,23,Coral,6,WEIGHT,3559,1 ct.
231,23,Coral,6,WEIGHT,4887,1.5 ct.
231,23,Coral,6,WEIGHT,3605,10.5 ct.
231,23,Coral,6,WEIGHT,4507,18 ct.
231,23,Coral,6,WEIGHT,3548,7 ct.
231,23,Coral,7,SIZE,6272,14 mm
231,23,Coral,7,SIZE,6558,14x12 mm
231,23,Coral,7,SIZE,6863,30x15 mm
231,23,Coral,7,SIZE,6177,4 mm
231,23,Coral,7,SIZE,6076,5 mm
231,23,Coral,7,SIZE,6174,6 mm
231,23,Coral,7,SIZE,6176,7 mm
231,23,Coral,8,COLOR,7507,Pink
231,23,Coral,8,COLOR,7461,Red
231,23,Coral,10,SHAPE,7844,Bead
231,23,Coral,10,SHAPE,7694,Long Cushion
231,23,Coral,10,SHAPE,7670,Round
231,23,Coral,11,LUSTER,7927,Opaque
231,23,Coral,12,HARDNESS,8004,3.5
231,23,Coral,19,NAME,8506,Coral
234,23,Turquoise,1,TREATMENT,3,None
234,23,Turquoise,2,ORIGIN,56,USA
234,23,Turquoise,3,CUT,61,Cabochon
234,23,Turquoise,3,CUT,60,Faceted
234,23,Turquoise,3,CUT,62,Round
234,23,Turquoise,4,CLARITY/GRADE,144,AAA
234,23,Turquoise,6,WEIGHT,3558,0.5 ct.
234,23,Turquoise,6,WEIGHT,3559,1 ct.
234,23,Turquoise,6,WEIGHT,3585,10 ct.
234,23,Turquoise,6,WEIGHT,4502,11 ct.
234,23,Turquoise,6,WEIGHT,4507,18 ct.
234,23,Turquoise,6,WEIGHT,3561,2 ct.
234,23,Turquoise,6,WEIGHT,3581,2.5 ct.
234,23,Turquoise,6,WEIGHT,3554,20 ct.
234,23,Turquoise,6,WEIGHT,4454,25 ct.
234,23,Turquoise,6,WEIGHT,3584,3.5 ct.
234,23,Turquoise,6,WEIGHT,3590,5 ct.
234,23,Turquoise,6,WEIGHT,3529,6 ct.
234,23,Turquoise,6,WEIGHT,3531,9 ct.
234,23,Turquoise,7,SIZE,7272,10x5x6mm
234,23,Turquoise,7,SIZE,7267,14x5 mm
234,23,Turquoise,7,SIZE,6887,14x8 mm
234,23,Turquoise,7,SIZE,6565,15x10 mm
234,23,Turquoise,7,SIZE,7235,15x5 mm
234,23,Turquoise,7,SIZE,7266,16x5 mm
234,23,Turquoise,7,SIZE,6855,16x8 mm
234,23,Turquoise,7,SIZE,6922,16x9 mm
234,23,Turquoise,7,SIZE,7275,20x 10x6 mm
234,23,Turquoise,7,SIZE,6915,20x14 mm
234,23,Turquoise,7,SIZE,6959,20x6 mm
234,23,Turquoise,7,SIZE,7279,25 ct.
234,23,Turquoise,7,SIZE,6177,4 mm
234,23,Turquoise,7,SIZE,6576,6x5 mm
234,23,Turquoise,7,SIZE,7259,7x5x3 mm
234,23,Turquoise,7,SIZE,6569,8x4 mm
234,23,Turquoise,7,SIZE,7273,8x4x5 mm
234,23,Turquoise,8,COLOR,7459,Blue
234,23,Turquoise,10,SHAPE,7844,Bead
234,23,Turquoise,10,SHAPE,7888,Bullete long
234,23,Turquoise,10,SHAPE,7886,Bullete Oval
234,23,Turquoise,10,SHAPE,7887,Bullete round
234,23,Turquoise,10,SHAPE,7695,Cushion
234,23,Turquoise,10,SHAPE,7889,Nugget
234,23,Turquoise,10,SHAPE,7666,Oval
234,23,Turquoise,10,SHAPE,7670,Round
234,23,Turquoise,11,LUSTER,7915,Fine
234,23,Turquoise,12,HARDNESS,8035,5.0 - 6.0
234,23,Turquoise,19,NAME,8495,Turquoise
235,253,Rutilated Quartz,1,TREATMENT,3,None
235,253,Rutilated Quartz,2,ORIGIN,43,Brazil
235,253,Rutilated Quartz,3,CUT,61,Cabochon
235,253,Rutilated Quartz,3,CUT,91,Checker Board
235,253,Rutilated Quartz,3,CUT,60,Faceted
235,253,Rutilated Quartz,4,CLARITY/GRADE,144,AAA
235,253,Rutilated Quartz,6,WEIGHT,4520,26.5 ct.
235,253,Rutilated Quartz,6,WEIGHT,4510,28 ct.
235,253,Rutilated Quartz,6,WEIGHT,4852,28.5 ct.
235,253,Rutilated Quartz,6,WEIGHT,4850,29.25 ct.
235,253,Rutilated Quartz,6,WEIGHT,4845,33.25 ct.
235,253,Rutilated Quartz,6,WEIGHT,4844,36.25 ct.
235,253,Rutilated Quartz,6,WEIGHT,3531,9 ct.
235,253,Rutilated Quartz,7,SIZE,6857,14x7 mm
235,253,Rutilated Quartz,7,SIZE,6878,20x12 mm
235,253,Rutilated Quartz,7,SIZE,7238,23x17x10 mm
235,253,Rutilated Quartz,7,SIZE,6928,24x18 mm
235,253,Rutilated Quartz,7,SIZE,7251,24x18x12 mm
235,253,Rutilated Quartz,7,SIZE,7249,24x18x14 mm
235,253,Rutilated Quartz,7,SIZE,7237,35x14 mm
235,253,Rutilated Quartz,8,COLOR,7469,Golden
235,253,Rutilated Quartz,10,SHAPE,7695,Cushion
235,253,Rutilated Quartz,10,SHAPE,7768,Fancy
235,253,Rutilated Quartz,10,SHAPE,7666,Oval
235,253,Rutilated Quartz,10,SHAPE,7672,Pear
235,253,Rutilated Quartz,11,LUSTER,7915,Fine
235,253,Rutilated Quartz,12,HARDNESS,7934,7.0 - 7.5
235,253,Rutilated Quartz,19,NAME,8508,Rutilated Quartz
236,23,Loose Beads,1,TREATMENT,6,Natural
236,23,Loose Beads,1,TREATMENT,3,None
236,23,Loose Beads,1,TREATMENT,11,Treated
236,23,Loose Beads,2,ORIGIN,54,Afghanistan
236,23,Loose Beads,2,ORIGIN,21,Africa
236,23,Loose Beads,2,ORIGIN,42,Arizona
236,23,Loose Beads,2,ORIGIN,43,Brazil
236,23,Loose Beads,2,ORIGIN,57,Canada
236,23,Loose Beads,2,ORIGIN,8727,Ceylon
236,23,Loose Beads,2,ORIGIN,31,Ceylon
236,23,Loose Beads,2,ORIGIN,23,India
236,23,Loose Beads,2,ORIGIN,58,South Africa
236,23,Loose Beads,2,ORIGIN,56,USA
236,23,Loose Beads,3,CUT,61,Cabochon
236,23,Loose Beads,3,CUT,99,Carving
236,23,Loose Beads,3,CUT,91,Checker Board
236,23,Loose Beads,3,CUT,60,Faceted
236,23,Loose Beads,3,CUT,114,Nugget
236,23,Loose Beads,3,CUT,62,Round
236,23,Loose Beads,3,CUT,111,Smooth
236,23,Loose Beads,4,CLARITY/GRADE,144,AAA
236,23,Loose Beads,4,CLARITY/GRADE,138,Opaque
236,23,Loose Beads,6,WEIGHT,3644,0.20 ct.
236,23,Loose Beads,6,WEIGHT,3562,0.25 ct.
236,23,Loose Beads,6,WEIGHT,3656,0.38 ct.
236,23,Loose Beads,6,WEIGHT,3547,0.4 ct.
236,23,Loose Beads,6,WEIGHT,3558,0.5 ct.
236,23,Loose Beads,6,WEIGHT,3524,0.75 ct.
236,23,Loose Beads,6,WEIGHT,3559,1 ct.
236,23,Loose Beads,6,WEIGHT,4887,1.5 ct.
236,23,Loose Beads,6,WEIGHT,3585,10 ct.
236,23,Loose Beads,6,WEIGHT,3605,10.5 ct.
236,23,Loose Beads,6,WEIGHT,4502,11 ct.
236,23,Loose Beads,6,WEIGHT,4352,11.1 ct.
236,23,Loose Beads,6,WEIGHT,4500,11.5 ct.
236,23,Loose Beads,6,WEIGHT,3552,12 ct.
236,23,Loose Beads,6,WEIGHT,3586,13 ct.
236,23,Loose Beads,6,WEIGHT,4539,131 ct.
236,23,Loose Beads,6,WEIGHT,4509,14 ct.
236,23,Loose Beads,6,WEIGHT,3929,15 ct.
236,23,Loose Beads,6,WEIGHT,4703,15 cts.
236,23,Loose Beads,6,WEIGHT,4538,158.5 ct.
236,23,Loose Beads,6,WEIGHT,3553,16 ct.
236,23,Loose Beads,6,WEIGHT,4504,17 ct.
236,23,Loose Beads,6,WEIGHT,4926,178 ct.
236,23,Loose Beads,6,WEIGHT,4507,18 ct.
236,23,Loose Beads,6,WEIGHT,4513,19 ct.
236,23,Loose Beads,6,WEIGHT,3561,2 ct.
236,23,Loose Beads,6,WEIGHT,3554,20 ct.
236,23,Loose Beads,6,WEIGHT,4490,20.5 ct.
236,23,Loose Beads,6,WEIGHT,3606,22 ct.
236,23,Loose Beads,6,WEIGHT,4824,230 ct.
236,23,Loose Beads,6,WEIGHT,4501,24 ct.
236,23,Loose Beads,6,WEIGHT,4454,25 ct.
236,23,Loose Beads,6,WEIGHT,4617,267 ct. (Lot)
236,23,Loose Beads,6,WEIGHT,3538,3 ct.
236,23,Loose Beads,6,WEIGHT,3584,3.5 ct.
236,23,Loose Beads,6,WEIGHT,4383,30 ct.
236,23,Loose Beads,6,WEIGHT,4616,300 ct. (Lot)
236,23,Loose Beads,6,WEIGHT,4825,34 ct.
236,23,Loose Beads,6,WEIGHT,4508,35 ct.
236,23,Loose Beads,6,WEIGHT,4830,37 ct.
236,23,Loose Beads,6,WEIGHT,3549,4 ct.
236,23,Loose Beads,6,WEIGHT,3528,4.5 ct.
236,23,Loose Beads,6,WEIGHT,4917,45 ct.
236,23,Loose Beads,6,WEIGHT,3590,5 ct.
236,23,Loose Beads,6,WEIGHT,3592,5.5 ct.
236,23,Loose Beads,6,WEIGHT,3771,5.5 ct. Approx.
236,23,Loose Beads,6,WEIGHT,3529,6 ct.
236,23,Loose Beads,6,WEIGHT,4492,6.25 ct.
236,23,Loose Beads,6,WEIGHT,3550,6.5 ct.
236,23,Loose Beads,6,WEIGHT,4607,65 ct.
236,23,Loose Beads,6,WEIGHT,3548,7 ct.
236,23,Loose Beads,6,WEIGHT,3530,7.5 ct.
236,23,Loose Beads,6,WEIGHT,3593,8 ct.
236,23,Loose Beads,6,WEIGHT,3600,8.5 ct.
236,23,Loose Beads,6,WEIGHT,3531,9 ct.
236,23,Loose Beads,7,SIZE,5984,10 mm
236,23,Loose Beads,7,SIZE,7198,10-12 mm
236,23,Loose Beads,7,SIZE,6968,10-20 Cts
236,23,Loose Beads,7,SIZE,5996,10x8 mm
236,23,Loose Beads,7,SIZE,5977,11 mm
236,23,Loose Beads,7,SIZE,6893,11x7 mm
236,23,Loose Beads,7,SIZE,6551,12 mm
236,23,Loose Beads,7,SIZE,5920,12x10 mm
236,23,Loose Beads,7,SIZE,6918,12x11 mm
236,23,Loose Beads,7,SIZE,5926,13x10 mm
236,23,Loose Beads,7,SIZE,6917,13x8 mm
236,23,Loose Beads,7,SIZE,6272,14 mm
236,23,Loose Beads,7,SIZE,7331,14 x 10 mm
236,23,Loose Beads,7,SIZE,6550,14x10 mm
236,23,Loose Beads,7,SIZE,6541,14x11 mm
236,23,Loose Beads,7,SIZE,6558,14x12 mm
236,23,Loose Beads,7,SIZE,6887,14x8 mm
236,23,Loose Beads,7,SIZE,6852,15 mm
236,23,Loose Beads,7,SIZE,7370,15 x 6 mm
236,23,Loose Beads,7,SIZE,6565,15x10 mm
236,23,Loose Beads,7,SIZE,6963,15x11 mm
236,23,Loose Beads,7,SIZE,6005,15x8 mm
236,23,Loose Beads,7,SIZE,6872,16x10 mm
236,23,Loose Beads,7,SIZE,6553,16x12 mm
236,23,Loose Beads,7,SIZE,6855,16x8 mm
236,23,Loose Beads,7,SIZE,6922,16x9 mm
236,23,Loose Beads,7,SIZE,7454,17 x 10 mm
236,23,Loose Beads,7,SIZE,6894,17x10 mm
236,23,Loose Beads,7,SIZE,6895,17x12 mm
236,23,Loose Beads,7,SIZE,6882,17x8 mm
236,23,Loose Beads,7,SIZE,6870,18 mm
236,23,Loose Beads,7,SIZE,6961,18x11 mm
236,23,Loose Beads,7,SIZE,6892,18x12 mm
236,23,Loose Beads,7,SIZE,6554,18x13 mm
236,23,Loose Beads,7,SIZE,6871,20 mm
236,23,Loose Beads,7,SIZE,7451,20 x 12 mm
236,23,Loose Beads,7,SIZE,7329,20 x 15 mm
236,23,Loose Beads,7,SIZE,6942,20-30 Crts. (lot)
236,23,Loose Beads,7,SIZE,6873,20x10 mm
236,23,Loose Beads,7,SIZE,6915,20x14 mm
236,23,Loose Beads,7,SIZE,6555,20x15 mm
236,23,Loose Beads,7,SIZE,6559,22x16 mm
236,23,Loose Beads,7,SIZE,7279,25 ct.
236,23,Loose Beads,7,SIZE,6964,25 mm
236,23,Loose Beads,7,SIZE,7332,25 x 15 mm
236,23,Loose Beads,7,SIZE,8735,25 x 18 mm
236,23,Loose Beads,7,SIZE,8804,27 x 15 mm
236,23,Loose Beads,7,SIZE,6962,28x15 mm
236,23,Loose Beads,7,SIZE,6344,3 mm
236,23,Loose Beads,7,SIZE,8742,35 x 12 mm
236,23,Loose Beads,7,SIZE,6177,4 mm
236,23,Loose Beads,7,SIZE,7396,40 x 12 mm
236,23,Loose Beads,7,SIZE,6076,5 mm
236,23,Loose Beads,7,SIZE,6941,5-15 Crts. (Lot)
236,23,Loose Beads,7,SIZE,6969,5-15 Cts
236,23,Loose Beads,7,SIZE,6174,6 mm
236,23,Loose Beads,7,SIZE,6176,7 mm
236,23,Loose Beads,7,SIZE,6263,8 mm
236,23,Loose Beads,7,SIZE,6282,9 mm
236,23,Loose Beads,8,COLOR,7503,Black
236,23,Loose Beads,8,COLOR,7459,Blue
236,23,Loose Beads,8,COLOR,7596,Blue-Green
236,23,Loose Beads,8,COLOR,7485,Brown
236,23,Loose Beads,8,COLOR,7469,Golden
236,23,Loose Beads,8,COLOR,7654,Golden Green
236,23,Loose Beads,8,COLOR,7481,Green
236,23,Loose Beads,8,COLOR,7551,Grey
236,23,Loose Beads,8,COLOR,7507,Pink
236,23,Loose Beads,8,COLOR,7623,Rainbow
236,23,Loose Beads,8,COLOR,7461,Red
236,23,Loose Beads,8,COLOR,7653,Red-Orange
236,23,Loose Beads,8,COLOR,7635,Rose
236,23,Loose Beads,8,COLOR,7638,Smokey
236,23,Loose Beads,8,COLOR,7506,Violet
236,23,Loose Beads,8,COLOR,7501,White
236,23,Loose Beads,8,COLOR,7465,Yellow
236,23,Loose Beads,10,SHAPE,7844,Bead
236,23,Loose Beads,10,SHAPE,7847,Briolette Buff Top
236,23,Loose Beads,10,SHAPE,7839,Donut
236,23,Loose Beads,10,SHAPE,7858,Donut Square
236,23,Loose Beads,10,SHAPE,7857,Drilled Drop
236,23,Loose Beads,10,SHAPE,7873,Drilled Nuggett
236,23,Loose Beads,10,SHAPE,7871,Drilled Oval
236,23,Loose Beads,10,SHAPE,7831,Drop
236,23,Loose Beads,10,SHAPE,7860,Drop Bead
236,23,Loose Beads,10,SHAPE,7862,Drop Nuggets
236,23,Loose Beads,10,SHAPE,7859,Fine Nuggets
236,23,Loose Beads,10,SHAPE,7875,Flat Button Drop
236,23,Loose Beads,10,SHAPE,7877,Flat Nuggett
236,23,Loose Beads,10,SHAPE,7874,Flat Oval Drilled
236,23,Loose Beads,10,SHAPE,7889,Nugget
236,23,Loose Beads,10,SHAPE,7666,Oval
236,23,Loose Beads,10,SHAPE,7903,Oval Bead
236,23,Loose Beads,10,SHAPE,7853,Oval Beads
236,23,Loose Beads,10,SHAPE,7879,Oval Briolette
236,23,Loose Beads,10,SHAPE,7835,Oval Briolettes
236,23,Loose Beads,10,SHAPE,7846,Rondelle
236,23,Loose Beads,10,SHAPE,7670,Round
236,23,Loose Beads,10,SHAPE,7854,Round Bead
236,23,Loose Beads,10,SHAPE,7819,Round Briolette
236,23,Loose Beads,10,SHAPE,7876,Round Flat Drop
236,23,Loose Beads,11,LUSTER,7929,Fair
236,23,Loose Beads,11,LUSTER,7915,Fine
236,23,Loose Beads,11,LUSTER,7918,Nice
236,23,Loose Beads,11,LUSTER,7927,Opaque
236,23,Loose Beads,11,LUSTER,7930,Waxy
236,23,Loose Beads,12,HARDNESS,8004,3.5
236,23,Loose Beads,12,HARDNESS,8035,5.0 - 6.0
236,23,Loose Beads,12,HARDNESS,7946,6
236,23,Loose Beads,12,HARDNESS,7939,6.5 - 7.0
236,23,Loose Beads,12,HARDNESS,7933,7
236,23,Loose Beads,12,HARDNESS,7985,7
236,23,Loose Beads,12,HARDNESS,7942,7.0 - 7.5
236,23,Loose Beads,12,HARDNESS,7934,7.0 - 7.5
236,23,Loose Beads,12,HARDNESS,7947,8
236,23,Loose Beads,13,GRADE,8038,AA
236,23,Loose Beads,13,GRADE,8037,AAA
236,23,Loose Beads,19,NAME,8714,Agate
236,23,Loose Beads,19,NAME,8398,Amethyst
236,23,Loose Beads,19,NAME,8472,Amethyst
236,23,Loose Beads,19,NAME,8505,Carnelian
236,23,Loose Beads,19,NAME,8496,Chalcedony
236,23,Loose Beads,19,NAME,8494,Chrysoprase
236,23,Loose Beads,19,NAME,8400,Citrine
236,23,Loose Beads,19,NAME,8506,Coral
236,23,Loose Beads,19,NAME,8512,Labradorite
236,23,Loose Beads,19,NAME,8513,Leapard Skin
236,23,Loose Beads,19,NAME,8514,Moonstone
236,23,Loose Beads,19,NAME,8501,Onyx
236,23,Loose Beads,19,NAME,8490,Quartz
236,23,Loose Beads,19,NAME,8516,Tiger Eye
236,23,Loose Beads,19,NAME,8404,Tourmaline
236,23,Loose Beads,19,NAME,8495,Turquoise
236,23,Loose Beads,19,NAME,8517,White Agate
236,23,Loose Beads,22,CLARITY,8586,Opaque
236,23,Loose Beads,22,CLARITY,8721,SI
236,23,Loose Beads,22,CLARITY,8596,Translucent
237,23,Tiger Eye,1,TREATMENT,3,None
237,23,Tiger Eye,2,ORIGIN,58,South Africa
237,23,Tiger Eye,3,CUT,61,Cabochon
237,23,Tiger Eye,3,CUT,103,Carved
237,23,Tiger Eye,3,CUT,60,Faceted
237,23,Tiger Eye,3,CUT,111,Smooth
237,23,Tiger Eye,6,WEIGHT,4502,11 ct.
237,23,Tiger Eye,6,WEIGHT,4922,115 ct.
237,23,Tiger Eye,6,WEIGHT,3552,12 ct.
237,23,Tiger Eye,6,WEIGHT,3586,13 ct.
237,23,Tiger Eye,6,WEIGHT,4926,178 ct.
237,23,Tiger Eye,6,WEIGHT,3561,2 ct.
237,23,Tiger Eye,6,WEIGHT,3583,2.75 ct.
237,23,Tiger Eye,6,WEIGHT,3554,20 ct.
237,23,Tiger Eye,6,WEIGHT,4523,23 ct.
237,23,Tiger Eye,6,WEIGHT,4454,25 ct.
237,23,Tiger Eye,6,WEIGHT,3584,3.5 ct.
237,23,Tiger Eye,6,WEIGHT,4508,35 ct.
237,23,Tiger Eye,6,WEIGHT,4925,37.75 ct.
237,23,Tiger Eye,6,WEIGHT,3549,4 ct.
237,23,Tiger Eye,6,WEIGHT,3528,4.5 ct.
237,23,Tiger Eye,6,WEIGHT,3590,5 ct.
237,23,Tiger Eye,6,WEIGHT,4923,54 ct.
237,23,Tiger Eye,6,WEIGHT,4528,60 ct.
237,23,Tiger Eye,6,WEIGHT,4924,64 ct.
237,23,Tiger Eye,6,WEIGHT,4607,65 ct.
237,23,Tiger Eye,6,WEIGHT,3548,7 ct.
237,23,Tiger Eye,6,WEIGHT,4535,75 ct.
237,23,Tiger Eye,6,WEIGHT,3593,8 ct.
237,23,Tiger Eye,6,WEIGHT,3600,8.5 ct.
237,23,Tiger Eye,6,WEIGHT,4831,97 ct.
237,23,Tiger Eye,7,SIZE,5984,10 mm
237,23,Tiger Eye,7,SIZE,5969,10 x 8 mm
237,23,Tiger Eye,7,SIZE,6551,12 mm
237,23,Tiger Eye,7,SIZE,7388,12 x 5 mm
237,23,Tiger Eye,7,SIZE,7331,14 x 10 mm
237,23,Tiger Eye,7,SIZE,7310,14 x 12 x 6 mm
237,23,Tiger Eye,7,SIZE,7370,15 x 6 mm
237,23,Tiger Eye,7,SIZE,7391,16 x 14 x 6 mm
237,23,Tiger Eye,7,SIZE,7389,16 x 7 mm
237,23,Tiger Eye,7,SIZE,7373,16 x 7 x 5 mm
237,23,Tiger Eye,7,SIZE,7379,20 x 14 x 6 mm
237,23,Tiger Eye,7,SIZE,7386,20 x 14 x 8 mm
237,23,Tiger Eye,7,SIZE,7329,20 x 15 mm
237,23,Tiger Eye,7,SIZE,7326,20 x 7 mm
237,23,Tiger Eye,7,SIZE,7385,24 x 18 x 8 mm
237,23,Tiger Eye,7,SIZE,7332,25 x 15 mm
237,23,Tiger Eye,7,SIZE,7384,31 x 21 x 8 mm
237,23,Tiger Eye,7,SIZE,7387,32 x 12 x 8 mm
237,23,Tiger Eye,7,SIZE,7383,40 x 24 x 8 mm
237,23,Tiger Eye,7,SIZE,7378,45 x 25 x 6 mm
237,23,Tiger Eye,7,SIZE,7382,45 x 25 x 8 mm
237,23,Tiger Eye,7,SIZE,7377,45 x 30 x 6 mm
237,23,Tiger Eye,7,SIZE,7381,45 x 30 x 8 mm
237,23,Tiger Eye,7,SIZE,7376,50 x 40 x 6 mm
237,23,Tiger Eye,7,SIZE,7380,50 x 40 x 8 mm
237,23,Tiger Eye,7,SIZE,6174,6 mm
237,23,Tiger Eye,7,SIZE,6263,8 mm
237,23,Tiger Eye,8,COLOR,7485,Brown
237,23,Tiger Eye,10,SHAPE,7904,Arrow
237,23,Tiger Eye,10,SHAPE,7844,Bead
237,23,Tiger Eye,10,SHAPE,7695,Cushion
237,23,Tiger Eye,10,SHAPE,7905,Cushion Long
237,23,Tiger Eye,10,SHAPE,7889,Nugget
237,23,Tiger Eye,10,SHAPE,7666,Oval
237,23,Tiger Eye,10,SHAPE,7903,Oval Bead
237,23,Tiger Eye,10,SHAPE,7670,Round
237,23,Tiger Eye,10,SHAPE,7854,Round Bead
237,23,Tiger Eye,11,LUSTER,7915,Fine
237,23,Tiger Eye,12,HARDNESS,7933,7
237,23,Tiger Eye,13,GRADE,8037,AAA
237,23,Tiger Eye,19,NAME,8513,Leapard Skin
237,23,Tiger Eye,19,NAME,8516,Tiger Eye
237,23,Tiger Eye,22,CLARITY,8586,Opaque
238,23,Agate,1,TREATMENT,3,None
238,23,Agate,2,ORIGIN,8727,Ceylon
238,23,Agate,2,ORIGIN,31,Ceylon
238,23,Agate,3,CUT,61,Cabochon
238,23,Agate,3,CUT,60,Faceted
238,23,Agate,3,CUT,67,N/A
238,23,Agate,3,CUT,114,Nugget
238,23,Agate,3,CUT,111,Smooth
238,23,Agate,6,WEIGHT,3585,10 ct.
238,23,Agate,6,WEIGHT,4502,11 ct.
238,23,Agate,6,WEIGHT,4352,11.1 ct.
238,23,Agate,6,WEIGHT,3552,12 ct.
238,23,Agate,6,WEIGHT,4509,14 ct.
238,23,Agate,6,WEIGHT,4507,18 ct.
238,23,Agate,6,WEIGHT,3554,20 ct.
238,23,Agate,6,WEIGHT,4523,23 ct.
238,23,Agate,6,WEIGHT,4927,246 ct.
238,23,Agate,6,WEIGHT,4522,29 ct.
238,23,Agate,6,WEIGHT,3584,3.5 ct.
238,23,Agate,6,WEIGHT,4825,34 ct.
238,23,Agate,6,WEIGHT,4830,37 ct.
238,23,Agate,6,WEIGHT,3549,4 ct.
238,23,Agate,6,WEIGHT,3528,4.5 ct.
238,23,Agate,6,WEIGHT,4917,45 ct.
238,23,Agate,6,WEIGHT,3550,6.5 ct.
238,23,Agate,6,WEIGHT,4607,65 ct.
238,23,Agate,6,WEIGHT,3548,7 ct.
238,23,Agate,6,WEIGHT,3531,9 ct.
238,23,Agate,6,WEIGHT,3612,9.5 ct.
238,23,Agate,7,SIZE,5984,10 mm
238,23,Agate,7,SIZE,7367,11 x 5 mm
238,23,Agate,7,SIZE,6551,12 mm
238,23,Agate,7,SIZE,6272,14 mm
238,23,Agate,7,SIZE,7331,14 x 10 mm
238,23,Agate,7,SIZE,7369,14 x 5 mm
238,23,Agate,7,SIZE,7399,14 x 8 mm
238,23,Agate,7,SIZE,7370,15 x 6 mm
238,23,Agate,7,SIZE,7395,15 x 7 mm
238,23,Agate,7,SIZE,7392,15 x 8 mm
238,23,Agate,7,SIZE,7436,17 x 12 mm
238,23,Agate,7,SIZE,6882,17x8 mm
238,23,Agate,7,SIZE,6870,18 mm
238,23,Agate,7,SIZE,7325,20 x 8 mm
238,23,Agate,7,SIZE,6873,20x10 mm
238,23,Agate,7,SIZE,7397,22 x 12 x 7 mm
238,23,Agate,7,SIZE,7393,24 x 19 x 9 mm
238,23,Agate,7,SIZE,8735,25 x 18 mm
238,23,Agate,7,SIZE,7400,30 x 15 x 7 mm
238,23,Agate,7,SIZE,8742,35 x 12 mm
238,23,Agate,7,SIZE,7396,40 x 12 mm
238,23,Agate,7,SIZE,7398,49 / 39 / 29 x 7 mm
238,23,Agate,8,COLOR,7481,Green
238,23,Agate,8,COLOR,7501,White
238,23,Agate,8,COLOR,7465,Yellow
238,23,Agate,10,SHAPE,7844,Bead
238,23,Agate,10,SHAPE,7814,Briolette
238,23,Agate,10,SHAPE,7695,Cushion
238,23,Agate,10,SHAPE,7679,Cushion Checker board
238,23,Agate,10,SHAPE,7839,Donut
238,23,Agate,10,SHAPE,7831,Drop
238,23,Agate,10,SHAPE,7860,Drop Bead
238,23,Agate,10,SHAPE,7907,Long Checker Board
238,23,Agate,10,SHAPE,7666,Oval
238,23,Agate,11,LUSTER,7929,Fair
238,23,Agate,11,LUSTER,7930,Waxy
238,23,Agate,12,HARDNESS,7933,7
238,23,Agate,13,GRADE,8038,AA
238,23,Agate,13,GRADE,8037,AAA
238,23,Agate,19,NAME,8714,Agate
238,23,Agate,19,NAME,8517,White Agate
238,23,Agate,20,DEPTH,8523,6 mm
238,23,Agate,22,CLARITY,8586,Opaque
239,23,Moonstone,1,TREATMENT,3,None
239,23,Moonstone,2,ORIGIN,54,Afghanistan
239,23,Moonstone,2,ORIGIN,20,Sri Lanka
239,23,Moonstone,3,CUT,61,Cabochon
239,23,Moonstone,3,CUT,103,Carved
239,23,Moonstone,3,CUT,93,Lens
239,23,Moonstone,3,CUT,111,Smooth
239,23,Moonstone,6,WEIGHT,3558,0.5 ct.
239,23,Moonstone,6,WEIGHT,3578,0.6 ct.
239,23,Moonstone,6,WEIGHT,3524,0.75 ct.
239,23,Moonstone,6,WEIGHT,3559,1 ct.
239,23,Moonstone,6,WEIGHT,2434,1.25 ct.
239,23,Moonstone,6,WEIGHT,3607,1.3 ct.
239,23,Moonstone,6,WEIGHT,3669,1.35 ct.
239,23,Moonstone,6,WEIGHT,3625,1.4 ct.
239,23,Moonstone,6,WEIGHT,4887,1.5 ct.
239,23,Moonstone,6,WEIGHT,3585,10 ct.
239,23,Moonstone,6,WEIGHT,3605,10.5 ct.
239,23,Moonstone,6,WEIGHT,2922,1000 ct.
239,23,Moonstone,6,WEIGHT,4502,11 ct.
239,23,Moonstone,6,WEIGHT,3552,12 ct.
239,23,Moonstone,6,WEIGHT,4920,13.25 ct.
239,23,Moonstone,6,WEIGHT,3929,15 ct.
239,23,Moonstone,6,WEIGHT,4703,15 cts.
239,23,Moonstone,6,WEIGHT,4916,19.5 ct.
239,23,Moonstone,6,WEIGHT,3561,2 ct.
239,23,Moonstone,6,WEIGHT,3521,2.4 ct.
239,23,Moonstone,6,WEIGHT,3581,2.5 ct.
239,23,Moonstone,6,WEIGHT,4522,29 ct.
239,23,Moonstone,6,WEIGHT,3538,3 ct.
239,23,Moonstone,6,WEIGHT,3584,3.5 ct.
239,23,Moonstone,6,WEIGHT,4829,32 ct.
239,23,Moonstone,6,WEIGHT,4921,33 ct.
239,23,Moonstone,6,WEIGHT,3549,4 ct.
239,23,Moonstone,6,WEIGHT,4494,4.25 ct.
239,23,Moonstone,6,WEIGHT,3528,4.5 ct.
239,23,Moonstone,6,WEIGHT,3590,5 ct.
239,23,Moonstone,6,WEIGHT,3540,5.25 ct.
239,23,Moonstone,6,WEIGHT,4329,5.4 ct.
239,23,Moonstone,6,WEIGHT,3529,6 ct.
239,23,Moonstone,6,WEIGHT,4492,6.25 ct.
239,23,Moonstone,6,WEIGHT,3548,7 ct.
239,23,Moonstone,6,WEIGHT,3530,7.5 ct.
239,23,Moonstone,6,WEIGHT,3593,8 ct.
239,23,Moonstone,6,WEIGHT,3531,9 ct.
239,23,Moonstone,7,SIZE,9362,0.50 - 3.0 ct.
239,23,Moonstone,7,SIZE,7337,10 x 6 mm
239,23,Moonstone,7,SIZE,7283,10 x 7 mm
239,23,Moonstone,7,SIZE,5969,10 x 8 mm
239,23,Moonstone,7,SIZE,7312,10 x 8 x 5 mm
239,23,Moonstone,7,SIZE,7358,10 x 8 x 6 mm
239,23,Moonstone,7,SIZE,7344,11 x 6 mm
239,23,Moonstone,7,SIZE,7311,11 x 9 x 5 mm
239,23,Moonstone,7,SIZE,7362,12 x 10 x 6 mm
239,23,Moonstone,7,SIZE,7350,12 x 10 x 7 mm
239,23,Moonstone,7,SIZE,7359,12 x 14 x 8 mm
239,23,Moonstone,7,SIZE,7341,13 x 10 x 8 mm
239,23,Moonstone,7,SIZE,7331,14 x 10 mm
239,23,Moonstone,7,SIZE,7309,14 x 10 x 6 mm
239,23,Moonstone,7,SIZE,7338,14 x 10 x 8 mm
239,23,Moonstone,7,SIZE,7319,14 x 7 mm
239,23,Moonstone,7,SIZE,7395,15 x 7 mm
239,23,Moonstone,7,SIZE,6882,17x8 mm
239,23,Moonstone,7,SIZE,7363,18 x 13 x 8 mm
239,23,Moonstone,7,SIZE,7357,20 x 12 x 7 mm
239,23,Moonstone,7,SIZE,7333,20 x 13 x 7 mm
239,23,Moonstone,7,SIZE,7329,20 x 15 mm
239,23,Moonstone,7,SIZE,7349,20 x 6 mm
239,23,Moonstone,7,SIZE,6883,20x9 mm
239,23,Moonstone,7,SIZE,7356,24 x 18 x10 mm
239,23,Moonstone,7,SIZE,7355,24 x 20 x7 mm
239,23,Moonstone,7,SIZE,7366,25 x 18 10 mm
239,23,Moonstone,7,SIZE,7346,5 x 2.5 mm
239,23,Moonstone,7,SIZE,7320,6 x 3 mm
239,23,Moonstone,7,SIZE,7316,6 x 4 x 2 mm
239,23,Moonstone,7,SIZE,7361,6 x 4 x 3 mm
239,23,Moonstone,7,SIZE,7317,6 x 5 mm
239,23,Moonstone,7,SIZE,7321,7 x 4 mm
239,23,Moonstone,7,SIZE,7315,7 x 5 x 3 mm
239,23,Moonstone,7,SIZE,7351,7 x 5 x 4 mm
239,23,Moonstone,7,SIZE,7318,8 x 4 mm
239,23,Moonstone,7,SIZE,7290,8 x 6 mm
239,23,Moonstone,7,SIZE,7314,8 x 6 x 3 mm
239,23,Moonstone,7,SIZE,7360,8 x 6 x 4 mm
239,23,Moonstone,7,SIZE,7313,9 x 7 x 4 mm
239,23,Moonstone,7,SIZE,7323,9 x 8 mm
239,23,Moonstone,8,COLOR,7551,Grey
239,23,Moonstone,8,COLOR,7658,Peach
239,23,Moonstone,8,COLOR,7501,White
239,23,Moonstone,10,SHAPE,7814,Briolette
239,23,Moonstone,10,SHAPE,7820,Bullet
239,23,Moonstone,10,SHAPE,7695,Cushion
239,23,Moonstone,10,SHAPE,7792,Mix
239,23,Moonstone,10,SHAPE,7666,Oval
239,23,Moonstone,10,SHAPE,7903,Oval Bead
239,23,Moonstone,10,SHAPE,7853,Oval Beads
239,23,Moonstone,10,SHAPE,7897,Oval Cabochon
239,23,Moonstone,10,SHAPE,7672,Pear
239,23,Moonstone,10,SHAPE,7670,Round
239,23,Moonstone,11,LUSTER,7915,Fine
239,23,Moonstone,11,LUSTER,7918,Nice
239,23,Moonstone,12,HARDNESS,7946,6
239,23,Moonstone,13,GRADE,8040,A
239,23,Moonstone,13,GRADE,8037,AAA
239,23,Moonstone,19,NAME,8511,Cats Eye Moonstone
239,23,Moonstone,19,NAME,8514,Moonstone
239,23,Moonstone,19,NAME,8515,Rainbow Moonstone
239,23,Moonstone,22,CLARITY,8586,Opaque
239,23,Moonstone,22,CLARITY,8596,Translucent
239,23,Moonstone,22,CLARITY,8597,Transparent
239,23,Moonstone,30,AVAILABLE AS,8876,Semi-Precious Lot
240,23,Labradorite,1,TREATMENT,3,None
240,23,Labradorite,2,ORIGIN,57,Canada
240,23,Labradorite,3,CUT,114,Nugget
240,23,Labradorite,6,WEIGHT,4508,35 ct.
240,23,Labradorite,7,SIZE,7329,20 x 15 mm
240,23,Labradorite,8,COLOR,7623,Rainbow
240,23,Labradorite,10,SHAPE,7844,Bead
240,23,Labradorite,11,LUSTER,7915,Fine
240,23,Labradorite,12,HARDNESS,7946,6
240,23,Labradorite,13,GRADE,8037,AAA
240,23,Labradorite,19,NAME,8512,Labradorite
240,23,Labradorite,22,CLARITY,8586,Opaque
244,30,Calibrated Tanzanite,1,TREATMENT,11,Treated
244,30,Calibrated Tanzanite,2,ORIGIN,32,Tanzania
244,30,Calibrated Tanzanite,3,CUT,60,Faceted
244,30,Calibrated Tanzanite,3,CUT,8773,Very Good
244,30,Calibrated Tanzanite,6,WEIGHT,3638,0.025 ct.
244,30,Calibrated Tanzanite,6,WEIGHT,3640,0.047 ct.
244,30,Calibrated Tanzanite,6,WEIGHT,3641,0.059 ct.
244,30,Calibrated Tanzanite,6,WEIGHT,3502,0.06 ct.
244,30,Calibrated Tanzanite,6,WEIGHT,3642,0.08 ct.
244,30,Calibrated Tanzanite,6,WEIGHT,3643,0.10 ct.
244,30,Calibrated Tanzanite,6,WEIGHT,3595,0.11 ct.
244,30,Calibrated Tanzanite,6,WEIGHT,3620,0.13 ct.
244,30,Calibrated Tanzanite,6,WEIGHT,3534,0.15 ct.
244,30,Calibrated Tanzanite,6,WEIGHT,3633,0.16 ct.
244,30,Calibrated Tanzanite,6,WEIGHT,3660,0.18 ct.
244,30,Calibrated Tanzanite,6,WEIGHT,3644,0.20 ct.
244,30,Calibrated Tanzanite,6,WEIGHT,3654,0.21 ct.
244,30,Calibrated Tanzanite,6,WEIGHT,3505,0.22 ct.
244,30,Calibrated Tanzanite,6,WEIGHT,3667,0.23 ct.
244,30,Calibrated Tanzanite,6,WEIGHT,3535,0.24 ct.
244,30,Calibrated Tanzanite,6,WEIGHT,3562,0.25 ct.
244,30,Calibrated Tanzanite,6,WEIGHT,3645,0.26 ct.
244,30,Calibrated Tanzanite,6,WEIGHT,1983,0.27 ct.
244,30,Calibrated Tanzanite,6,WEIGHT,3601,0.28 ct.
244,30,Calibrated Tanzanite,6,WEIGHT,3668,0.29 ct.
244,30,Calibrated Tanzanite,6,WEIGHT,3655,0.33 ct.
244,30,Calibrated Tanzanite,6,WEIGHT,3646,0.34 ct.
244,30,Calibrated Tanzanite,6,WEIGHT,3555,0.35 ct.
244,30,Calibrated Tanzanite,6,WEIGHT,3516,0.36 ct.
244,30,Calibrated Tanzanite,6,WEIGHT,3547,0.4 ct.
244,30,Calibrated Tanzanite,6,WEIGHT,3647,0.41 ct.
244,30,Calibrated Tanzanite,6,WEIGHT,3657,0.44 ct.
244,30,Calibrated Tanzanite,6,WEIGHT,3661,0.47 ct.
244,30,Calibrated Tanzanite,6,WEIGHT,3510,0.48 ct.
244,30,Calibrated Tanzanite,6,WEIGHT,3558,0.5 ct.
244,30,Calibrated Tanzanite,6,WEIGHT,3662,0.53 ct.
244,30,Calibrated Tanzanite,6,WEIGHT,4888,0.55 ct
244,30,Calibrated Tanzanite,6,WEIGHT,3578,0.6 ct.
244,30,Calibrated Tanzanite,6,WEIGHT,3648,0.61 ct.
244,30,Calibrated Tanzanite,6,WEIGHT,3464,0.63 ct.
244,30,Calibrated Tanzanite,6,WEIGHT,3543,0.65 ct.
244,30,Calibrated Tanzanite,6,WEIGHT,3580,0.7 ct.
244,30,Calibrated Tanzanite,6,WEIGHT,3524,0.75 ct.
244,30,Calibrated Tanzanite,6,WEIGHT,4872,0.82 ct
244,30,Calibrated Tanzanite,6,WEIGHT,3650,0.91 ct.
244,30,Calibrated Tanzanite,6,WEIGHT,3658,0.98 ct.
244,30,Calibrated Tanzanite,6,WEIGHT,3559,1 ct.
244,30,Calibrated Tanzanite,6,WEIGHT,3651,1.14 ct.
244,30,Calibrated Tanzanite,6,WEIGHT,2434,1.25 ct.
244,30,Calibrated Tanzanite,6,WEIGHT,3607,1.3 ct.
244,30,Calibrated Tanzanite,6,WEIGHT,3669,1.35 ct.
244,30,Calibrated Tanzanite,6,WEIGHT,3652,1.39 ct.
244,30,Calibrated Tanzanite,6,WEIGHT,3670,1.45 ct.
244,30,Calibrated Tanzanite,6,WEIGHT,4887,1.5 ct.
244,30,Calibrated Tanzanite,6,WEIGHT,3653,1.51 ct.
244,30,Calibrated Tanzanite,6,WEIGHT,3671,1.65 ct.
244,30,Calibrated Tanzanite,6,WEIGHT,3591,1.75 ct.
244,30,Calibrated Tanzanite,6,WEIGHT,3561,2 ct.
244,30,Calibrated Tanzanite,6,WEIGHT,3659,2.7 ct.
244,30,Calibrated Tanzanite,6,WEIGHT,3584,3.5 ct.
244,30,Calibrated Tanzanite,6,WEIGHT,2976,4.55 Carats
244,30,Calibrated Tanzanite,7,SIZE,6591,1.50 mm
244,30,Calibrated Tanzanite,7,SIZE,7439,10 x 5 mm
244,30,Calibrated Tanzanite,7,SIZE,5969,10 x 8 mm
244,30,Calibrated Tanzanite,7,SIZE,6985,11.5x9.5x5.8 mm
244,30,Calibrated Tanzanite,7,SIZE,7438,12 x 6 mm
244,30,Calibrated Tanzanite,7,SIZE,6360,2 mm
244,30,Calibrated Tanzanite,7,SIZE,6532,2.25 mm
244,30,Calibrated Tanzanite,7,SIZE,6363,2.5 mm
244,30,Calibrated Tanzanite,7,SIZE,6372,2.75 mm
244,30,Calibrated Tanzanite,7,SIZE,6344,3 mm
244,30,Calibrated Tanzanite,7,SIZE,6371,3.25 mm
244,30,Calibrated Tanzanite,7,SIZE,6362,3.5 mm
244,30,Calibrated Tanzanite,7,SIZE,6391,3.75 mm
244,30,Calibrated Tanzanite,7,SIZE,6583,3x1.5 mm
244,30,Calibrated Tanzanite,7,SIZE,6574,3x4 mm
244,30,Calibrated Tanzanite,7,SIZE,6177,4 mm
244,30,Calibrated Tanzanite,7,SIZE,6475,4.25 mm
244,30,Calibrated Tanzanite,7,SIZE,6178,4.5 mm
244,30,Calibrated Tanzanite,7,SIZE,6533,4.75 mm
244,30,Calibrated Tanzanite,7,SIZE,6566,4x2 mm
244,30,Calibrated Tanzanite,7,SIZE,6534,4x3 mm
244,30,Calibrated Tanzanite,7,SIZE,5785,5 mm
244,30,Calibrated Tanzanite,7,SIZE,6539,5.25 mm
244,30,Calibrated Tanzanite,7,SIZE,6599,5.50 mm
244,30,Calibrated Tanzanite,7,SIZE,6571,5.75 mm
244,30,Calibrated Tanzanite,7,SIZE,6567,5x2.5 mm
244,30,Calibrated Tanzanite,7,SIZE,6535,5x3 mm
244,30,Calibrated Tanzanite,7,SIZE,6536,5x4 mm
244,30,Calibrated Tanzanite,7,SIZE,6174,6 mm
244,30,Calibrated Tanzanite,7,SIZE,7320,6 x 3 mm
244,30,Calibrated Tanzanite,7,SIZE,7441,6 x 4 mm
244,30,Calibrated Tanzanite,7,SIZE,6572,6.25 mm
244,30,Calibrated Tanzanite,7,SIZE,6175,6.5 mm
244,30,Calibrated Tanzanite,7,SIZE,6168,6.75 mm
244,30,Calibrated Tanzanite,7,SIZE,6576,6x5 mm
244,30,Calibrated Tanzanite,7,SIZE,6176,7 mm
244,30,Calibrated Tanzanite,7,SIZE,7289,7 x 5 mm
244,30,Calibrated Tanzanite,7,SIZE,6589,7x3.5 mm
244,30,Calibrated Tanzanite,7,SIZE,7290,8 x 6 mm
244,30,Calibrated Tanzanite,7,SIZE,10264,8.7x6x4 mm
244,30,Calibrated Tanzanite,7,SIZE,6569,8x4 mm
244,30,Calibrated Tanzanite,7,SIZE,10032,9.8x9.4x5.4 mm
244,30,Calibrated Tanzanite,7,SIZE,6590,9x4.5 mm
244,30,Calibrated Tanzanite,7,SIZE,6043,9x7 mm
244,30,Calibrated Tanzanite,8,COLOR,7480,Purple
244,30,Calibrated Tanzanite,8,COLOR,7660,Purple Blue
244,30,Calibrated Tanzanite,10,SHAPE,7742,Emerald
244,30,Calibrated Tanzanite,10,SHAPE,7684,Marquise
244,30,Calibrated Tanzanite,10,SHAPE,7666,Oval
244,30,Calibrated Tanzanite,10,SHAPE,7672,Pear
244,30,Calibrated Tanzanite,10,SHAPE,7670,Round
244,30,Calibrated Tanzanite,10,SHAPE,7685,Square
244,30,Calibrated Tanzanite,10,SHAPE,7668,Trillion
244,30,Calibrated Tanzanite,11,LUSTER,7925,Very Nice
244,30,Calibrated Tanzanite,12,HARDNESS,7942,7.0 - 7.5
244,30,Calibrated Tanzanite,12,HARDNESS,8016,7.0 - 7.5
244,30,Calibrated Tanzanite,13,GRADE,8040,A
244,30,Calibrated Tanzanite,13,GRADE,8038,AA
244,30,Calibrated Tanzanite,13,GRADE,8037,AAA
244,30,Calibrated Tanzanite,19,NAME,8429,Tanzanite
244,30,Calibrated Tanzanite,19,NAME,8462,Tanzanite
245,126,Wedding Diamond Bands,1,TREATMENT,10,N/A
245,126,Wedding Diamond Bands,1,TREATMENT,6,Natural
245,126,Wedding Diamond Bands,2,ORIGIN,21,Africa
245,126,Wedding Diamond Bands,3,CUT,65,Brilliant
245,126,Wedding Diamond Bands,3,CUT,8773,Very Good
245,126,Wedding Diamond Bands,4,CLARITY/GRADE,128,VS1
245,126,Wedding Diamond Bands,5,METAL/MATERIAL,204,18k White Gold
245,126,Wedding Diamond Bands,5,METAL/MATERIAL,8843,18K Yellow Gold
245,126,Wedding Diamond Bands,6,WEIGHT,3822,0.14 ct.
245,126,Wedding Diamond Bands,6,WEIGHT,3534,0.15 ct.
245,126,Wedding Diamond Bands,6,WEIGHT,3668,0.29 ct.
245,126,Wedding Diamond Bands,6,WEIGHT,4027,1.21 ct.
245,126,Wedding Diamond Bands,6,WEIGHT,2162,1.23 Carat/s
245,126,Wedding Diamond Bands,6,WEIGHT,2425,1.71 Carts
245,126,Wedding Diamond Bands,6,WEIGHT,9287,1.94 Grms
245,126,Wedding Diamond Bands,6,WEIGHT,2432,12.36 Grams
245,126,Wedding Diamond Bands,6,WEIGHT,2142,2.0 Grams
245,126,Wedding Diamond Bands,6,WEIGHT,3824,2.19 Grams
245,126,Wedding Diamond Bands,6,WEIGHT,1514,2.54 Grams
245,126,Wedding Diamond Bands,6,WEIGHT,2951,2.76 Grams
245,126,Wedding Diamond Bands,6,WEIGHT,9285,3.41 Grams
245,126,Wedding Diamond Bands,6,WEIGHT,2161,8.28 Grams
245,126,Wedding Diamond Bands,6,WEIGHT,1613,9.6 Grams
245,126,Wedding Diamond Bands,7,SIZE,6128,7.5
245,126,Wedding Diamond Bands,7,SIZE,5914,N/A
245,126,Wedding Diamond Bands,8,COLOR,7536,G/H
245,126,Wedding Diamond Bands,8,COLOR,7518,GH
245,126,Wedding Diamond Bands,10,SHAPE,7691,Baguette
245,126,Wedding Diamond Bands,10,SHAPE,7726,Princess
245,126,Wedding Diamond Bands,10,SHAPE,7670,Round
245,126,Wedding Diamond Bands,14,NUMBER OF STONES,8081,N/A
245,126,Wedding Diamond Bands,15,RING SIZE,9256,6 - 6.5
245,126,Wedding Diamond Bands,15,RING SIZE,9254,6.5 - 7
245,126,Wedding Diamond Bands,15,RING SIZE,9253,7 - 7.5
245,126,Wedding Diamond Bands,19,NAME,8410,Diamond
245,126,Wedding Diamond Bands,22,CLARITY,8589,VS
245,126,Wedding Diamond Bands,23,ITEM,8601,Ring
245,126,Wedding Diamond Bands,23,ITEM,8834,Womens Band
245,126,Wedding Diamond Bands,26,<b>DIAMOND INFO</b>,8810,
245,126,Wedding Diamond Bands,29,WIDTH,8849,2.0 mm
245,126,Wedding Diamond Bands,29,WIDTH,9257,2.5 mm
245,126,Wedding Diamond Bands,29,WIDTH,9258,3.5 mm
245,126,Wedding Diamond Bands,35,<b>TOTAL WEIGHT</b>,9319,0.14 ct.
245,126,Wedding Diamond Bands,35,<b>TOTAL WEIGHT</b>,9324,0.15 ct.
245,126,Wedding Diamond Bands,35,<b>TOTAL WEIGHT</b>,9328,0.29 ct.
246,23,Pearls,7,SIZE,5977,11 mm
246,23,Pearls,7,SIZE,6551,12 mm
246,23,Pearls,7,SIZE,6263,8 mm
246,23,Pearls,7,SIZE,6282,9 mm
246,23,Pearls,8,COLOR,7501,White
246,23,Pearls,10,SHAPE,7670,Round
246,23,Pearls,14,NUMBER OF STONES,8086,2
246,23,Pearls,19,NAME,9887,Pearl
246,23,Pearls,23,ITEM,9890,Single Strand
246,23,Pearls,31,LENGTH,9134,16 Inches
247,253,White Quartz,1,TREATMENT,3,None
247,253,White Quartz,2,ORIGIN,43,Brazil
247,253,White Quartz,3,CUT,92,Concave
247,253,White Quartz,3,CUT,60,Faceted
247,253,White Quartz,6,WEIGHT,3585,10 ct.
247,253,White Quartz,6,WEIGHT,3552,12 ct.
247,253,White Quartz,6,WEIGHT,4509,14 ct.
247,253,White Quartz,6,WEIGHT,3553,16 ct.
247,253,White Quartz,6,WEIGHT,4507,18 ct.
247,253,White Quartz,6,WEIGHT,3554,20 ct.
247,253,White Quartz,6,WEIGHT,3606,22 ct.
247,253,White Quartz,6,WEIGHT,4501,24 ct.
247,253,White Quartz,6,WEIGHT,4454,25 ct.
247,253,White Quartz,6,WEIGHT,4510,28 ct.
247,253,White Quartz,6,WEIGHT,4383,30 ct.
247,253,White Quartz,6,WEIGHT,4829,32 ct.
247,253,White Quartz,6,WEIGHT,3548,7 ct.
247,253,White Quartz,6,WEIGHT,3593,8 ct.
247,253,White Quartz,7,SIZE,6551,12 mm
247,253,White Quartz,7,SIZE,7456,12 x 8 mm
247,253,White Quartz,7,SIZE,6272,14 mm
247,253,White Quartz,7,SIZE,7331,14 x 10 mm
247,253,White Quartz,7,SIZE,6565,15x10 mm
247,253,White Quartz,7,SIZE,6885,16 mm
247,253,White Quartz,7,SIZE,7431,16 x 14 mm
247,253,White Quartz,7,SIZE,6553,16x12 mm
247,253,White Quartz,7,SIZE,9645,18 x 18 mm
247,253,White Quartz,7,SIZE,6554,18x13 mm
247,253,White Quartz,7,SIZE,6555,20x15 mm
247,253,White Quartz,7,SIZE,9835,20x20mm
247,253,White Quartz,7,SIZE,7420,22 x 16 mm
247,253,White Quartz,7,SIZE,8735,25 x 18 mm
247,253,White Quartz,7,SIZE,5884,25x20 mm
247,253,White Quartz,7,SIZE,9834,28x20 mm
247,253,White Quartz,7,SIZE,6907,30x22 mm
247,253,White Quartz,8,COLOR,7501,White
247,253,White Quartz,10,SHAPE,7695,Cushion
247,253,White Quartz,10,SHAPE,7689,Octagon
247,253,White Quartz,10,SHAPE,7666,Oval
247,253,White Quartz,10,SHAPE,7672,Pear
247,253,White Quartz,10,SHAPE,7670,Round
247,253,White Quartz,10,SHAPE,7685,Square
247,253,White Quartz,10,SHAPE,7668,Trillion
247,253,White Quartz,11,LUSTER,7917,Very Fine
247,253,White Quartz,12,HARDNESS,7934,7.0 - 7.5
247,253,White Quartz,13,GRADE,8037,AAA
247,253,White Quartz,19,NAME,8490,Quartz
250,23,Rubellite,1,TREATMENT,1,Heat Treated
250,23,Rubellite,1,TREATMENT,11,Treated
250,23,Rubellite,2,ORIGIN,42,Arizona
250,23,Rubellite,2,ORIGIN,43,Brazil
250,23,Rubellite,3,CUT,99,Carving
250,23,Rubellite,3,CUT,60,Faceted
250,23,Rubellite,4,CLARITY/GRADE,144,AAA
250,23,Rubellite,6,WEIGHT,3515,0.9 ct.
250,23,Rubellite,6,WEIGHT,3589,1.2 ct.
250,23,Rubellite,6,WEIGHT,3924,1.85 ct.
250,23,Rubellite,6,WEIGHT,3561,2 ct.
250,23,Rubellite,6,WEIGHT,4494,4.25 ct.
250,23,Rubellite,6,WEIGHT,3548,7 ct.
250,23,Rubellite,6,WEIGHT,3600,8.5 ct.
250,23,Rubellite,6,WEIGHT,3531,9 ct.
250,23,Rubellite,7,SIZE,5984,10 mm
250,23,Rubellite,7,SIZE,5920,12x10 mm
250,23,Rubellite,7,SIZE,6272,14 mm
250,23,Rubellite,7,SIZE,6558,14x12 mm
250,23,Rubellite,7,SIZE,6174,6 mm
250,23,Rubellite,7,SIZE,7289,7 x 5 mm
250,23,Rubellite,7,SIZE,6263,8 mm
250,23,Rubellite,7,SIZE,7291,9 x 7mm
250,23,Rubellite,8,COLOR,7507,Pink
250,23,Rubellite,8,COLOR,8964,Rich Ruby Red
250,23,Rubellite,10,SHAPE,7695,Cushion
250,23,Rubellite,10,SHAPE,7666,Oval
250,23,Rubellite,10,SHAPE,7670,Round
250,23,Rubellite,11,LUSTER,7918,Nice
250,23,Rubellite,11,LUSTER,8983,Very Good
250,23,Rubellite,12,HARDNESS,7942,7.0 - 7.5
250,23,Rubellite,12,HARDNESS,7934,7.0 - 7.5
250,23,Rubellite,13,GRADE,8037,AAA
250,23,Rubellite,19,NAME,8493,Rubelite Tourmaline
250,23,Rubellite,19,NAME,8491,Rubellite
250,23,Rubellite,20,DEPTH,8753,3.5 mm
250,23,Rubellite,20,DEPTH,8744,4 mm
250,23,Rubellite,22,CLARITY,8721,SI
262,23,Prasiolite (Green Amethyst),1,TREATMENT,11,Treated
262,23,Prasiolite (Green Amethyst),2,ORIGIN,21,Africa
262,23,Prasiolite (Green Amethyst),2,ORIGIN,8726,Africa
262,23,Prasiolite (Green Amethyst),3,CUT,103,Carved
262,23,Prasiolite (Green Amethyst),3,CUT,91,Checker Board
262,23,Prasiolite (Green Amethyst),3,CUT,60,Faceted
262,23,Prasiolite (Green Amethyst),4,CLARITY/GRADE,144,AAA
262,23,Prasiolite (Green Amethyst),6,WEIGHT,3524,0.75 ct.
262,23,Prasiolite (Green Amethyst),6,WEIGHT,3559,1 ct.
262,23,Prasiolite (Green Amethyst),6,WEIGHT,2434,1.25 ct.
262,23,Prasiolite (Green Amethyst),6,WEIGHT,4887,1.5 ct.
262,23,Prasiolite (Green Amethyst),6,WEIGHT,3591,1.75 ct.
262,23,Prasiolite (Green Amethyst),6,WEIGHT,3585,10 ct.
262,23,Prasiolite (Green Amethyst),6,WEIGHT,3552,12 ct.
262,23,Prasiolite (Green Amethyst),6,WEIGHT,3586,13 ct.
262,23,Prasiolite (Green Amethyst),6,WEIGHT,3929,15 ct.
262,23,Prasiolite (Green Amethyst),6,WEIGHT,4507,18 ct.
262,23,Prasiolite (Green Amethyst),6,WEIGHT,8746,18.75 ct.
262,23,Prasiolite (Green Amethyst),6,WEIGHT,3561,2 ct.
262,23,Prasiolite (Green Amethyst),6,WEIGHT,3581,2.5 ct.
262,23,Prasiolite (Green Amethyst),6,WEIGHT,3554,20 ct.
262,23,Prasiolite (Green Amethyst),6,WEIGHT,3538,3 ct.
262,23,Prasiolite (Green Amethyst),6,WEIGHT,3582,3.25 ct.
262,23,Prasiolite (Green Amethyst),6,WEIGHT,4319,3.3 ct.
262,23,Prasiolite (Green Amethyst),6,WEIGHT,3549,4 ct.
262,23,Prasiolite (Green Amethyst),6,WEIGHT,4494,4.25 ct.
262,23,Prasiolite (Green Amethyst),6,WEIGHT,3590,5 ct.
262,23,Prasiolite (Green Amethyst),6,WEIGHT,3598,5.75 ct.
262,23,Prasiolite (Green Amethyst),6,WEIGHT,3529,6 ct.
262,23,Prasiolite (Green Amethyst),6,WEIGHT,3550,6.5 ct.
262,23,Prasiolite (Green Amethyst),6,WEIGHT,3548,7 ct.
262,23,Prasiolite (Green Amethyst),6,WEIGHT,3593,8 ct.
262,23,Prasiolite (Green Amethyst),6,WEIGHT,3600,8.5 ct.
262,23,Prasiolite (Green Amethyst),6,WEIGHT,3531,9 ct.
262,23,Prasiolite (Green Amethyst),7,SIZE,5984,10 mm
262,23,Prasiolite (Green Amethyst),7,SIZE,9889,10 x 15 mm
262,23,Prasiolite (Green Amethyst),7,SIZE,5969,10 x 8 mm
262,23,Prasiolite (Green Amethyst),7,SIZE,6556,10x7 mm
262,23,Prasiolite (Green Amethyst),7,SIZE,5977,11 mm
262,23,Prasiolite (Green Amethyst),7,SIZE,7423,11 x 11 mm
262,23,Prasiolite (Green Amethyst),7,SIZE,5983,11 x 9 mm
262,23,Prasiolite (Green Amethyst),7,SIZE,6893,11x7 mm
262,23,Prasiolite (Green Amethyst),7,SIZE,6551,12 mm
262,23,Prasiolite (Green Amethyst),7,SIZE,7417,12 x 10 mm
262,23,Prasiolite (Green Amethyst),7,SIZE,7438,12 x 6 mm
262,23,Prasiolite (Green Amethyst),7,SIZE,7456,12 x 8 mm
262,23,Prasiolite (Green Amethyst),7,SIZE,5924,12x6 mm
262,23,Prasiolite (Green Amethyst),7,SIZE,9847,13x9 mm
262,23,Prasiolite (Green Amethyst),7,SIZE,6272,14 mm
262,23,Prasiolite (Green Amethyst),7,SIZE,7331,14 x 10 mm
262,23,Prasiolite (Green Amethyst),7,SIZE,7433,14 x 9 mm
262,23,Prasiolite (Green Amethyst),7,SIZE,5974,15 x 10 mm
262,23,Prasiolite (Green Amethyst),7,SIZE,7410,15 x 15 mm
262,23,Prasiolite (Green Amethyst),7,SIZE,7232,15x 7 mm
262,23,Prasiolite (Green Amethyst),7,SIZE,6885,16 mm
262,23,Prasiolite (Green Amethyst),7,SIZE,7424,16 x 12 mm
262,23,Prasiolite (Green Amethyst),7,SIZE,7330,16 x 8 mm
262,23,Prasiolite (Green Amethyst),7,SIZE,6872,16x10 mm
262,23,Prasiolite (Green Amethyst),7,SIZE,7432,18 x 13 mm
262,23,Prasiolite (Green Amethyst),7,SIZE,7434,18 x 9 mm
262,23,Prasiolite (Green Amethyst),7,SIZE,6864,18x10 mm
262,23,Prasiolite (Green Amethyst),7,SIZE,7451,20 x 12 mm
262,23,Prasiolite (Green Amethyst),7,SIZE,7329,20 x 15 mm
262,23,Prasiolite (Green Amethyst),7,SIZE,6873,20x10 mm
262,23,Prasiolite (Green Amethyst),7,SIZE,7332,25 x 15 mm
262,23,Prasiolite (Green Amethyst),7,SIZE,6905,25x18 mm
262,23,Prasiolite (Green Amethyst),7,SIZE,5884,25x20 mm
262,23,Prasiolite (Green Amethyst),7,SIZE,6875,28x9 mm
262,23,Prasiolite (Green Amethyst),7,SIZE,6938,30x10 mm
262,23,Prasiolite (Green Amethyst),7,SIZE,6863,30x15 mm
262,23,Prasiolite (Green Amethyst),7,SIZE,7301,8 x 5 mm
262,23,Prasiolite (Green Amethyst),7,SIZE,7290,8 x 6 mm
262,23,Prasiolite (Green Amethyst),7,SIZE,7300,9 x 7 mm
262,23,Prasiolite (Green Amethyst),7,SIZE,7428,9 x 9 mm
262,23,Prasiolite (Green Amethyst),8,COLOR,7481,Green
262,23,Prasiolite (Green Amethyst),8,COLOR,7506,Violet
262,23,Prasiolite (Green Amethyst),10,SHAPE,7827,Antique Cushion
262,23,Prasiolite (Green Amethyst),10,SHAPE,7814,Briolette
262,23,Prasiolite (Green Amethyst),10,SHAPE,7831,Drop
262,23,Prasiolite (Green Amethyst),10,SHAPE,7694,Long Cushion
262,23,Prasiolite (Green Amethyst),10,SHAPE,7684,Marquise
262,23,Prasiolite (Green Amethyst),10,SHAPE,7689,Octagon
262,23,Prasiolite (Green Amethyst),10,SHAPE,7666,Oval
262,23,Prasiolite (Green Amethyst),10,SHAPE,7672,Pear
262,23,Prasiolite (Green Amethyst),10,SHAPE,7670,Round
262,23,Prasiolite (Green Amethyst),10,SHAPE,7668,Trillion
262,23,Prasiolite (Green Amethyst),11,LUSTER,7929,Fair
262,23,Prasiolite (Green Amethyst),11,LUSTER,7915,Fine
262,23,Prasiolite (Green Amethyst),11,LUSTER,7918,Nice
262,23,Prasiolite (Green Amethyst),12,HARDNESS,7933,7
262,23,Prasiolite (Green Amethyst),12,HARDNESS,7947,8
262,23,Prasiolite (Green Amethyst),13,GRADE,8037,AAA
262,23,Prasiolite (Green Amethyst),19,NAME,8398,Amethyst
262,23,Prasiolite (Green Amethyst),20,DEPTH,8521,5 mm
262,23,Prasiolite (Green Amethyst),20,DEPTH,8523,6 mm
262,23,Prasiolite (Green Amethyst),20,DEPTH,8544,7 mm
262,23,Prasiolite (Green Amethyst),20,DEPTH,8745,8 mm
262,23,Prasiolite (Green Amethyst),22,CLARITY,8722,Frosted
262,23,Prasiolite (Green Amethyst),22,CLARITY,8721,SI
265,264,Anniversary,1,TREATMENT,13,Color Treated
265,264,Anniversary,1,TREATMENT,10,N/A
265,264,Anniversary,1,TREATMENT,6,Natural
265,264,Anniversary,2,ORIGIN,21,Africa
265,264,Anniversary,3,CUT,65,Brilliant
265,264,Anniversary,3,CUT,8773,Very Good
265,264,Anniversary,4,CLARITY/GRADE,127,SI
265,264,Anniversary,4,CLARITY/GRADE,128,VS1
265,264,Anniversary,5,METAL/MATERIAL,214,14k Gold
265,264,Anniversary,5,METAL/MATERIAL,222,14k White or Yellow Gold
265,264,Anniversary,5,METAL/MATERIAL,205,18k Gold
265,264,Anniversary,5,METAL/MATERIAL,204,18k White Gold
265,264,Anniversary,5,METAL/MATERIAL,210,Rose Gold
265,264,Anniversary,6,WEIGHT,3643,0.10 ct.
265,264,Anniversary,6,WEIGHT,3614,0.17 ct.
265,264,Anniversary,6,WEIGHT,3645,0.26 ct.
265,264,Anniversary,6,WEIGHT,1478,0.69 ct.
265,264,Anniversary,6,WEIGHT,3499,1 Carat TW
265,264,Anniversary,6,WEIGHT,2199,1.35 Grams
265,264,Anniversary,6,WEIGHT,2931,1.5 Grams
265,264,Anniversary,6,WEIGHT,9284,1.71 Grams
265,264,Anniversary,6,WEIGHT,2128,1.9 Grams
265,264,Anniversary,6,WEIGHT,1444,2.03 Grams
265,264,Anniversary,6,WEIGHT,1575,4.06 Grams
265,264,Anniversary,7,SIZE,9872,2.2 cm
265,264,Anniversary,7,SIZE,9873,2.5 cm
265,264,Anniversary,7,SIZE,5914,N/A
265,264,Anniversary,8,COLOR,7503,Black
265,264,Anniversary,8,COLOR,7459,Blue
265,264,Anniversary,8,COLOR,7536,G/H
265,264,Anniversary,8,COLOR,7518,GH
265,264,Anniversary,10,SHAPE,7691,Baguette
265,264,Anniversary,10,SHAPE,7670,Round
265,264,Anniversary,13,GRADE,8037,AAA
265,264,Anniversary,13,GRADE,8048,I1
265,264,Anniversary,14,NUMBER OF STONES,8079,1
265,264,Anniversary,14,NUMBER OF STONES,8088,3
265,264,Anniversary,14,NUMBER OF STONES,8081,N/A
265,264,Anniversary,15,RING SIZE,9253,7 - 7.5
265,264,Anniversary,15,RING SIZE,8136,7.5
265,264,Anniversary,16,<b>CENTER STONE</b>,8158,&nbsp;
265,264,Anniversary,17,SUGGESTED SHAPE,8170,Round
265,264,Anniversary,18,SUGGESTED SIZE,8230,5-6 mm
265,264,Anniversary,19,NAME,8410,Diamond
265,264,Anniversary,19,NAME,8414,White Diamonds
265,264,Anniversary,22,CLARITY,8586,Opaque
265,264,Anniversary,22,CLARITY,8589,VS
265,264,Anniversary,23,ITEM,8609,Diamond Ring
265,264,Anniversary,23,ITEM,8608,Diamond Semi-mounting
265,264,Anniversary,23,ITEM,8600,Pendant
265,264,Anniversary,23,ITEM,8832,Ring and Earring
265,264,Anniversary,23,ITEM,9869,Three stone pendant
265,264,Anniversary,26,<b>DIAMOND INFO</b>,8810,
265,264,Anniversary,26,<b>DIAMOND INFO</b>,8811,&nbsp;&nbsp;
265,264,Anniversary,29,WIDTH,9259,1.5 mm
265,264,Anniversary,35,<b>TOTAL WEIGHT</b>,9321,0.26 ct.
265,264,Anniversary,35,<b>TOTAL WEIGHT</b>,9877,1 ct
265,264,Anniversary,35,<b>TOTAL WEIGHT</b>,9878,2 ct.
268,264,Thanksgiving Jewelry,1,TREATMENT,6,Natural
268,264,Thanksgiving Jewelry,2,ORIGIN,21,Africa
268,264,Thanksgiving Jewelry,3,CUT,8773,Very Good
268,264,Thanksgiving Jewelry,5,METAL/MATERIAL,204,18k White Gold
268,264,Thanksgiving Jewelry,6,WEIGHT,3645,0.26 ct.
268,264,Thanksgiving Jewelry,6,WEIGHT,9284,1.71 Grams
268,264,Thanksgiving Jewelry,8,COLOR,7536,G/H
268,264,Thanksgiving Jewelry,10,SHAPE,7691,Baguette
268,264,Thanksgiving Jewelry,15,RING SIZE,9253,7 - 7.5
268,264,Thanksgiving Jewelry,22,CLARITY,8589,VS
268,264,Thanksgiving Jewelry,23,ITEM,8609,Diamond Ring
268,264,Thanksgiving Jewelry,26,<b>DIAMOND INFO</b>,8810,
268,264,Thanksgiving Jewelry,29,WIDTH,9259,1.5 mm
268,264,Thanksgiving Jewelry,35,<b>TOTAL WEIGHT</b>,9321,0.26 ct.
273,271,Gemstone Silver Pendants,1,TREATMENT,1,Heat Treated
273,271,Gemstone Silver Pendants,1,TREATMENT,11,Treated
273,271,Gemstone Silver Pendants,2,ORIGIN,25,Columbia
273,271,Gemstone Silver Pendants,2,ORIGIN,27,Russia
273,271,Gemstone Silver Pendants,3,CUT,60,Faceted
273,271,Gemstone Silver Pendants,4,CLARITY/GRADE,144,AAA
273,271,Gemstone Silver Pendants,5,METAL/MATERIAL,214,14k Gold
273,271,Gemstone Silver Pendants,5,METAL/MATERIAL,224,Sterling Silver
273,271,Gemstone Silver Pendants,6,WEIGHT,3524,0.75 ct.
273,271,Gemstone Silver Pendants,6,WEIGHT,3905,1.0 Carat/s approx.
273,271,Gemstone Silver Pendants,6,WEIGHT,2142,2.0 Grams
273,271,Gemstone Silver Pendants,6,WEIGHT,3904,2.0 Grams approx.
273,271,Gemstone Silver Pendants,7,SIZE,6193,10
273,271,Gemstone Silver Pendants,7,SIZE,6608,2.0x1.5  cm
273,271,Gemstone Silver Pendants,7,SIZE,6076,5 mm
273,271,Gemstone Silver Pendants,7,SIZE,5914,N/A
273,271,Gemstone Silver Pendants,8,COLOR,7481,Green
273,271,Gemstone Silver Pendants,10,SHAPE,7768,Fancy
273,271,Gemstone Silver Pendants,10,SHAPE,7670,Round
273,271,Gemstone Silver Pendants,14,NUMBER OF STONES,8079,1
273,271,Gemstone Silver Pendants,14,NUMBER OF STONES,8081,N/A
273,271,Gemstone Silver Pendants,19,NAME,8409,Chrome Diopside
273,271,Gemstone Silver Pendants,19,NAME,8401,Emerald
273,271,Gemstone Silver Pendants,23,ITEM,8600,Pendant
286,23,Simulated Gemstones,3,CUT,8773,Very Good
286,23,Simulated Gemstones,6,WEIGHT,4178,N/A
286,23,Simulated Gemstones,7,SIZE,6551,12 mm
286,23,Simulated Gemstones,8,COLOR,7546,Multi Color
286,23,Simulated Gemstones,19,NAME,9608,Titanic Heart
286,23,Simulated Gemstones,23,ITEM,8632,STONE
292,92,Cabochon Sky Blue Topaz,1,TREATMENT,11,Treated
292,92,Cabochon Sky Blue Topaz,2,ORIGIN,43,Brazil
292,92,Cabochon Sky Blue Topaz,3,CUT,61,Cabochon
292,92,Cabochon Sky Blue Topaz,4,CLARITY/GRADE,144,AAA
292,92,Cabochon Sky Blue Topaz,6,WEIGHT,3547,0.4 ct.
292,92,Cabochon Sky Blue Topaz,6,WEIGHT,3580,0.7 ct.
292,92,Cabochon Sky Blue Topaz,6,WEIGHT,2434,1.25 ct.
292,92,Cabochon Sky Blue Topaz,6,WEIGHT,3561,2 ct.
292,92,Cabochon Sky Blue Topaz,6,WEIGHT,3581,2.5 ct.
292,92,Cabochon Sky Blue Topaz,6,WEIGHT,3584,3.5 ct.
292,92,Cabochon Sky Blue Topaz,7,SIZE,5996,10x8 mm
292,92,Cabochon Sky Blue Topaz,7,SIZE,6535,5x3 mm
292,92,Cabochon Sky Blue Topaz,7,SIZE,6537,6x4 mm
292,92,Cabochon Sky Blue Topaz,7,SIZE,6538,7x5 mm
292,92,Cabochon Sky Blue Topaz,7,SIZE,6060,8x6 mm
292,92,Cabochon Sky Blue Topaz,7,SIZE,6043,9x7 mm
292,92,Cabochon Sky Blue Topaz,8,COLOR,7607,Swiss blue
292,92,Cabochon Sky Blue Topaz,10,SHAPE,7666,Oval
292,92,Cabochon Sky Blue Topaz,11,LUSTER,7925,Very Nice
292,92,Cabochon Sky Blue Topaz,12,HARDNESS,7947,8
292,92,Cabochon Sky Blue Topaz,19,NAME,8431,Topaz
294,132,Diamond Fashion Pendants,3,CUT,65,Brilliant
294,132,Diamond Fashion Pendants,5,METAL/MATERIAL,205,18k Gold
294,132,Diamond Fashion Pendants,6,WEIGHT,3533,0.09 ct.
294,132,Diamond Fashion Pendants,6,WEIGHT,2930,1 Grams
294,132,Diamond Fashion Pendants,7,SIZE,9142,15 x 16 mm
294,132,Diamond Fashion Pendants,7,SIZE,9049,22 x 10 mm
294,132,Diamond Fashion Pendants,7,SIZE,6862,22x12 mm
294,132,Diamond Fashion Pendants,7,SIZE,9145,23 x 11 mm
294,132,Diamond Fashion Pendants,7,SIZE,9137,23 x 8 mm
294,132,Diamond Fashion Pendants,7,SIZE,9144,23 x 9 mm
294,132,Diamond Fashion Pendants,7,SIZE,6939,24x10 mm
294,132,Diamond Fashion Pendants,7,SIZE,9149,25 x 10 mm
294,132,Diamond Fashion Pendants,7,SIZE,8729,25 x 12 mm
294,132,Diamond Fashion Pendants,7,SIZE,9138,26 x 9 mm
294,132,Diamond Fashion Pendants,7,SIZE,9136,28 x13 mm
294,132,Diamond Fashion Pendants,7,SIZE,9154,29 x 12 mm
294,132,Diamond Fashion Pendants,7,SIZE,6938,30x10 mm
294,132,Diamond Fashion Pendants,8,COLOR,7536,G/H
294,132,Diamond Fashion Pendants,19,NAME,8410,Diamond
294,132,Diamond Fashion Pendants,22,CLARITY,8589,VS
294,132,Diamond Fashion Pendants,23,ITEM,8600,Pendant
294,132,Diamond Fashion Pendants,26,<b>DIAMOND INFO</b>,8810,
